E_eV,E_minus_Ef,total_dos,Li,P,S,Cl,O,Nd
-42.1760,-46.0070,496000.00000,494809.60383,199.75900,212.50307,521.38352,700.20340,0.02259
-42.1660,-45.9970,0.00000,0.00000,0.00000,0.00000,0.00000,0.00000,0.00000
-42.1560,-45.9870,0.00000,0.00000,0.00000,0.00000,0.00000,0.00000,0.00000
-42.1460,-45.9770,0.00000,0.00000,0.00000,0.00000,0.00000,0.00000,0.00000
-42.1360,-45.9670,0.00000,0.00000,0.00000,0.00000,0.00000,0.00000,0.00000
-42.1260,-45.9570,0.00000,0.00000,0.00000,0.00000,0.00000,0.00000,0.00000
-42.1160,-45.9470,0.00000,0.00000,0.00000,0.00000,0.00000,0.00000,0.00000
-42.1060,-45.9370,0.00000,0.00000,0.00000,0.00000,0.00000,0.00000,0.00000
-42.0960,-45.9270,0.00000,0.00000,0.00000,0.00000,0.00000,0.00000,0.00000
-42.0860,-45.9170,0.00000,0.00000,0.00000,0.00000,0.00000,0.00000,0.00000
-42.0760,-45.9070,0.00000,0.00000,0.00000,0.00000,0.00000,0.00000,0.00000
-42.0660,-45.8970,0.00000,0.00000,0.00000,0.00000,0.00000,0.00000,0.00000
-42.0560,-45.8870,0.00000,0.00000,0.00000,0.00000,0.00000,0.00000,0.00000
-42.0460,-45.8770,0.00000,0.00000,0.00000,0.00000,0.00000,0.00000,0.00000
-42.0360,-45.8670,0.00000,0.00000,0.00000,0.00000,0.00000,0.00000,0.00000
-42.0260,-45.8570,0.00000,0.00000,0.00000,0.00000,0.00000,0.00000,0.00000
-42.0160,-45.8470,0.00000,0.00000,0.00000,0.00000,0.00000,0.00000,0.00000
-42.0060,-45.8370,0.00000,0.00000,0.00000,0.00000,0.00000,0.00000,0.00000
-41.9960,-45.8270,0.00000,0.00000,0.00000,0.00000,0.00000,0.00000,0.00000
-41.9860,-45.8170,0.00000,0.00000,0.00000,0.00000,0.00000,0.00000,0.00000
-41.9760,-45.8070,0.00000,0.00000,0.00000,0.00000,0.00000,0.00000,0.00000
-41.9660,-45.7970,0.00000,0.00000,0.00000,0.00000,0.00000,0.00000,0.00000
-41.9560,-45.7870,0.00000,0.00000,0.00000,0.00000,0.00000,0.00000,0.00000
-41.9460,-45.7770,0.00000,0.00000,0.00000,0.00000,0.00000,0.00000,0.00000
-41.9360,-45.7670,0.00000,0.00000,0.00000,0.00000,0.00000,0.00000,0.00000
-41.9260,-45.7570,0.00000,0.00000,0.00000,0.00000,0.00000,0.00000,0.00000
-41.9160,-45.7470,0.00000,0.00000,0.00000,0.00000,0.00000,0.00000,0.00000
-41.9060,-45.7370,0.00000,0.00000,0.00000,0.00000,0.00000,0.00000,0.00000
-41.8960,-45.7270,0.00000,0.00000,0.00000,0.00000,0.00000,0.00000,0.00000
-41.8860,-45.7170,0.00000,0.00000,0.00000,0.00000,0.00000,0.00000,0.00000
-41.8760,-45.7070,0.00000,0.00000,0.00000,0.00000,0.00000,0.00000,0.00000
-41.8660,-45.6970,0.00000,0.00000,0.00000,0.00000,0.00000,0.00000,0.00000
-41.8560,-45.6870,0.00000,0.00000,0.00000,0.00000,0.00000,0.00000,0.00000
-41.8460,-45.6770,0.00000,0.00000,0.00000,0.00000,0.00000,0.00000,0.00000
-41.8360,-45.6670,0.00000,0.00000,0.00000,0.00000,0.00000,0.00000,0.00000
-41.8260,-45.6570,0.00000,0.00000,0.00000,0.00000,0.00000,0.00000,0.00000
-41.8160,-45.6470,0.00000,0.00000,0.00000,0.00000,0.00000,0.00000,0.00000
-41.8060,-45.6370,0.00000,0.00000,0.00000,0.00000,0.00000,0.00000,0.00000
-41.7960,-45.6270,0.00000,0.00000,0.00000,0.00000,0.00000,0.00000,0.00000
-41.7860,-45.6170,0.00000,0.00000,0.00000,0.00000,0.00000,0.00000,0.00000
-41.7760,-45.6070,0.00000,0.00000,0.00000,0.00000,0.00000,0.00000,0.00000
-41.7660,-45.5970,0.00000,0.00000,0.00000,0.00000,0.00000,0.00000,0.00000
-41.7560,-45.5870,0.00000,0.00000,0.00000,0.00000,0.00000,0.00000,0.00000
-41.7460,-45.5770,0.00000,0.00000,0.00000,0.00000,0.00000,0.00000,0.00000
-41.7360,-45.5670,0.00000,0.00000,0.00000,0.00000,0.00000,0.00000,0.00000
-41.7260,-45.5570,0.00000,0.00000,0.00000,0.00000,0.00000,0.00000,0.00000
-41.7160,-45.5470,0.00000,0.00000,0.00000,0.00000,0.00000,0.00000,0.00000
-41.7060,-45.5370,0.00000,0.00000,0.00000,0.00000,0.00000,0.00000,0.00000
-41.6960,-45.5270,0.00000,0.00000,0.00000,0.00000,0.00000,0.00000,0.00000
-41.6860,-45.5170,0.00000,0.00000,0.00000,0.00000,0.00000,0.00000,0.00000
-41.6760,-45.5070,0.00000,0.00000,0.00000,0.00000,0.00000,0.00000,0.00000
-41.6660,-45.4970,0.00000,0.00000,0.00000,0.00000,0.00000,0.00000,0.00000
-41.6560,-45.4870,0.00000,0.00000,0.00000,0.00000,0.00000,0.00000,0.00000
-41.6460,-45.4770,0.00000,0.00000,0.00000,0.00000,0.00000,0.00000,0.00000
-41.6360,-45.4670,0.00000,0.00000,0.00000,0.00000,0.00000,0.00000,0.00000
-41.6260,-45.4570,0.00000,0.00000,0.00000,0.00000,0.00000,0.00000,0.00000
-41.6160,-45.4470,0.00000,0.00000,0.00000,0.00000,0.00000,0.00000,0.00000
-41.6060,-45.4370,0.00000,0.00000,0.00000,0.00000,0.00000,0.00000,0.00000
-41.5960,-45.4270,0.00000,0.00000,0.00000,0.00000,0.00000,0.00000,0.00000
-41.5860,-45.4170,0.00000,0.00000,0.00000,0.00000,0.00000,0.00000,0.00000
-41.5760,-45.4070,0.00000,0.00000,0.00000,0.00000,0.00000,0.00000,0.00000
-41.5660,-45.3970,0.00000,0.00000,0.00000,0.00000,0.00000,0.00000,0.00000
-41.5560,-45.3870,0.00000,0.00000,0.00000,0.00000,0.00000,0.00000,0.00000
-41.5460,-45.3770,0.00000,0.00000,0.00000,0.00000,0.00000,0.00000,0.00000
-41.5360,-45.3670,0.00000,0.00000,0.00000,0.00000,0.00000,0.00000,0.00000
-41.5260,-45.3570,0.00000,0.00000,0.00000,0.00000,0.00000,0.00000,0.00000
-41.5160,-45.3470,0.00000,0.00000,0.00000,0.00000,0.00000,0.00000,0.00000
-41.5060,-45.3370,0.00000,0.00000,0.00000,0.00000,0.00000,0.00000,0.00000
-41.4960,-45.3270,0.00000,0.00000,0.00000,0.00000,0.00000,0.00000,0.00000
-41.4860,-45.3170,0.00000,0.00000,0.00000,0.00000,0.00000,0.00000,0.00000
-41.4760,-45.3070,0.00000,0.00000,0.00000,0.00000,0.00000,0.00000,0.00000
-41.4660,-45.2970,0.00000,0.00000,0.00000,0.00000,0.00000,0.00000,0.00000
-41.4560,-45.2870,0.00000,0.00000,0.00000,0.00000,0.00000,0.00000,0.00000
-41.4460,-45.2770,0.00000,0.00000,0.00000,0.00000,0.00000,0.00000,0.00000
-41.4360,-45.2670,0.00000,0.00000,0.00000,0.00000,0.00000,0.00000,0.00000
-41.4260,-45.2570,0.00000,0.00000,0.00000,0.00000,0.00000,0.00000,0.00000
-41.4160,-45.2470,0.00000,0.00000,0.00000,0.00000,0.00000,0.00000,0.00000
-41.4060,-45.2370,0.00000,0.00000,0.00000,0.00000,0.00000,0.00000,0.00000
-41.3960,-45.2270,0.00000,0.00000,0.00000,0.00000,0.00000,0.00000,0.00000
-41.3860,-45.2170,0.00000,0.00000,0.00000,0.00000,0.00000,0.00000,0.00000
-41.3760,-45.2070,0.00000,0.00000,0.00000,0.00000,0.00000,0.00000,0.00000
-41.3660,-45.1970,0.00000,0.00000,0.00000,0.00000,0.00000,0.00000,0.00000
-41.3560,-45.1870,0.00000,0.00000,0.00000,0.00000,0.00000,0.00000,0.00000
-41.3460,-45.1770,0.00000,0.00000,0.00000,0.00000,0.00000,0.00000,0.00000
-41.3360,-45.1670,0.00000,0.00000,0.00000,0.00000,0.00000,0.00000,0.00000
-41.3260,-45.1570,0.00000,0.00000,0.00000,0.00000,0.00000,0.00000,0.00000
-41.3160,-45.1470,0.00000,0.00000,0.00000,0.00000,0.00000,0.00000,0.00000
-41.3060,-45.1370,0.00000,0.00000,0.00000,0.00000,0.00000,0.00000,0.00000
-41.2960,-45.1270,0.00000,0.00000,0.00000,0.00000,0.00000,0.00000,0.00000
-41.2860,-45.1170,0.00000,0.00000,0.00000,0.00000,0.00000,0.00000,0.00000
-41.2760,-45.1070,0.00000,0.00000,0.00000,0.00000,0.00000,0.00000,0.00000
-41.2660,-45.0970,0.00000,0.00000,0.00000,0.00000,0.00000,0.00000,0.00000
-41.2560,-45.0870,0.00000,0.00000,0.00000,0.00000,0.00000,0.00000,0.00000
-41.2460,-45.0770,0.00000,0.00000,0.00000,0.00000,0.00000,0.00000,0.00000
-41.2360,-45.0670,0.00000,0.00000,0.00000,0.00000,0.00000,0.00000,0.00000
-41.2260,-45.0570,0.00000,0.00000,0.00000,0.00000,0.00000,0.00000,0.00000
-41.2160,-45.0470,0.00000,0.00000,0.00000,0.00000,0.00000,0.00000,0.00000
-41.2060,-45.0370,0.00000,0.00000,0.00000,0.00000,0.00000,0.00000,0.00000
-41.1960,-45.0270,0.00000,0.00000,0.00000,0.00000,0.00000,0.00000,0.00000
-41.1860,-45.0170,0.00000,0.00000,0.00000,0.00000,0.00000,0.00000,0.00000
-41.1760,-45.0070,0.00000,0.00000,0.00000,0.00000,0.00000,0.00000,0.00000
-41.1660,-44.9970,0.00000,0.00000,0.00000,0.00000,0.00000,0.00000,0.00000
-41.1560,-44.9870,0.00000,0.00000,0.00000,0.00000,0.00000,0.00000,0.00000
-41.1460,-44.9770,0.00000,0.00000,0.00000,0.00000,0.00000,0.00000,0.00000
-41.1360,-44.9670,0.00000,0.00000,0.00000,0.00000,0.00000,0.00000,0.00000
-41.1260,-44.9570,0.00000,0.00000,0.00000,0.00000,0.00000,0.00000,0.00000
-41.1160,-44.9470,0.00000,0.00000,0.00000,0.00000,0.00000,0.00000,0.00000
-41.1060,-44.9370,0.00000,0.00000,0.00000,0.00000,0.00000,0.00000,0.00000
-41.0960,-44.9270,0.00000,0.00000,0.00000,0.00000,0.00000,0.00000,0.00000
-41.0860,-44.9170,0.00000,0.00000,0.00000,0.00000,0.00000,0.00000,0.00000
-41.0760,-44.9070,0.00000,0.00000,0.00000,0.00000,0.00000,0.00000,0.00000
-41.0660,-44.8970,0.00000,0.00000,0.00000,0.00000,0.00000,0.00000,0.00000
-41.0560,-44.8870,0.00000,0.00000,0.00000,0.00000,0.00000,0.00000,0.00000
-41.0460,-44.8770,0.00000,0.00000,0.00000,0.00000,0.00000,0.00000,0.00000
-41.0360,-44.8670,0.00000,0.00000,0.00000,0.00000,0.00000,0.00000,0.00000
-41.0260,-44.8570,0.00000,0.00000,0.00000,0.00000,0.00000,0.00000,0.00000
-41.0160,-44.8470,0.00000,0.00000,0.00000,0.00000,0.00000,0.00000,0.00000
-41.0060,-44.8370,0.00000,0.00000,0.00000,0.00000,0.00000,0.00000,0.00000
-40.9960,-44.8270,0.00000,0.00000,0.00000,0.00000,0.00000,0.00000,0.00000
-40.9860,-44.8170,0.00000,0.00000,0.00000,0.00000,0.00000,0.00000,0.00000
-40.9760,-44.8070,0.00000,0.00000,0.00000,0.00000,0.00000,0.00000,0.00000
-40.9660,-44.7970,0.00000,0.00000,0.00000,0.00000,0.00000,0.00000,0.00000
-40.9560,-44.7870,0.00000,0.00000,0.00000,0.00000,0.00000,0.00000,0.00000
-40.9460,-44.7770,0.00000,0.00000,0.00000,0.00000,0.00000,0.00000,0.00000
-40.9360,-44.7670,0.00000,0.00000,0.00000,0.00000,0.00000,0.00000,0.00000
-40.9260,-44.7570,0.00000,0.00000,0.00000,0.00000,0.00000,0.00000,0.00000
-40.9160,-44.7470,0.00000,0.00000,0.00000,0.00000,0.00000,0.00000,0.00000
-40.9060,-44.7370,0.00000,0.00000,0.00000,0.00000,0.00000,0.00000,0.00000
-40.8960,-44.7270,0.00000,0.00000,0.00000,0.00000,0.00000,0.00000,0.00000
-40.8860,-44.7170,0.00000,0.00000,0.00000,0.00000,0.00000,0.00000,0.00000
-40.8760,-44.7070,0.00000,0.00000,0.00000,0.00000,0.00000,0.00000,0.00000
-40.8660,-44.6970,0.00000,0.00000,0.00000,0.00000,0.00000,0.00000,0.00000
-40.8560,-44.6870,0.00000,0.00000,0.00000,0.00000,0.00000,0.00000,0.00000
-40.8460,-44.6770,0.00000,0.00000,0.00000,0.00000,0.00000,0.00000,0.00000
-40.8360,-44.6670,0.00000,0.00000,0.00000,0.00000,0.00000,0.00000,0.00000
-40.8260,-44.6570,0.00000,0.00000,0.00000,0.00000,0.00000,0.00000,0.00000
-40.8160,-44.6470,0.00000,0.00000,0.00000,0.00000,0.00000,0.00000,0.00000
-40.8060,-44.6370,0.00000,0.00000,0.00000,0.00000,0.00000,0.00000,0.00000
-40.7960,-44.6270,0.00000,0.00000,0.00000,0.00000,0.00000,0.00000,0.00000
-40.7860,-44.6170,0.00000,0.00000,0.00000,0.00000,0.00000,0.00000,0.00000
-40.7760,-44.6070,0.00000,0.00000,0.00000,0.00000,0.00000,0.00000,0.00000
-40.7660,-44.5970,0.00000,0.00000,0.00000,0.00000,0.00000,0.00000,0.00000
-40.7560,-44.5870,0.00000,0.00000,0.00000,0.00000,0.00000,0.00000,0.00000
-40.7460,-44.5770,0.00000,0.00000,0.00000,0.00000,0.00000,0.00000,0.00000
-40.7360,-44.5670,0.00000,0.00000,0.00000,0.00000,0.00000,0.00000,0.00000
-40.7260,-44.5570,0.00000,0.00000,0.00000,0.00000,0.00000,0.00000,0.00000
-40.7160,-44.5470,0.00000,0.00000,0.00000,0.00000,0.00000,0.00000,0.00000
-40.7060,-44.5370,0.00000,0.00000,0.00000,0.00000,0.00000,0.00000,0.00000
-40.6960,-44.5270,0.00000,0.00000,0.00000,0.00000,0.00000,0.00000,0.00000
-40.6860,-44.5170,0.00000,0.00000,0.00000,0.00000,0.00000,0.00000,0.00000
-40.6760,-44.5070,0.00000,0.00000,0.00000,0.00000,0.00000,0.00000,0.00000
-40.6660,-44.4970,0.00000,0.00000,0.00000,0.00000,0.00000,0.00000,0.00000
-40.6560,-44.4870,0.00000,0.00000,0.00000,0.00000,0.00000,0.00000,0.00000
-40.6460,-44.4770,0.00000,0.00000,0.00000,0.00000,0.00000,0.00000,0.00000
-40.6360,-44.4670,0.00000,0.00000,0.00000,0.00000,0.00000,0.00000,0.00000
-40.6260,-44.4570,0.00000,0.00000,0.00000,0.00000,0.00000,0.00000,0.00000
-40.6160,-44.4470,0.00000,0.00000,0.00000,0.00000,0.00000,0.00000,0.00000
-40.6060,-44.4370,0.00000,0.00000,0.00000,0.00000,0.00000,0.00000,0.00000
-40.5960,-44.4270,0.00000,0.00000,0.00000,0.00000,0.00000,0.00000,0.00000
-40.5860,-44.4170,0.00000,0.00000,0.00000,0.00000,0.00000,0.00000,0.00000
-40.5760,-44.4070,0.00000,0.00000,0.00000,0.00000,0.00000,0.00000,0.00000
-40.5660,-44.3970,0.00000,0.00000,0.00000,0.00000,0.00000,0.00000,0.00000
-40.5560,-44.3870,0.00000,0.00000,0.00000,0.00000,0.00000,0.00000,0.00000
-40.5460,-44.3770,0.00000,0.00000,0.00000,0.00000,0.00000,0.00000,0.00000
-40.5360,-44.3670,0.00000,0.00000,0.00000,0.00000,0.00000,0.00000,0.00000
-40.5260,-44.3570,0.00000,0.00000,0.00000,0.00000,0.00000,0.00000,0.00000
-40.5160,-44.3470,0.00000,0.00000,0.00000,0.00000,0.00000,0.00000,0.00000
-40.5060,-44.3370,0.00000,0.00000,0.00000,0.00000,0.00000,0.00000,0.00000
-40.4960,-44.3270,0.00000,0.00000,0.00000,0.00000,0.00000,0.00000,0.00000
-40.4860,-44.3170,0.00000,0.00000,0.00000,0.00000,0.00000,0.00000,0.00000
-40.4760,-44.3070,0.00000,0.00000,0.00000,0.00000,0.00000,0.00000,0.00000
-40.4660,-44.2970,0.00000,0.00000,0.00000,0.00000,0.00000,0.00000,0.00000
-40.4560,-44.2870,0.00000,0.00000,0.00000,0.00000,0.00000,0.00000,0.00000
-40.4460,-44.2770,0.00000,0.00000,0.00000,0.00000,0.00000,0.00000,0.00000
-40.4360,-44.2670,0.00000,0.00000,0.00000,0.00000,0.00000,0.00000,0.00000
-40.4260,-44.2570,0.00000,0.00000,0.00000,0.00000,0.00000,0.00000,0.00000
-40.4160,-44.2470,0.00000,0.00000,0.00000,0.00000,0.00000,0.00000,0.00000
-40.4060,-44.2370,0.00000,0.00000,0.00000,0.00000,0.00000,0.00000,0.00000
-40.3960,-44.2270,0.00000,0.00000,0.00000,0.00000,0.00000,0.00000,0.00000
-40.3860,-44.2170,0.00000,0.00000,0.00000,0.00000,0.00000,0.00000,0.00000
-40.3760,-44.2070,0.00000,0.00000,0.00000,0.00000,0.00000,0.00000,0.00000
-40.3660,-44.1970,0.00000,0.00000,0.00000,0.00000,0.00000,0.00000,0.00000
-40.3560,-44.1870,0.00000,0.00000,0.00000,0.00000,0.00000,0.00000,0.00000
-40.3460,-44.1770,0.00000,0.00000,0.00000,0.00000,0.00000,0.00000,0.00000
-40.3360,-44.1670,0.00000,0.00000,0.00000,0.00000,0.00000,0.00000,0.00000
-40.3260,-44.1570,0.00000,0.00000,0.00000,0.00000,0.00000,0.00000,0.00000
-40.3160,-44.1470,0.00000,0.00000,0.00000,0.00000,0.00000,0.00000,0.00000
-40.3060,-44.1370,0.00000,0.00000,0.00000,0.00000,0.00000,0.00000,0.00000
-40.2960,-44.1270,0.00000,0.00000,0.00000,0.00000,0.00000,0.00000,0.00000
-40.2860,-44.1170,0.00000,0.00000,0.00000,0.00000,0.00000,0.00000,0.00000
-40.2760,-44.1070,0.00000,0.00000,0.00000,0.00000,0.00000,0.00000,0.00000
-40.2660,-44.0970,0.00000,0.00000,0.00000,0.00000,0.00000,0.00000,0.00000
-40.2560,-44.0870,0.00000,0.00000,0.00000,0.00000,0.00000,0.00000,0.00000
-40.2460,-44.0770,0.00000,0.00000,0.00000,0.00000,0.00000,0.00000,0.00000
-40.2360,-44.0670,0.00000,0.00000,0.00000,0.00000,0.00000,0.00000,0.00000
-40.2260,-44.0570,0.00000,0.00000,0.00000,0.00000,0.00000,0.00000,0.00000
-40.2160,-44.0470,0.00000,0.00000,0.00000,0.00000,0.00000,0.00000,0.00000
-40.2060,-44.0370,0.00000,0.00000,0.00000,0.00000,0.00000,0.00000,0.00000
-40.1960,-44.0270,0.00000,0.00000,0.00000,0.00000,0.00000,0.00000,0.00000
-40.1860,-44.0170,0.00000,0.00000,0.00000,0.00000,0.00000,0.00000,0.00000
-40.1760,-44.0070,0.00000,0.00000,0.00000,0.00000,0.00000,0.00000,0.00000
-40.1660,-43.9970,0.00000,0.00000,0.00000,0.00000,0.00000,0.00000,0.00000
-40.1560,-43.9870,0.00000,0.00000,0.00000,0.00000,0.00000,0.00000,0.00000
-40.1460,-43.9770,0.00000,0.00000,0.00000,0.00000,0.00000,0.00000,0.00000
-40.1360,-43.9670,0.00000,0.00000,0.00000,0.00000,0.00000,0.00000,0.00000
-40.1260,-43.9570,0.00000,0.00000,0.00000,0.00000,0.00000,0.00000,0.00000
-40.1160,-43.9470,0.00000,0.00000,0.00000,0.00000,0.00000,0.00000,0.00000
-40.1060,-43.9370,0.00000,0.00000,0.00000,0.00000,0.00000,0.00000,0.00000
-40.0960,-43.9270,0.00000,0.00000,0.00000,0.00000,0.00000,0.00000,0.00000
-40.0860,-43.9170,0.00000,0.00000,0.00000,0.00000,0.00000,0.00000,0.00000
-40.0760,-43.9070,0.00000,0.00000,0.00000,0.00000,0.00000,0.00000,0.00000
-40.0660,-43.8970,0.00000,0.00000,0.00000,0.00000,0.00000,0.00000,0.00000
-40.0560,-43.8870,0.00000,0.00000,0.00000,0.00000,0.00000,0.00000,0.00000
-40.0460,-43.8770,0.00000,0.00000,0.00000,0.00000,0.00000,0.00000,0.00000
-40.0360,-43.8670,0.00000,0.00000,0.00000,0.00000,0.00000,0.00000,0.00000
-40.0260,-43.8570,0.00000,0.00000,0.00000,0.00000,0.00000,0.00000,0.00000
-40.0160,-43.8470,0.00000,0.00000,0.00000,0.00000,0.00000,0.00000,0.00000
-40.0060,-43.8370,0.00000,0.00000,0.00000,0.00000,0.00000,0.00000,0.00000
-39.9960,-43.8270,0.00000,0.00000,0.00000,0.00000,0.00000,0.00000,0.00000
-39.9860,-43.8170,0.00000,0.00000,0.00000,0.00000,0.00000,0.00000,0.00000
-39.9760,-43.8070,0.00000,0.00000,0.00000,0.00000,0.00000,0.00000,0.00000
-39.9660,-43.7970,0.00000,0.00000,0.00000,0.00000,0.00000,0.00000,0.00000
-39.9560,-43.7870,0.00000,0.00000,0.00000,0.00000,0.00000,0.00000,0.00000
-39.9460,-43.7770,0.00000,0.00000,0.00000,0.00000,0.00000,0.00000,0.00000
-39.9360,-43.7670,0.00000,0.00000,0.00000,0.00000,0.00000,0.00000,0.00000
-39.9260,-43.7570,0.00000,0.00000,0.00000,0.00000,0.00000,0.00000,0.00000
-39.9160,-43.7470,0.00000,0.00000,0.00000,0.00000,0.00000,0.00000,0.00000
-39.9060,-43.7370,0.00000,0.00000,0.00000,0.00000,0.00000,0.00000,0.00000
-39.8960,-43.7270,0.00000,0.00000,0.00000,0.00000,0.00000,0.00000,0.00000
-39.8860,-43.7170,0.00000,0.00000,0.00000,0.00000,0.00000,0.00000,0.00000
-39.8760,-43.7070,0.00000,0.00000,0.00000,0.00000,0.00000,0.00000,0.00000
-39.8660,-43.6970,0.00000,0.00000,0.00000,0.00000,0.00000,0.00000,0.00000
-39.8560,-43.6870,0.00000,0.00000,0.00000,0.00000,0.00000,0.00000,0.00000
-39.8460,-43.6770,0.00000,0.00000,0.00000,0.00000,0.00000,0.00000,0.00000
-39.8360,-43.6670,0.00000,0.00000,0.00000,0.00000,0.00000,0.00000,0.00000
-39.8260,-43.6570,0.00000,0.00000,0.00000,0.00000,0.00000,0.00000,0.00000
-39.8160,-43.6470,0.00000,0.00000,0.00000,0.00000,0.00000,0.00000,0.00000
-39.8060,-43.6370,0.00000,0.00000,0.00000,0.00000,0.00000,0.00000,0.00000
-39.7960,-43.6270,0.00000,0.00000,0.00000,0.00000,0.00000,0.00000,0.00000
-39.7860,-43.6170,0.00000,0.00000,0.00000,0.00000,0.00000,0.00000,0.00000
-39.7760,-43.6070,0.00000,0.00000,0.00000,0.00000,0.00000,0.00000,0.00000
-39.7660,-43.5970,0.00000,0.00000,0.00000,0.00000,0.00000,0.00000,0.00000
-39.7560,-43.5870,0.00000,0.00000,0.00000,0.00000,0.00000,0.00000,0.00000
-39.7460,-43.5770,0.00000,0.00000,0.00000,0.00000,0.00000,0.00000,0.00000
-39.7360,-43.5670,0.00000,0.00000,0.00000,0.00000,0.00000,0.00000,0.00000
-39.7260,-43.5570,0.00000,0.00000,0.00000,0.00000,0.00000,0.00000,0.00000
-39.7160,-43.5470,0.00000,0.00000,0.00000,0.00000,0.00000,0.00000,0.00000
-39.7060,-43.5370,0.00000,0.00000,0.00000,0.00000,0.00000,0.00000,0.00000
-39.6960,-43.5270,0.00000,0.00000,0.00000,0.00000,0.00000,0.00000,0.00000
-39.6860,-43.5170,0.00000,0.00000,0.00000,0.00000,0.00000,0.00000,0.00000
-39.6760,-43.5070,0.00000,0.00000,0.00000,0.00000,0.00000,0.00000,0.00000
-39.6660,-43.4970,0.00000,0.00000,0.00000,0.00000,0.00000,0.00000,0.00000
-39.6560,-43.4870,0.00000,0.00000,0.00000,0.00000,0.00000,0.00000,0.00000
-39.6460,-43.4770,0.00000,0.00000,0.00000,0.00000,0.00000,0.00000,0.00000
-39.6360,-43.4670,0.00000,0.00000,0.00000,0.00000,0.00000,0.00000,0.00000
-39.6260,-43.4570,0.00000,0.00000,0.00000,0.00000,0.00000,0.00000,0.00000
-39.6160,-43.4470,0.00000,0.00000,0.00000,0.00000,0.00000,0.00000,0.00000
-39.6060,-43.4370,0.00000,0.00000,0.00000,0.00000,0.00000,0.00000,0.00000
-39.5960,-43.4270,0.00000,0.00000,0.00000,0.00000,0.00000,0.00000,0.00000
-39.5860,-43.4170,0.00000,0.00000,0.00000,0.00000,0.00000,0.00000,0.00000
-39.5760,-43.4070,0.00000,0.00000,0.00000,0.00000,0.00000,0.00000,0.00000
-39.5660,-43.3970,0.00000,0.00000,0.00000,0.00000,0.00000,0.00000,0.00000
-39.5560,-43.3870,0.00000,0.00000,0.00000,0.00000,0.00000,0.00000,0.00000
-39.5460,-43.3770,0.00000,0.00000,0.00000,0.00000,0.00000,0.00000,0.00000
-39.5360,-43.3670,0.00000,0.00000,0.00000,0.00000,0.00000,0.00000,0.00000
-39.5260,-43.3570,0.00000,0.00000,0.00000,0.00000,0.00000,0.00000,0.00000
-39.5160,-43.3470,0.00000,0.00000,0.00000,0.00000,0.00000,0.00000,0.00000
-39.5060,-43.3370,0.00000,0.00000,0.00000,0.00000,0.00000,0.00000,0.00000
-39.4960,-43.3270,0.00000,0.00000,0.00000,0.00000,0.00000,0.00000,0.00000
-39.4860,-43.3170,0.00000,0.00000,0.00000,0.00000,0.00000,0.00000,0.00000
-39.4760,-43.3070,0.00000,0.00000,0.00000,0.00000,0.00000,0.00000,0.00000
-39.4660,-43.2970,0.00000,0.00000,0.00000,0.00000,0.00000,0.00000,0.00000
-39.4560,-43.2870,0.00000,0.00000,0.00000,0.00000,0.00000,0.00000,0.00000
-39.4460,-43.2770,0.00000,0.00000,0.00000,0.00000,0.00000,0.00000,0.00000
-39.4360,-43.2670,0.00000,0.00000,0.00000,0.00000,0.00000,0.00000,0.00000
-39.4260,-43.2570,0.00000,0.00000,0.00000,0.00000,0.00000,0.00000,0.00000
-39.4160,-43.2470,0.00000,0.00000,0.00000,0.00000,0.00000,0.00000,0.00000
-39.4060,-43.2370,0.00000,0.00000,0.00000,0.00000,0.00000,0.00000,0.00000
-39.3960,-43.2270,0.00000,0.00000,0.00000,0.00000,0.00000,0.00000,0.00000
-39.3860,-43.2170,0.00000,0.00000,0.00000,0.00000,0.00000,0.00000,0.00000
-39.3760,-43.2070,0.00000,0.00000,0.00000,0.00000,0.00000,0.00000,0.00000
-39.3660,-43.1970,0.00000,0.00000,0.00000,0.00000,0.00000,0.00000,0.00000
-39.3560,-43.1870,0.00000,0.00000,0.00000,0.00000,0.00000,0.00000,0.00000
-39.3460,-43.1770,0.00000,0.00000,0.00000,0.00000,0.00000,0.00000,0.00000
-39.3360,-43.1670,0.00000,0.00000,0.00000,0.00000,0.00000,0.00000,0.00000
-39.3260,-43.1570,0.00000,0.00000,0.00000,0.00000,0.00000,0.00000,0.00000
-39.3160,-43.1470,0.00000,0.00000,0.00000,0.00000,0.00000,0.00000,0.00000
-39.3060,-43.1370,0.00000,0.00000,0.00000,0.00000,0.00000,0.00000,0.00000
-39.2960,-43.1270,0.00000,0.00000,0.00000,0.00000,0.00000,0.00000,0.00000
-39.2860,-43.1170,0.00000,0.00000,0.00000,0.00000,0.00000,0.00000,0.00000
-39.2760,-43.1070,0.00000,0.00000,0.00000,0.00000,0.00000,0.00000,0.00000
-39.2660,-43.0970,0.00000,0.00000,0.00000,0.00000,0.00000,0.00000,0.00000
-39.2560,-43.0870,0.00000,0.00000,0.00000,0.00000,0.00000,0.00000,0.00000
-39.2460,-43.0770,0.00000,0.00000,0.00000,0.00000,0.00000,0.00000,0.00000
-39.2360,-43.0670,0.00000,0.00000,0.00000,0.00000,0.00000,0.00000,0.00000
-39.2260,-43.0570,0.00000,0.00000,0.00000,0.00000,0.00000,0.00000,0.00000
-39.2160,-43.0470,0.00000,0.00000,0.00000,0.00000,0.00000,0.00000,0.00000
-39.2060,-43.0370,0.00000,0.00000,0.00000,0.00000,0.00000,0.00000,0.00000
-39.1960,-43.0270,0.00000,0.00000,0.00000,0.00000,0.00000,0.00000,0.00000
-39.1860,-43.0170,0.00000,0.00000,0.00000,0.00000,0.00000,0.00000,0.00000
-39.1760,-43.0070,0.00000,0.00000,0.00000,0.00000,0.00000,0.00000,0.00000
-39.1660,-42.9970,0.00000,0.00000,0.00000,0.00000,0.00000,0.00000,0.00000
-39.1560,-42.9870,0.00000,0.00000,0.00000,0.00000,0.00000,0.00000,0.00000
-39.1460,-42.9770,0.00000,0.00000,0.00000,0.00000,0.00000,0.00000,0.00000
-39.1360,-42.9670,0.00000,0.00000,0.00000,0.00000,0.00000,0.00000,0.00000
-39.1260,-42.9570,0.00000,0.00000,0.00000,0.00000,0.00000,0.00000,0.00000
-39.1160,-42.9470,0.00000,0.00000,0.00000,0.00000,0.00000,0.00000,0.00000
-39.1060,-42.9370,0.00000,0.00000,0.00000,0.00000,0.00000,0.00000,0.00000
-39.0960,-42.9270,0.00000,0.00000,0.00000,0.00000,0.00000,0.00000,0.00000
-39.0860,-42.9170,0.00000,0.00000,0.00000,0.00000,0.00000,0.00000,0.00000
-39.0760,-42.9070,0.00000,0.00000,0.00000,0.00000,0.00000,0.00000,0.00000
-39.0660,-42.8970,0.00000,0.00000,0.00000,0.00000,0.00000,0.00000,0.00000
-39.0560,-42.8870,0.00000,0.00000,0.00000,0.00000,0.00000,0.00000,0.00000
-39.0460,-42.8770,0.00000,0.00000,0.00000,0.00000,0.00000,0.00000,0.00000
-39.0360,-42.8670,0.00000,0.00000,0.00000,0.00000,0.00000,0.00000,0.00000
-39.0260,-42.8570,0.00000,0.00000,0.00000,0.00000,0.00000,0.00000,0.00000
-39.0160,-42.8470,0.00000,0.00000,0.00000,0.00000,0.00000,0.00000,0.00000
-39.0060,-42.8370,0.00000,0.00000,0.00000,0.00000,0.00000,0.00000,0.00000
-38.9960,-42.8270,0.00000,0.00000,0.00000,0.00000,0.00000,0.00000,0.00000
-38.9860,-42.8170,0.00000,0.00000,0.00000,0.00000,0.00000,0.00000,0.00000
-38.9760,-42.8070,0.00000,0.00000,0.00000,0.00000,0.00000,0.00000,0.00000
-38.9660,-42.7970,0.00000,0.00000,0.00000,0.00000,0.00000,0.00000,0.00000
-38.9560,-42.7870,0.00000,0.00000,0.00000,0.00000,0.00000,0.00000,0.00000
-38.9460,-42.7770,0.00000,0.00000,0.00000,0.00000,0.00000,0.00000,0.00000
-38.9360,-42.7670,0.00000,0.00000,0.00000,0.00000,0.00000,0.00000,0.00000
-38.9260,-42.7570,0.00000,0.00000,0.00000,0.00000,0.00000,0.00000,0.00000
-38.9160,-42.7470,0.00000,0.00000,0.00000,0.00000,0.00000,0.00000,0.00000
-38.9060,-42.7370,0.00000,0.00000,0.00000,0.00000,0.00000,0.00000,0.00000
-38.8960,-42.7270,0.00000,0.00000,0.00000,0.00000,0.00000,0.00000,0.00000
-38.8860,-42.7170,0.00000,0.00000,0.00000,0.00000,0.00000,0.00000,0.00000
-38.8760,-42.7070,0.00000,0.00000,0.00000,0.00000,0.00000,0.00000,0.00000
-38.8660,-42.6970,0.00000,0.00000,0.00000,0.00000,0.00000,0.00000,0.00000
-38.8560,-42.6870,0.00000,0.00000,0.00000,0.00000,0.00000,0.00000,0.00000
-38.8460,-42.6770,0.00000,0.00000,0.00000,0.00000,0.00000,0.00000,0.00000
-38.8360,-42.6670,0.00000,0.00000,0.00000,0.00000,0.00000,0.00000,0.00000
-38.8260,-42.6570,0.00000,0.00000,0.00000,0.00000,0.00000,0.00000,0.00000
-38.8160,-42.6470,0.00000,0.00000,0.00000,0.00000,0.00000,0.00000,0.00000
-38.8060,-42.6370,0.00000,0.00000,0.00000,0.00000,0.00000,0.00000,0.00000
-38.7960,-42.6270,0.00000,0.00000,0.00000,0.00000,0.00000,0.00000,0.00000
-38.7860,-42.6170,0.00000,0.00000,0.00000,0.00000,0.00000,0.00000,0.00000
-38.7760,-42.6070,0.00000,0.00000,0.00000,0.00000,0.00000,0.00000,0.00000
-38.7660,-42.5970,0.00000,0.00000,0.00000,0.00000,0.00000,0.00000,0.00000
-38.7560,-42.5870,0.00000,0.00000,0.00000,0.00000,0.00000,0.00000,0.00000
-38.7460,-42.5770,0.00000,0.00000,0.00000,0.00000,0.00000,0.00000,0.00000
-38.7360,-42.5670,0.00000,0.00000,0.00000,0.00000,0.00000,0.00000,0.00000
-38.7260,-42.5570,0.00000,0.00000,0.00000,0.00000,0.00000,0.00000,0.00000
-38.7160,-42.5470,0.00000,0.00000,0.00000,0.00000,0.00000,0.00000,0.00000
-38.7060,-42.5370,0.00000,0.00000,0.00000,0.00000,0.00000,0.00000,0.00000
-38.6960,-42.5270,0.00000,0.00000,0.00000,0.00000,0.00000,0.00000,0.00000
-38.6860,-42.5170,0.00000,0.00000,0.00000,0.00000,0.00000,0.00000,0.00000
-38.6760,-42.5070,0.00000,0.00000,0.00000,0.00000,0.00000,0.00000,0.00000
-38.6660,-42.4970,0.00000,0.00000,0.00000,0.00000,0.00000,0.00000,0.00000
-38.6560,-42.4870,0.00000,0.00000,0.00000,0.00000,0.00000,0.00000,0.00000
-38.6460,-42.4770,0.00000,0.00000,0.00000,0.00000,0.00000,0.00000,0.00000
-38.6360,-42.4670,0.00000,0.00000,0.00000,0.00000,0.00000,0.00000,0.00000
-38.6260,-42.4570,0.00000,0.00000,0.00000,0.00000,0.00000,0.00000,0.00000
-38.6160,-42.4470,0.00000,0.00000,0.00000,0.00000,0.00000,0.00000,0.00000
-38.6060,-42.4370,0.00000,0.00000,0.00000,0.00000,0.00000,0.00000,0.00000
-38.5960,-42.4270,0.00000,0.00000,0.00000,0.00000,0.00000,0.00000,0.00000
-38.5860,-42.4170,0.00000,0.00000,0.00000,0.00000,0.00000,0.00000,0.00000
-38.5760,-42.4070,0.00000,0.00000,0.00000,0.00000,0.00000,0.00000,0.00000
-38.5660,-42.3970,0.00000,0.00000,0.00000,0.00000,0.00000,0.00000,0.00000
-38.5560,-42.3870,0.00000,0.00000,0.00000,0.00000,0.00000,0.00000,0.00000
-38.5460,-42.3770,0.00000,0.00000,0.00000,0.00000,0.00000,0.00000,0.00000
-38.5360,-42.3670,0.00000,0.00000,0.00000,0.00000,0.00000,0.00000,0.00000
-38.5260,-42.3570,0.00000,0.00000,0.00000,0.00000,0.00000,0.00000,0.00000
-38.5160,-42.3470,0.00000,0.00000,0.00000,0.00000,0.00000,0.00000,0.00000
-38.5060,-42.3370,0.00000,0.00000,0.00000,0.00000,0.00000,0.00000,0.00000
-38.4960,-42.3270,0.00000,0.00000,0.00000,0.00000,0.00000,0.00000,0.00000
-38.4860,-42.3170,0.00000,0.00000,0.00000,0.00000,0.00000,0.00000,0.00000
-38.4760,-42.3070,0.00000,0.00000,0.00000,0.00000,0.00000,0.00000,0.00000
-38.4660,-42.2970,0.00000,0.00000,0.00000,0.00000,0.00000,0.00000,0.00000
-38.4560,-42.2870,0.00000,0.00000,0.00000,0.00000,0.00000,0.00000,0.00000
-38.4460,-42.2770,0.00000,0.00000,0.00000,0.00000,0.00000,0.00000,0.00000
-38.4360,-42.2670,0.00000,0.00000,0.00000,0.00000,0.00000,0.00000,0.00000
-38.4260,-42.2570,0.00000,0.00000,0.00000,0.00000,0.00000,0.00000,0.00000
-38.4160,-42.2470,0.00000,0.00000,0.00000,0.00000,0.00000,0.00000,0.00000
-38.4060,-42.2370,0.00000,0.00000,0.00000,0.00000,0.00000,0.00000,0.00000
-38.3960,-42.2270,0.00000,0.00000,0.00000,0.00000,0.00000,0.00000,0.00000
-38.3860,-42.2170,0.00000,0.00000,0.00000,0.00000,0.00000,0.00000,0.00000
-38.3760,-42.2070,0.00000,0.00000,0.00000,0.00000,0.00000,0.00000,0.00000
-38.3660,-42.1970,0.00000,0.00000,0.00000,0.00000,0.00000,0.00000,0.00000
-38.3560,-42.1870,0.00000,0.00000,0.00000,0.00000,0.00000,0.00000,0.00000
-38.3460,-42.1770,0.00000,0.00000,0.00000,0.00000,0.00000,0.00000,0.00000
-38.3360,-42.1670,0.00000,0.00000,0.00000,0.00000,0.00000,0.00000,0.00000
-38.3260,-42.1570,0.00000,0.00000,0.00000,0.00000,0.00000,0.00000,0.00000
-38.3160,-42.1470,0.00000,0.00000,0.00000,0.00000,0.00000,0.00000,0.00000
-38.3060,-42.1370,0.00000,0.00000,0.00000,0.00000,0.00000,0.00000,0.00000
-38.2960,-42.1270,0.00000,0.00000,0.00000,0.00000,0.00000,0.00000,0.00000
-38.2860,-42.1170,0.00000,0.00000,0.00000,0.00000,0.00000,0.00000,0.00000
-38.2760,-42.1070,0.00000,0.00000,0.00000,0.00000,0.00000,0.00000,0.00000
-38.2660,-42.0970,0.00000,0.00000,0.00000,0.00000,0.00000,0.00000,0.00000
-38.2560,-42.0870,0.00000,0.00000,0.00000,0.00000,0.00000,0.00000,0.00000
-38.2460,-42.0770,0.00000,0.00000,0.00000,0.00000,0.00000,0.00000,0.00000
-38.2360,-42.0670,0.00000,0.00000,0.00000,0.00000,0.00000,0.00000,0.00000
-38.2260,-42.0570,0.00000,0.00000,0.00000,0.00000,0.00000,0.00000,0.00000
-38.2160,-42.0470,0.00000,0.00000,0.00000,0.00000,0.00000,0.00000,0.00000
-38.2060,-42.0370,0.00000,0.00000,0.00000,0.00000,0.00000,0.00000,0.00000
-38.1960,-42.0270,0.00000,0.00000,0.00000,0.00000,0.00000,0.00000,0.00000
-38.1860,-42.0170,0.00000,0.00000,0.00000,0.00000,0.00000,0.00000,0.00000
-38.1760,-42.0070,0.00000,0.00000,0.00000,0.00000,0.00000,0.00000,0.00000
-38.1660,-41.9970,0.00000,0.00000,0.00000,0.00000,0.00000,0.00000,0.00000
-38.1560,-41.9870,0.00000,0.00000,0.00000,0.00000,0.00000,0.00000,0.00000
-38.1460,-41.9770,0.00000,0.00000,0.00000,0.00000,0.00000,0.00000,0.00000
-38.1360,-41.9670,0.00000,0.00000,0.00000,0.00000,0.00000,0.00000,0.00000
-38.1260,-41.9570,0.00000,0.00000,0.00000,0.00000,0.00000,0.00000,0.00000
-38.1160,-41.9470,0.00000,0.00000,0.00000,0.00000,0.00000,0.00000,0.00000
-38.1060,-41.9370,0.00000,0.00000,0.00000,0.00000,0.00000,0.00000,0.00000
-38.0960,-41.9270,0.00000,0.00000,0.00000,0.00000,0.00000,0.00000,0.00000
-38.0860,-41.9170,0.00000,0.00000,0.00000,0.00000,0.00000,0.00000,0.00000
-38.0760,-41.9070,0.00000,0.00000,0.00000,0.00000,0.00000,0.00000,0.00000
-38.0660,-41.8970,0.00000,0.00000,0.00000,0.00000,0.00000,0.00000,0.00000
-38.0560,-41.8870,0.00000,0.00000,0.00000,0.00000,0.00000,0.00000,0.00000
-38.0460,-41.8770,0.00000,0.00000,0.00000,0.00000,0.00000,0.00000,0.00000
-38.0360,-41.8670,0.00000,0.00000,0.00000,0.00000,0.00000,0.00000,0.00000
-38.0260,-41.8570,0.00000,0.00000,0.00000,0.00000,0.00000,0.00000,0.00000
-38.0160,-41.8470,0.00000,0.00000,0.00000,0.00000,0.00000,0.00000,0.00000
-38.0060,-41.8370,0.00000,0.00000,0.00000,0.00000,0.00000,0.00000,0.00000
-37.9960,-41.8270,0.00000,0.00000,0.00000,0.00000,0.00000,0.00000,0.00000
-37.9860,-41.8170,0.00000,0.00000,0.00000,0.00000,0.00000,0.00000,0.00000
-37.9760,-41.8070,0.00000,0.00000,0.00000,0.00000,0.00000,0.00000,0.00000
-37.9660,-41.7970,0.00000,0.00000,0.00000,0.00000,0.00000,0.00000,0.00000
-37.9560,-41.7870,0.00000,0.00000,0.00000,0.00000,0.00000,0.00000,0.00000
-37.9460,-41.7770,0.00000,0.00000,0.00000,0.00000,0.00000,0.00000,0.00000
-37.9360,-41.7670,0.00000,0.00000,0.00000,0.00000,0.00000,0.00000,0.00000
-37.9260,-41.7570,0.00000,0.00000,0.00000,0.00000,0.00000,0.00000,0.00000
-37.9160,-41.7470,0.00000,0.00000,0.00000,0.00000,0.00000,0.00000,0.00000
-37.9060,-41.7370,0.00000,0.00000,0.00000,0.00000,0.00000,0.00000,0.00000
-37.8960,-41.7270,0.00000,0.00000,0.00000,0.00000,0.00000,0.00000,0.00000
-37.8860,-41.7170,0.00000,0.00000,0.00000,0.00000,0.00000,0.00000,0.00000
-37.8760,-41.7070,0.00000,0.00000,0.00000,0.00000,0.00000,0.00000,0.00000
-37.8660,-41.6970,0.00000,0.00000,0.00000,0.00000,0.00000,0.00000,0.00000
-37.8560,-41.6870,0.00000,0.00000,0.00000,0.00000,0.00000,0.00000,0.00000
-37.8460,-41.6770,0.00000,0.00000,0.00000,0.00000,0.00000,0.00000,0.00000
-37.8360,-41.6670,0.00000,0.00000,0.00000,0.00000,0.00000,0.00000,0.00000
-37.8260,-41.6570,0.00000,0.00000,0.00000,0.00000,0.00000,0.00000,0.00000
-37.8160,-41.6470,0.00000,0.00000,0.00000,0.00000,0.00000,0.00000,0.00000
-37.8060,-41.6370,0.00000,0.00000,0.00000,0.00000,0.00000,0.00000,0.00000
-37.7960,-41.6270,0.00000,0.00000,0.00000,0.00000,0.00000,0.00000,0.00000
-37.7860,-41.6170,0.00000,0.00000,0.00000,0.00000,0.00000,0.00000,0.00000
-37.7760,-41.6070,0.00000,0.00000,0.00000,0.00000,0.00000,0.00000,0.00000
-37.7660,-41.5970,0.00000,0.00000,0.00000,0.00000,0.00000,0.00000,0.00000
-37.7560,-41.5870,0.00000,0.00000,0.00000,0.00000,0.00000,0.00000,0.00000
-37.7460,-41.5770,0.00000,0.00000,0.00000,0.00000,0.00000,0.00000,0.00000
-37.7360,-41.5670,0.00000,0.00000,0.00000,0.00000,0.00000,0.00000,0.00000
-37.7260,-41.5570,0.00000,0.00000,0.00000,0.00000,0.00000,0.00000,0.00000
-37.7160,-41.5470,0.00000,0.00000,0.00000,0.00000,0.00000,0.00000,0.00000
-37.7060,-41.5370,0.00000,0.00000,0.00000,0.00000,0.00000,0.00000,0.00000
-37.6960,-41.5270,0.00000,0.00000,0.00000,0.00000,0.00000,0.00000,0.00000
-37.6860,-41.5170,0.00000,0.00000,0.00000,0.00000,0.00000,0.00000,0.00000
-37.6760,-41.5070,0.00000,0.00000,0.00000,0.00000,0.00000,0.00000,0.00000
-37.6660,-41.4970,0.00000,0.00000,0.00000,0.00000,0.00000,0.00000,0.00000
-37.6560,-41.4870,0.00000,0.00000,0.00000,0.00000,0.00000,0.00000,0.00000
-37.6460,-41.4770,0.00000,0.00000,0.00000,0.00000,0.00000,0.00000,0.00000
-37.6360,-41.4670,0.00000,0.00000,0.00000,0.00000,0.00000,0.00000,0.00000
-37.6260,-41.4570,0.00000,0.00000,0.00000,0.00000,0.00000,0.00000,0.00000
-37.6160,-41.4470,0.00000,0.00000,0.00000,0.00000,0.00000,0.00000,0.00000
-37.6060,-41.4370,0.00000,0.00000,0.00000,0.00000,0.00000,0.00000,0.00000
-37.5960,-41.4270,0.00000,0.00000,0.00000,0.00000,0.00000,0.00000,0.00000
-37.5860,-41.4170,0.00000,0.00000,0.00000,0.00000,0.00000,0.00000,0.00000
-37.5760,-41.4070,0.00000,0.00000,0.00000,0.00000,0.00000,0.00000,0.00000
-37.5660,-41.3970,0.00000,0.00000,0.00000,0.00000,0.00000,0.00000,0.00000
-37.5560,-41.3870,0.00000,0.00000,0.00000,0.00000,0.00000,0.00000,0.00000
-37.5460,-41.3770,0.00000,0.00000,0.00000,0.00000,0.00000,0.00000,0.00000
-37.5360,-41.3670,0.00000,0.00000,0.00000,0.00000,0.00000,0.00000,0.00000
-37.5260,-41.3570,0.00000,0.00000,0.00000,0.00000,0.00000,0.00000,0.00000
-37.5160,-41.3470,0.00000,0.00000,0.00000,0.00000,0.00000,0.00000,0.00000
-37.5060,-41.3370,0.00000,0.00000,0.00000,0.00000,0.00000,0.00000,0.00000
-37.4960,-41.3270,0.00000,0.00000,0.00000,0.00000,0.00000,0.00000,0.00000
-37.4860,-41.3170,0.00000,0.00000,0.00000,0.00000,0.00000,0.00000,0.00000
-37.4760,-41.3070,0.00000,0.00000,0.00000,0.00000,0.00000,0.00000,0.00000
-37.4660,-41.2970,0.00000,0.00000,0.00000,0.00000,0.00000,0.00000,0.00000
-37.4560,-41.2870,0.00000,0.00000,0.00000,0.00000,0.00000,0.00000,0.00000
-37.4460,-41.2770,0.00000,0.00000,0.00000,0.00000,0.00000,0.00000,0.00000
-37.4360,-41.2670,0.00000,0.00000,0.00000,0.00000,0.00000,0.00000,0.00000
-37.4260,-41.2570,0.00000,0.00000,0.00000,0.00000,0.00000,0.00000,0.00000
-37.4160,-41.2470,0.00000,0.00000,0.00000,0.00000,0.00000,0.00000,0.00000
-37.4060,-41.2370,0.00000,0.00000,0.00000,0.00000,0.00000,0.00000,0.00000
-37.3960,-41.2270,0.00000,0.00000,0.00000,0.00000,0.00000,0.00000,0.00000
-37.3860,-41.2170,0.00000,0.00000,0.00000,0.00000,0.00000,0.00000,0.00000
-37.3760,-41.2070,0.00000,0.00000,0.00000,0.00000,0.00000,0.00000,0.00000
-37.3660,-41.1970,0.00000,0.00000,0.00000,0.00000,0.00000,0.00000,0.00000
-37.3560,-41.1870,0.00000,0.00000,0.00000,0.00000,0.00000,0.00000,0.00000
-37.3460,-41.1770,0.00000,0.00000,0.00000,0.00000,0.00000,0.00000,0.00000
-37.3360,-41.1670,0.00000,0.00000,0.00000,0.00000,0.00000,0.00000,0.00000
-37.3260,-41.1570,0.00000,0.00000,0.00000,0.00000,0.00000,0.00000,0.00000
-37.3160,-41.1470,0.00000,0.00000,0.00000,0.00000,0.00000,0.00000,0.00000
-37.3060,-41.1370,0.00000,0.00000,0.00000,0.00000,0.00000,0.00000,0.00000
-37.2960,-41.1270,0.00000,0.00000,0.00000,0.00000,0.00000,0.00000,0.00000
-37.2860,-41.1170,0.00000,0.00000,0.00000,0.00000,0.00000,0.00000,0.00000
-37.2760,-41.1070,0.00000,0.00000,0.00000,0.00000,0.00000,0.00000,0.00000
-37.2660,-41.0970,0.00000,0.00000,0.00000,0.00000,0.00000,0.00000,0.00000
-37.2560,-41.0870,0.00000,0.00000,0.00000,0.00000,0.00000,0.00000,0.00000
-37.2460,-41.0770,0.00000,0.00000,0.00000,0.00000,0.00000,0.00000,0.00000
-37.2360,-41.0670,0.00000,0.00000,0.00000,0.00000,0.00000,0.00000,0.00000
-37.2260,-41.0570,0.00000,0.00000,0.00000,0.00000,0.00000,0.00000,0.00000
-37.2160,-41.0470,0.00000,0.00000,0.00000,0.00000,0.00000,0.00000,0.00000
-37.2060,-41.0370,0.00000,0.00000,0.00000,0.00000,0.00000,0.00000,0.00000
-37.1960,-41.0270,0.00000,0.00000,0.00000,0.00000,0.00000,0.00000,0.00000
-37.1860,-41.0170,0.00000,0.00000,0.00000,0.00000,0.00000,0.00000,0.00000
-37.1760,-41.0070,0.00000,0.00000,0.00000,0.00000,0.00000,0.00000,0.00000
-37.1660,-40.9970,0.00000,0.00000,0.00000,0.00000,0.00000,0.00000,0.00000
-37.1560,-40.9870,0.00000,0.00000,0.00000,0.00000,0.00000,0.00000,0.00000
-37.1460,-40.9770,0.00000,0.00000,0.00000,0.00000,0.00000,0.00000,0.00000
-37.1360,-40.9670,0.00000,0.00000,0.00000,0.00000,0.00000,0.00000,0.00000
-37.1260,-40.9570,0.00000,0.00000,0.00000,0.00000,0.00000,0.00000,0.00000
-37.1160,-40.9470,0.00000,0.00000,0.00000,0.00000,0.00000,0.00000,0.00000
-37.1060,-40.9370,0.00000,0.00000,0.00000,0.00000,0.00000,0.00000,0.00000
-37.0960,-40.9270,0.00000,0.00000,0.00000,0.00000,0.00000,0.00000,0.00000
-37.0860,-40.9170,0.00000,0.00000,0.00000,0.00000,0.00000,0.00000,0.00000
-37.0760,-40.9070,0.00000,0.00000,0.00000,0.00000,0.00000,0.00000,0.00000
-37.0660,-40.8970,0.00000,0.00000,0.00000,0.00000,0.00000,0.00000,0.00000
-37.0560,-40.8870,0.00000,0.00000,0.00000,0.00000,0.00000,0.00000,0.00000
-37.0460,-40.8770,0.00000,0.00000,0.00000,0.00000,0.00000,0.00000,0.00000
-37.0360,-40.8670,0.00000,0.00000,0.00000,0.00000,0.00000,0.00000,0.00000
-37.0260,-40.8570,0.00000,0.00000,0.00000,0.00000,0.00000,0.00000,0.00000
-37.0160,-40.8470,0.00000,0.00000,0.00000,0.00000,0.00000,0.00000,0.00000
-37.0060,-40.8370,0.00000,0.00000,0.00000,0.00000,0.00000,0.00000,0.00000
-36.9960,-40.8270,0.00000,0.00000,0.00000,0.00000,0.00000,0.00000,0.00000
-36.9860,-40.8170,0.00000,0.00000,0.00000,0.00000,0.00000,0.00000,0.00000
-36.9760,-40.8070,0.00000,0.00000,0.00000,0.00000,0.00000,0.00000,0.00000
-36.9660,-40.7970,0.00000,0.00000,0.00000,0.00000,0.00000,0.00000,0.00000
-36.9560,-40.7870,0.00000,0.00000,0.00000,0.00000,0.00000,0.00000,0.00000
-36.9460,-40.7770,0.00000,0.00000,0.00000,0.00000,0.00000,0.00000,0.00000
-36.9360,-40.7670,0.00000,0.00000,0.00000,0.00000,0.00000,0.00000,0.00000
-36.9260,-40.7570,0.00000,0.00000,0.00000,0.00000,0.00000,0.00000,0.00000
-36.9160,-40.7470,0.00000,0.00000,0.00000,0.00000,0.00000,0.00000,0.00000
-36.9060,-40.7370,0.00000,0.00000,0.00000,0.00000,0.00000,0.00000,0.00000
-36.8960,-40.7270,0.00000,0.00000,0.00000,0.00000,0.00000,0.00000,0.00000
-36.8860,-40.7170,0.00000,0.00000,0.00000,0.00000,0.00000,0.00000,0.00000
-36.8760,-40.7070,0.00000,0.00000,0.00000,0.00000,0.00000,0.00000,0.00000
-36.8660,-40.6970,0.00000,0.00000,0.00000,0.00000,0.00000,0.00000,0.00000
-36.8560,-40.6870,0.00000,0.00000,0.00000,0.00000,0.00000,0.00000,0.00000
-36.8460,-40.6770,0.00000,0.00000,0.00000,0.00000,0.00000,0.00000,0.00000
-36.8360,-40.6670,0.00000,0.00000,0.00000,0.00000,0.00000,0.00000,0.00000
-36.8260,-40.6570,0.00000,0.00000,0.00000,0.00000,0.00000,0.00000,0.00000
-36.8160,-40.6470,0.00000,0.00000,0.00000,0.00000,0.00000,0.00000,0.00000
-36.8060,-40.6370,0.00000,0.00000,0.00000,0.00000,0.00000,0.00000,0.00000
-36.7960,-40.6270,0.00000,0.00000,0.00000,0.00000,0.00000,0.00000,0.00000
-36.7860,-40.6170,0.00000,0.00000,0.00000,0.00000,0.00000,0.00000,0.00000
-36.7760,-40.6070,0.00000,0.00000,0.00000,0.00000,0.00000,0.00000,0.00000
-36.7660,-40.5970,0.00000,0.00000,0.00000,0.00000,0.00000,0.00000,0.00000
-36.7560,-40.5870,0.00000,0.00000,0.00000,0.00000,0.00000,0.00000,0.00000
-36.7460,-40.5770,0.00000,0.00000,0.00000,0.00000,0.00000,0.00000,0.00000
-36.7360,-40.5670,0.00000,0.00000,0.00000,0.00000,0.00000,0.00000,0.00000
-36.7260,-40.5570,0.00000,0.00000,0.00000,0.00000,0.00000,0.00000,0.00000
-36.7160,-40.5470,0.00000,0.00000,0.00000,0.00000,0.00000,0.00000,0.00000
-36.7060,-40.5370,0.00000,0.00000,0.00000,0.00000,0.00000,0.00000,0.00000
-36.6960,-40.5270,0.00000,0.00000,0.00000,0.00000,0.00000,0.00000,0.00000
-36.6860,-40.5170,0.00000,0.00000,0.00000,0.00000,0.00000,0.00000,0.00000
-36.6760,-40.5070,0.00000,0.00000,0.00000,0.00000,0.00000,0.00000,0.00000
-36.6660,-40.4970,0.00000,0.00000,0.00000,0.00000,0.00000,0.00000,0.00000
-36.6560,-40.4870,0.00000,0.00000,0.00000,0.00000,0.00000,0.00000,0.00000
-36.6460,-40.4770,0.00000,0.00000,0.00000,0.00000,0.00000,0.00000,0.00000
-36.6360,-40.4670,0.00000,0.00000,0.00000,0.00000,0.00000,0.00000,0.00000
-36.6260,-40.4570,0.00000,0.00000,0.00000,0.00000,0.00000,0.00000,0.00000
-36.6160,-40.4470,0.00000,0.00000,0.00000,0.00000,0.00000,0.00000,0.00000
-36.6060,-40.4370,0.00000,0.00000,0.00000,0.00000,0.00000,0.00000,0.00000
-36.5960,-40.4270,0.00000,0.00000,0.00000,0.00000,0.00000,0.00000,0.00000
-36.5860,-40.4170,0.00000,0.00000,0.00000,0.00000,0.00000,0.00000,0.00000
-36.5760,-40.4070,0.00000,0.00000,0.00000,0.00000,0.00000,0.00000,0.00000
-36.5660,-40.3970,0.00000,0.00000,0.00000,0.00000,0.00000,0.00000,0.00000
-36.5560,-40.3870,0.00000,0.00000,0.00000,0.00000,0.00000,0.00000,0.00000
-36.5460,-40.3770,0.00000,0.00000,0.00000,0.00000,0.00000,0.00000,0.00000
-36.5360,-40.3670,0.00000,0.00000,0.00000,0.00000,0.00000,0.00000,0.00000
-36.5260,-40.3570,0.00000,0.00000,0.00000,0.00000,0.00000,0.00000,0.00000
-36.5160,-40.3470,0.00000,0.00000,0.00000,0.00000,0.00000,0.00000,0.00000
-36.5060,-40.3370,0.00000,0.00000,0.00000,0.00000,0.00000,0.00000,0.00000
-36.4960,-40.3270,0.00000,0.00000,0.00000,0.00000,0.00000,0.00000,0.00000
-36.4860,-40.3170,0.00000,0.00000,0.00000,0.00000,0.00000,0.00000,0.00000
-36.4760,-40.3070,0.00000,0.00000,0.00000,0.00000,0.00000,0.00000,0.00000
-36.4660,-40.2970,0.00000,0.00000,0.00000,0.00000,0.00000,0.00000,0.00000
-36.4560,-40.2870,0.00000,0.00000,0.00000,0.00000,0.00000,0.00000,0.00000
-36.4460,-40.2770,0.00000,0.00000,0.00000,0.00000,0.00000,0.00000,0.00000
-36.4360,-40.2670,0.00000,0.00000,0.00000,0.00000,0.00000,0.00000,0.00000
-36.4260,-40.2570,0.00000,0.00000,0.00000,0.00000,0.00000,0.00000,0.00000
-36.4160,-40.2470,0.00000,0.00000,0.00000,0.00000,0.00000,0.00000,0.00000
-36.4060,-40.2370,0.00000,0.00000,0.00000,0.00000,0.00000,0.00000,0.00000
-36.3960,-40.2270,0.00000,0.00000,0.00000,0.00000,0.00000,0.00000,0.00000
-36.3860,-40.2170,0.00000,0.00000,0.00000,0.00000,0.00000,0.00000,0.00000
-36.3760,-40.2070,0.00000,0.00000,0.00000,0.00000,0.00000,0.00000,0.00000
-36.3660,-40.1970,0.00000,0.00000,0.00000,0.00000,0.00000,0.00000,0.00000
-36.3560,-40.1870,0.00000,0.00000,0.00000,0.00000,0.00000,0.00000,0.00000
-36.3460,-40.1770,0.00000,0.00000,0.00000,0.00000,0.00000,0.00000,0.00000
-36.3360,-40.1670,0.00000,0.00000,0.00000,0.00000,0.00000,0.00000,0.00000
-36.3260,-40.1570,0.00000,0.00000,0.00000,0.00000,0.00000,0.00000,0.00000
-36.3160,-40.1470,0.00000,0.00000,0.00000,0.00000,0.00000,0.00000,0.00000
-36.3060,-40.1370,0.00000,0.00000,0.00000,0.00000,0.00000,0.00000,0.00000
-36.2960,-40.1270,0.00000,0.00000,0.00000,0.00000,0.00000,0.00000,0.00000
-36.2860,-40.1170,0.00000,0.00000,0.00000,0.00000,0.00000,0.00000,0.00000
-36.2760,-40.1070,0.00000,0.00000,0.00000,0.00000,0.00000,0.00000,0.00000
-36.2660,-40.0970,0.00000,0.00000,0.00000,0.00000,0.00000,0.00000,0.00000
-36.2560,-40.0870,0.00000,0.00000,0.00000,0.00000,0.00000,0.00000,0.00000
-36.2460,-40.0770,0.00000,0.00000,0.00000,0.00000,0.00000,0.00000,0.00000
-36.2360,-40.0670,0.00000,0.00000,0.00000,0.00000,0.00000,0.00000,0.00000
-36.2260,-40.0570,0.00000,0.00000,0.00000,0.00000,0.00000,0.00000,0.00000
-36.2160,-40.0470,0.00000,0.00000,0.00000,0.00000,0.00000,0.00000,0.00000
-36.2060,-40.0370,0.00000,0.00000,0.00000,0.00000,0.00000,0.00000,0.00000
-36.1960,-40.0270,0.00000,0.00000,0.00000,0.00000,0.00000,0.00000,0.00000
-36.1860,-40.0170,0.00000,0.00000,0.00000,0.00000,0.00000,0.00000,0.00000
-36.1760,-40.0070,0.00000,0.00000,0.00000,0.00000,0.00000,0.00000,0.00000
-36.1660,-39.9970,0.00000,0.00000,0.00000,0.00000,0.00000,0.00000,0.00000
-36.1560,-39.9870,0.00000,0.00000,0.00000,0.00000,0.00000,0.00000,0.00000
-36.1460,-39.9770,0.00000,0.00000,0.00000,0.00000,0.00000,0.00000,0.00000
-36.1360,-39.9670,0.00000,0.00000,0.00000,0.00000,0.00000,0.00000,0.00000
-36.1260,-39.9570,0.00000,0.00000,0.00000,0.00000,0.00000,0.00000,0.00000
-36.1160,-39.9470,0.00000,0.00000,0.00000,0.00000,0.00000,0.00000,0.00000
-36.1060,-39.9370,0.00000,0.00000,0.00000,0.00000,0.00000,0.00000,0.00000
-36.0960,-39.9270,0.00000,0.00000,0.00000,0.00000,0.00000,0.00000,0.00000
-36.0860,-39.9170,0.00000,0.00000,0.00000,0.00000,0.00000,0.00000,0.00000
-36.0760,-39.9070,0.00000,0.00000,0.00000,0.00000,0.00000,0.00000,0.00000
-36.0660,-39.8970,0.00000,0.00000,0.00000,0.00000,0.00000,0.00000,0.00000
-36.0560,-39.8870,0.00000,0.00000,0.00000,0.00000,0.00000,0.00000,0.00000
-36.0460,-39.8770,0.00000,0.00000,0.00000,0.00000,0.00000,0.00000,0.00000
-36.0360,-39.8670,0.00000,0.00000,0.00000,0.00000,0.00000,0.00000,0.00000
-36.0260,-39.8570,0.00000,0.00000,0.00000,0.00000,0.00000,0.00000,0.00000
-36.0160,-39.8470,0.00000,0.00000,0.00000,0.00000,0.00000,0.00000,0.00000
-36.0060,-39.8370,0.00000,0.00000,0.00000,0.00000,0.00000,0.00000,0.00000
-35.9960,-39.8270,0.00000,0.00000,0.00000,0.00000,0.00000,0.00000,0.00000
-35.9860,-39.8170,0.00000,0.00000,0.00000,0.00000,0.00000,0.00000,0.00000
-35.9760,-39.8070,0.00000,0.00000,0.00000,0.00000,0.00000,0.00000,0.00000
-35.9660,-39.7970,0.00000,0.00000,0.00000,0.00000,0.00000,0.00000,0.00000
-35.9560,-39.7870,0.00000,0.00000,0.00000,0.00000,0.00000,0.00000,0.00000
-35.9460,-39.7770,0.00000,0.00000,0.00000,0.00000,0.00000,0.00000,0.00000
-35.9360,-39.7670,0.00000,0.00000,0.00000,0.00000,0.00000,0.00000,0.00000
-35.9260,-39.7570,0.00000,0.00000,0.00000,0.00000,0.00000,0.00000,0.00000
-35.9160,-39.7470,0.00000,0.00000,0.00000,0.00000,0.00000,0.00000,0.00000
-35.9060,-39.7370,0.00000,0.00000,0.00000,0.00000,0.00000,0.00000,0.00000
-35.8960,-39.7270,0.00000,0.00000,0.00000,0.00000,0.00000,0.00000,0.00000
-35.8860,-39.7170,0.00000,0.00000,0.00000,0.00000,0.00000,0.00000,0.00000
-35.8760,-39.7070,0.00000,0.00000,0.00000,0.00000,0.00000,0.00000,0.00000
-35.8660,-39.6970,0.00000,0.00000,0.00000,0.00000,0.00000,0.00000,0.00000
-35.8560,-39.6870,0.00000,0.00000,0.00000,0.00000,0.00000,0.00000,0.00000
-35.8460,-39.6770,0.00000,0.00000,0.00000,0.00000,0.00000,0.00000,0.00000
-35.8360,-39.6670,0.00000,0.00000,0.00000,0.00000,0.00000,0.00000,0.00000
-35.8260,-39.6570,0.00000,0.00000,0.00000,0.00000,0.00000,0.00000,0.00000
-35.8160,-39.6470,0.00000,0.00000,0.00000,0.00000,0.00000,0.00000,0.00000
-35.8060,-39.6370,0.00000,0.00000,0.00000,0.00000,0.00000,0.00000,0.00000
-35.7960,-39.6270,0.00000,0.00000,0.00000,0.00000,0.00000,0.00000,0.00000
-35.7860,-39.6170,0.00000,0.00000,0.00000,0.00000,0.00000,0.00000,0.00000
-35.7760,-39.6070,0.00000,0.00000,0.00000,0.00000,0.00000,0.00000,0.00000
-35.7660,-39.5970,0.00000,0.00000,0.00000,0.00000,0.00000,0.00000,0.00000
-35.7560,-39.5870,0.00000,0.00000,0.00000,0.00000,0.00000,0.00000,0.00000
-35.7460,-39.5770,0.00000,0.00000,0.00000,0.00000,0.00000,0.00000,0.00000
-35.7360,-39.5670,0.00000,0.00000,0.00000,0.00000,0.00000,0.00000,0.00000
-35.7260,-39.5570,0.00000,0.00000,0.00000,0.00000,0.00000,0.00000,0.00000
-35.7160,-39.5470,0.00000,0.00000,0.00000,0.00000,0.00000,0.00000,0.00000
-35.7060,-39.5370,0.00000,0.00000,0.00000,0.00000,0.00000,0.00000,0.00000
-35.6960,-39.5270,0.00000,0.00000,0.00000,0.00000,0.00000,0.00000,0.00000
-35.6860,-39.5170,0.00000,0.00000,0.00000,0.00000,0.00000,0.00000,0.00000
-35.6760,-39.5070,0.00000,0.00000,0.00000,0.00000,0.00000,0.00000,0.00000
-35.6660,-39.4970,0.00000,0.00000,0.00000,0.00000,0.00000,0.00000,0.00000
-35.6560,-39.4870,0.00000,0.00000,0.00000,0.00000,0.00000,0.00000,0.00000
-35.6460,-39.4770,0.00000,0.00000,0.00000,0.00000,0.00000,0.00000,0.00000
-35.6360,-39.4670,0.00000,0.00000,0.00000,0.00000,0.00000,0.00000,0.00000
-35.6260,-39.4570,0.00000,0.00000,0.00000,0.00000,0.00000,0.00000,0.00000
-35.6160,-39.4470,0.00000,0.00000,0.00000,0.00000,0.00000,0.00000,0.00000
-35.6060,-39.4370,0.00000,0.00000,0.00000,0.00000,0.00000,0.00000,0.00000
-35.5960,-39.4270,0.00000,0.00000,0.00000,0.00000,0.00000,0.00000,0.00000
-35.5860,-39.4170,0.00000,0.00000,0.00000,0.00000,0.00000,0.00000,0.00000
-35.5760,-39.4070,0.00000,0.00000,0.00000,0.00000,0.00000,0.00000,0.00000
-35.5660,-39.3970,0.00000,0.00000,0.00000,0.00000,0.00000,0.00000,0.00000
-35.5560,-39.3870,0.00000,0.00000,0.00000,0.00000,0.00000,0.00000,0.00000
-35.5460,-39.3770,0.00000,0.00000,0.00000,0.00000,0.00000,0.00000,0.00000
-35.5360,-39.3670,0.00000,0.00000,0.00000,0.00000,0.00000,0.00000,0.00000
-35.5260,-39.3570,0.00000,0.00000,0.00000,0.00000,0.00000,0.00000,0.00000
-35.5160,-39.3470,0.00000,0.00000,0.00000,0.00000,0.00000,0.00000,0.00000
-35.5060,-39.3370,0.00000,0.00000,0.00000,0.00000,0.00000,0.00000,0.00000
-35.4960,-39.3270,0.00000,0.00000,0.00000,0.00000,0.00000,0.00000,0.00000
-35.4860,-39.3170,0.00000,0.00000,0.00000,0.00000,0.00000,0.00000,0.00000
-35.4760,-39.3070,0.00000,0.00000,0.00000,0.00000,0.00000,0.00000,0.00000
-35.4660,-39.2970,0.00000,0.00000,0.00000,0.00000,0.00000,0.00000,0.00000
-35.4560,-39.2870,0.00000,0.00000,0.00000,0.00000,0.00000,0.00000,0.00000
-35.4460,-39.2770,0.00000,0.00000,0.00000,0.00000,0.00000,0.00000,0.00000
-35.4360,-39.2670,0.00000,0.00000,0.00000,0.00000,0.00000,0.00000,0.00000
-35.4260,-39.2570,0.00000,0.00000,0.00000,0.00000,0.00000,0.00000,0.00000
-35.4160,-39.2470,0.00000,0.00000,0.00000,0.00000,0.00000,0.00000,0.00000
-35.4060,-39.2370,0.00000,0.00000,0.00000,0.00000,0.00000,0.00000,0.00000
-35.3960,-39.2270,0.00000,0.00000,0.00000,0.00000,0.00000,0.00000,0.00000
-35.3860,-39.2170,0.00000,0.00000,0.00000,0.00000,0.00000,0.00000,0.00000
-35.3760,-39.2070,0.00000,0.00000,0.00000,0.00000,0.00000,0.00000,0.00000
-35.3660,-39.1970,0.00000,0.00000,0.00000,0.00000,0.00000,0.00000,0.00000
-35.3560,-39.1870,0.00000,0.00000,0.00000,0.00000,0.00000,0.00000,0.00000
-35.3460,-39.1770,0.00000,0.00000,0.00000,0.00000,0.00000,0.00000,0.00000
-35.3360,-39.1670,0.00000,0.00000,0.00000,0.00000,0.00000,0.00000,0.00000
-35.3260,-39.1570,0.00000,0.00000,0.00000,0.00000,0.00000,0.00000,0.00000
-35.3160,-39.1470,0.00000,0.00000,0.00000,0.00000,0.00000,0.00000,0.00000
-35.3060,-39.1370,0.00000,0.00000,0.00000,0.00000,0.00000,0.00000,0.00000
-35.2960,-39.1270,0.00000,0.00000,0.00000,0.00000,0.00000,0.00000,0.00000
-35.2860,-39.1170,0.00000,0.00000,0.00000,0.00000,0.00000,0.00000,0.00000
-35.2760,-39.1070,0.00000,0.00000,0.00000,0.00000,0.00000,0.00000,0.00000
-35.2660,-39.0970,0.00000,0.00000,0.00000,0.00000,0.00000,0.00000,0.00000
-35.2560,-39.0870,0.00000,0.00000,0.00000,0.00000,0.00000,0.00000,0.00000
-35.2460,-39.0770,0.00000,0.00000,0.00000,0.00000,0.00000,0.00000,0.00000
-35.2360,-39.0670,0.00000,0.00000,0.00000,0.00000,0.00000,0.00000,0.00000
-35.2260,-39.0570,0.00000,0.00000,0.00000,0.00000,0.00000,0.00000,0.00000
-35.2160,-39.0470,0.00000,0.00000,0.00000,0.00000,0.00000,0.00000,0.00000
-35.2060,-39.0370,0.00000,0.00000,0.00000,0.00000,0.00000,0.00000,0.00000
-35.1960,-39.0270,0.00000,0.00000,0.00000,0.00000,0.00000,0.00000,0.00000
-35.1860,-39.0170,0.00000,0.00000,0.00000,0.00000,0.00000,0.00000,0.00000
-35.1760,-39.0070,0.00000,0.00000,0.00000,0.00000,0.00000,0.00000,0.00000
-35.1660,-38.9970,0.00000,0.00000,0.00000,0.00000,0.00000,0.00000,0.00000
-35.1560,-38.9870,0.00000,0.00000,0.00000,0.00000,0.00000,0.00000,0.00000
-35.1460,-38.9770,0.00000,0.00000,0.00000,0.00000,0.00000,0.00000,0.00000
-35.1360,-38.9670,0.00000,0.00000,0.00000,0.00000,0.00000,0.00000,0.00000
-35.1260,-38.9570,0.00000,0.00000,0.00000,0.00000,0.00000,0.00000,0.00000
-35.1160,-38.9470,0.00000,0.00000,0.00000,0.00000,0.00000,0.00000,0.00000
-35.1060,-38.9370,0.00000,0.00000,0.00000,0.00000,0.00000,0.00000,0.00000
-35.0960,-38.9270,0.00000,0.00000,0.00000,0.00000,0.00000,0.00000,0.00000
-35.0860,-38.9170,0.00000,0.00000,0.00000,0.00000,0.00000,0.00000,0.00000
-35.0760,-38.9070,0.00000,0.00000,0.00000,0.00000,0.00000,0.00000,0.00000
-35.0660,-38.8970,0.00000,0.00000,0.00000,0.00000,0.00000,0.00000,0.00000
-35.0560,-38.8870,0.00000,0.00000,0.00000,0.00000,0.00000,0.00000,0.00000
-35.0460,-38.8770,0.00000,0.00000,0.00000,0.00000,0.00000,0.00000,0.00000
-35.0360,-38.8670,0.00000,0.00000,0.00000,0.00000,0.00000,0.00000,0.00000
-35.0260,-38.8570,0.00000,0.00000,0.00000,0.00000,0.00000,0.00000,0.00000
-35.0160,-38.8470,0.00000,0.00000,0.00000,0.00000,0.00000,0.00000,0.00000
-35.0060,-38.8370,0.00000,0.00000,0.00000,0.00000,0.00000,0.00000,0.00000
-34.9960,-38.8270,0.00000,0.00000,0.00000,0.00000,0.00000,0.00000,0.00000
-34.9860,-38.8170,0.00000,0.00000,0.00000,0.00000,0.00000,0.00000,0.00000
-34.9760,-38.8070,0.00000,0.00000,0.00000,0.00000,0.00000,0.00000,0.00000
-34.9660,-38.7970,0.00000,0.00000,0.00000,0.00000,0.00000,0.00000,0.00000
-34.9560,-38.7870,0.00000,0.00000,0.00000,0.00000,0.00000,0.00000,0.00000
-34.9460,-38.7770,0.00000,0.00000,0.00000,0.00000,0.00000,0.00000,0.00000
-34.9360,-38.7670,0.00000,0.00000,0.00000,0.00000,0.00000,0.00000,0.00000
-34.9260,-38.7570,0.00000,0.00000,0.00000,0.00000,0.00000,0.00000,0.00000
-34.9160,-38.7470,0.00000,0.00000,0.00000,0.00000,0.00000,0.00000,0.00000
-34.9060,-38.7370,0.00000,0.00000,0.00000,0.00000,0.00000,0.00000,0.00000
-34.8960,-38.7270,0.00000,0.00000,0.00000,0.00000,0.00000,0.00000,0.00000
-34.8860,-38.7170,0.00000,0.00000,0.00000,0.00000,0.00000,0.00000,0.00000
-34.8760,-38.7070,0.00000,0.00000,0.00000,0.00000,0.00000,0.00000,0.00000
-34.8660,-38.6970,0.00000,0.00000,0.00000,0.00000,0.00000,0.00000,0.00000
-34.8560,-38.6870,0.00000,0.00000,0.00000,0.00000,0.00000,0.00000,0.00000
-34.8460,-38.6770,0.00000,0.00000,0.00000,0.00000,0.00000,0.00000,0.00000
-34.8360,-38.6670,0.00000,0.00000,0.00000,0.00000,0.00000,0.00000,0.00000
-34.8260,-38.6570,0.00000,0.00000,0.00000,0.00000,0.00000,0.00000,0.00000
-34.8160,-38.6470,0.00000,0.00000,0.00000,0.00000,0.00000,0.00000,0.00000
-34.8060,-38.6370,0.00000,0.00000,0.00000,0.00000,0.00000,0.00000,0.00000
-34.7960,-38.6270,0.00000,0.00000,0.00000,0.00000,0.00000,0.00000,0.00000
-34.7860,-38.6170,0.00000,0.00000,0.00000,0.00000,0.00000,0.00000,0.00000
-34.7760,-38.6070,0.00000,0.00000,0.00000,0.00000,0.00000,0.00000,0.00000
-34.7660,-38.5970,0.00000,0.00000,0.00000,0.00000,0.00000,0.00000,0.00000
-34.7560,-38.5870,0.00000,0.00000,0.00000,0.00000,0.00000,0.00000,0.00000
-34.7460,-38.5770,0.00000,0.00000,0.00000,0.00000,0.00000,0.00000,0.00000
-34.7360,-38.5670,0.00000,0.00000,0.00000,0.00000,0.00000,0.00000,0.00000
-34.7260,-38.5570,0.00000,0.00000,0.00000,0.00000,0.00000,0.00000,0.00000
-34.7160,-38.5470,0.00000,0.00000,0.00000,0.00000,0.00000,0.00000,0.00000
-34.7060,-38.5370,0.00000,0.00000,0.00000,0.00000,0.00000,0.00000,0.00000
-34.6960,-38.5270,0.00000,0.00000,0.00000,0.00000,0.00000,0.00000,0.00000
-34.6860,-38.5170,0.00000,0.00000,0.00000,0.00000,0.00000,0.00000,0.00000
-34.6760,-38.5070,0.00000,0.00000,0.00000,0.00000,0.00000,0.00000,0.00000
-34.6660,-38.4970,0.00000,0.00000,0.00000,0.00000,0.00000,0.00000,0.00000
-34.6560,-38.4870,0.00000,0.00000,0.00000,0.00000,0.00000,0.00000,0.00000
-34.6460,-38.4770,0.00000,0.00000,0.00000,0.00000,0.00000,0.00000,0.00000
-34.6360,-38.4670,0.00000,0.00000,0.00000,0.00000,0.00000,0.00000,0.00000
-34.6260,-38.4570,0.00000,0.00000,0.00000,0.00000,0.00000,0.00000,0.00000
-34.6160,-38.4470,0.00000,0.00000,0.00000,0.00000,0.00000,0.00000,0.00000
-34.6060,-38.4370,0.00000,0.00000,0.00000,0.00000,0.00000,0.00000,0.00000
-34.5960,-38.4270,0.00000,0.00000,0.00000,0.00000,0.00000,0.00000,0.00000
-34.5860,-38.4170,0.00000,0.00000,0.00000,0.00000,0.00000,0.00000,0.00000
-34.5760,-38.4070,0.00000,0.00000,0.00000,0.00000,0.00000,0.00000,0.00000
-34.5660,-38.3970,0.00000,0.00000,0.00000,0.00000,0.00000,0.00000,0.00000
-34.5560,-38.3870,0.00000,0.00000,0.00000,0.00000,0.00000,0.00000,0.00000
-34.5460,-38.3770,0.00000,0.00000,0.00000,0.00000,0.00000,0.00000,0.00000
-34.5360,-38.3670,0.00000,0.00000,0.00000,0.00000,0.00000,0.00000,0.00000
-34.5260,-38.3570,0.00000,0.00000,0.00000,0.00000,0.00000,0.00000,0.00000
-34.5160,-38.3470,0.00000,0.00000,0.00000,0.00000,0.00000,0.00000,0.00000
-34.5060,-38.3370,0.00000,0.00000,0.00000,0.00000,0.00000,0.00000,0.00000
-34.4960,-38.3270,0.00000,0.00000,0.00000,0.00000,0.00000,0.00000,0.00000
-34.4860,-38.3170,0.00000,0.00000,0.00000,0.00000,0.00000,0.00000,0.00000
-34.4760,-38.3070,0.00000,0.00000,0.00000,0.00000,0.00000,0.00000,0.00000
-34.4660,-38.2970,0.00000,0.00000,0.00000,0.00000,0.00000,0.00000,0.00000
-34.4560,-38.2870,0.00000,0.00000,0.00000,0.00000,0.00000,0.00000,0.00000
-34.4460,-38.2770,0.00000,0.00000,0.00000,0.00000,0.00000,0.00000,0.00000
-34.4360,-38.2670,0.00000,0.00000,0.00000,0.00000,0.00000,0.00000,0.00000
-34.4260,-38.2570,0.00000,0.00000,0.00000,0.00000,0.00000,0.00000,0.00000
-34.4160,-38.2470,0.00000,0.00000,0.00000,0.00000,0.00000,0.00000,0.00000
-34.4060,-38.2370,0.00000,0.00000,0.00000,0.00000,0.00000,0.00000,0.00000
-34.3960,-38.2270,0.00000,0.00000,0.00000,0.00000,0.00000,0.00000,0.00000
-34.3860,-38.2170,0.00000,0.00000,0.00000,0.00000,0.00000,0.00000,0.00000
-34.3760,-38.2070,0.00000,0.00000,0.00000,0.00000,0.00000,0.00000,0.00000
-34.3660,-38.1970,0.00000,0.00000,0.00000,0.00000,0.00000,0.00000,0.00000
-34.3560,-38.1870,0.00000,0.00000,0.00000,0.00000,0.00000,0.00000,0.00000
-34.3460,-38.1770,0.00000,0.00000,0.00000,0.00000,0.00000,0.00000,0.00000
-34.3360,-38.1670,0.00000,0.00000,0.00000,0.00000,0.00000,0.00000,0.00000
-34.3260,-38.1570,0.00000,0.00000,0.00000,0.00000,0.00000,0.00000,0.00000
-34.3160,-38.1470,0.00000,0.00000,0.00000,0.00000,0.00000,0.00000,0.00000
-34.3060,-38.1370,0.00000,0.00000,0.00000,0.00000,0.00000,0.00000,0.00000
-34.2960,-38.1270,0.00000,0.00000,0.00000,0.00000,0.00000,0.00000,0.00000
-34.2860,-38.1170,0.00000,0.00000,0.00000,0.00000,0.00000,0.00000,0.00000
-34.2760,-38.1070,0.00000,0.00000,0.00000,0.00000,0.00000,0.00000,0.00000
-34.2660,-38.0970,0.00000,0.00000,0.00000,0.00000,0.00000,0.00000,0.00000
-34.2560,-38.0870,0.00000,0.00000,0.00000,0.00000,0.00000,0.00000,0.00000
-34.2460,-38.0770,0.00000,0.00000,0.00000,0.00000,0.00000,0.00000,0.00000
-34.2360,-38.0670,0.00000,0.00000,0.00000,0.00000,0.00000,0.00000,0.00000
-34.2260,-38.0570,0.00000,0.00000,0.00000,0.00000,0.00000,0.00000,0.00000
-34.2160,-38.0470,0.00000,0.00000,0.00000,0.00000,0.00000,0.00000,0.00000
-34.2060,-38.0370,0.00000,0.00000,0.00000,0.00000,0.00000,0.00000,0.00000
-34.1960,-38.0270,0.00000,0.00000,0.00000,0.00000,0.00000,0.00000,0.00000
-34.1860,-38.0170,0.00000,0.00000,0.00000,0.00000,0.00000,0.00000,0.00000
-34.1760,-38.0070,0.00000,0.00000,0.00000,0.00000,0.00000,0.00000,0.00000
-34.1660,-37.9970,0.00000,0.00000,0.00000,0.00000,0.00000,0.00000,0.00000
-34.1560,-37.9870,0.00000,0.00000,0.00000,0.00000,0.00000,0.00000,0.00000
-34.1460,-37.9770,0.00000,0.00000,0.00000,0.00000,0.00000,0.00000,0.00000
-34.1360,-37.9670,0.00000,0.00000,0.00000,0.00000,0.00000,0.00000,0.00000
-34.1260,-37.9570,0.00000,0.00000,0.00000,0.00000,0.00000,0.00000,0.00000
-34.1160,-37.9470,0.00000,0.00000,0.00000,0.00000,0.00000,0.00000,0.00000
-34.1060,-37.9370,0.00000,0.00000,0.00000,0.00000,0.00000,0.00000,0.00000
-34.0960,-37.9270,0.00000,0.00000,0.00000,0.00000,0.00000,0.00000,0.00000
-34.0860,-37.9170,0.00000,0.00000,0.00000,0.00000,0.00000,0.00000,0.00000
-34.0760,-37.9070,0.00000,0.00000,0.00000,0.00000,0.00000,0.00000,0.00000
-34.0660,-37.8970,0.00000,0.00000,0.00000,0.00000,0.00000,0.00000,0.00000
-34.0560,-37.8870,0.00000,0.00000,0.00000,0.00000,0.00000,0.00000,0.00000
-34.0460,-37.8770,0.00000,0.00000,0.00000,0.00000,0.00000,0.00000,0.00000
-34.0360,-37.8670,0.00000,0.00000,0.00000,0.00000,0.00000,0.00000,0.00000
-34.0260,-37.8570,0.00000,0.00000,0.00000,0.00000,0.00000,0.00000,0.00000
-34.0160,-37.8470,0.00000,0.00000,0.00000,0.00000,0.00000,0.00000,0.00000
-34.0060,-37.8370,0.00000,0.00000,0.00000,0.00000,0.00000,0.00000,0.00000
-33.9960,-37.8270,0.00000,0.00000,0.00000,0.00000,0.00000,0.00000,0.00000
-33.9860,-37.8170,0.00000,0.00000,0.00000,0.00000,0.00000,0.00000,0.00000
-33.9760,-37.8070,0.00000,0.00000,0.00000,0.00000,0.00000,0.00000,0.00000
-33.9660,-37.7970,0.00000,0.00000,0.00000,0.00000,0.00000,0.00000,0.00000
-33.9560,-37.7870,0.00000,0.00000,0.00000,0.00000,0.00000,0.00000,0.00000
-33.9460,-37.7770,0.00000,0.00000,0.00000,0.00000,0.00000,0.00000,0.00000
-33.9360,-37.7670,0.00000,0.00000,0.00000,0.00000,0.00000,0.00000,0.00000
-33.9260,-37.7570,0.00000,0.00000,0.00000,0.00000,0.00000,0.00000,0.00000
-33.9160,-37.7470,0.00000,0.00000,0.00000,0.00000,0.00000,0.00000,0.00000
-33.9060,-37.7370,0.00000,0.00000,0.00000,0.00000,0.00000,0.00000,0.00000
-33.8960,-37.7270,0.00000,0.00000,0.00000,0.00000,0.00000,0.00000,0.00000
-33.8860,-37.7170,0.00000,0.00000,0.00000,0.00000,0.00000,0.00000,0.00000
-33.8760,-37.7070,0.00000,0.00000,0.00000,0.00000,0.00000,0.00000,0.00000
-33.8660,-37.6970,0.00000,0.00000,0.00000,0.00000,0.00000,0.00000,0.00000
-33.8560,-37.6870,0.00000,0.00000,0.00000,0.00000,0.00000,0.00000,0.00000
-33.8460,-37.6770,0.00000,0.00000,0.00000,0.00000,0.00000,0.00000,0.00000
-33.8360,-37.6670,0.00000,0.00000,0.00000,0.00000,0.00000,0.00000,0.00000
-33.8260,-37.6570,0.00000,0.00000,0.00000,0.00000,0.00000,0.00000,0.00000
-33.8160,-37.6470,0.00000,0.00000,0.00000,0.00000,0.00000,0.00000,0.00000
-33.8060,-37.6370,0.00000,0.00000,0.00000,0.00000,0.00000,0.00000,0.00000
-33.7960,-37.6270,0.00000,0.00000,0.00000,0.00000,0.00000,0.00000,0.00000
-33.7860,-37.6170,0.00000,0.00000,0.00000,0.00000,0.00000,0.00000,0.00000
-33.7760,-37.6070,0.00000,0.00000,0.00000,0.00000,0.00000,0.00000,0.00000
-33.7660,-37.5970,0.00000,0.00000,0.00000,0.00000,0.00000,0.00000,0.00000
-33.7560,-37.5870,0.00000,0.00000,0.00000,0.00000,0.00000,0.00000,0.00000
-33.7460,-37.5770,0.00000,0.00000,0.00000,0.00000,0.00000,0.00000,0.00000
-33.7360,-37.5670,0.00000,0.00000,0.00000,0.00000,0.00000,0.00000,0.00000
-33.7260,-37.5570,0.00000,0.00000,0.00000,0.00000,0.00000,0.00000,0.00000
-33.7160,-37.5470,0.00000,0.00000,0.00000,0.00000,0.00000,0.00000,0.00000
-33.7060,-37.5370,0.00000,0.00000,0.00000,0.00000,0.00000,0.00000,0.00000
-33.6960,-37.5270,0.00000,0.00000,0.00000,0.00000,0.00000,0.00000,0.00000
-33.6860,-37.5170,0.00000,0.00000,0.00000,0.00000,0.00000,0.00000,0.00000
-33.6760,-37.5070,0.00000,0.00000,0.00000,0.00000,0.00000,0.00000,0.00000
-33.6660,-37.4970,0.00000,0.00000,0.00000,0.00000,0.00000,0.00000,0.00000
-33.6560,-37.4870,0.00000,0.00000,0.00000,0.00000,0.00000,0.00000,0.00000
-33.6460,-37.4770,0.00000,0.00000,0.00000,0.00000,0.00000,0.00000,0.00000
-33.6360,-37.4670,0.00000,0.00000,0.00000,0.00000,0.00000,0.00000,0.00000
-33.6260,-37.4570,0.00000,0.00000,0.00000,0.00000,0.00000,0.00000,0.00000
-33.6160,-37.4470,0.00000,0.00000,0.00000,0.00000,0.00000,0.00000,0.00000
-33.6060,-37.4370,0.00000,0.00000,0.00000,0.00000,0.00000,0.00000,0.00000
-33.5960,-37.4270,0.00000,0.00000,0.00000,0.00000,0.00000,0.00000,0.00000
-33.5860,-37.4170,0.00000,0.00000,0.00000,0.00000,0.00000,0.00000,0.00000
-33.5760,-37.4070,0.00000,0.00000,0.00000,0.00000,0.00000,0.00000,0.00000
-33.5660,-37.3970,0.00000,0.00000,0.00000,0.00000,0.00000,0.00000,0.00000
-33.5560,-37.3870,0.00000,0.00000,0.00000,0.00000,0.00000,0.00000,0.00000
-33.5460,-37.3770,0.00000,0.00000,0.00000,0.00000,0.00000,0.00000,0.00000
-33.5360,-37.3670,0.00000,0.00000,0.00000,0.00000,0.00000,0.00000,0.00000
-33.5260,-37.3570,0.00000,0.00000,0.00000,0.00000,0.00000,0.00000,0.00000
-33.5160,-37.3470,0.00000,0.00000,0.00000,0.00000,0.00000,0.00000,0.00000
-33.5060,-37.3370,0.00000,0.00000,0.00000,0.00000,0.00000,0.00000,0.00000
-33.4960,-37.3270,0.00000,0.00000,0.00000,0.00000,0.00000,0.00000,0.00000
-33.4860,-37.3170,0.00000,0.00000,0.00000,0.00000,0.00000,0.00000,0.00000
-33.4760,-37.3070,0.00000,0.00000,0.00000,0.00000,0.00000,0.00000,0.00000
-33.4660,-37.2970,0.00000,0.00000,0.00000,0.00000,0.00000,0.00000,0.00000
-33.4560,-37.2870,0.00000,0.00000,0.00000,0.00000,0.00000,0.00000,0.00000
-33.4460,-37.2770,0.00000,0.00000,0.00000,0.00000,0.00000,0.00000,0.00000
-33.4360,-37.2670,0.00000,0.00000,0.00000,0.00000,0.00000,0.00000,0.00000
-33.4260,-37.2570,0.00000,0.00000,0.00000,0.00000,0.00000,0.00000,0.00000
-33.4160,-37.2470,0.00000,0.00000,0.00000,0.00000,0.00000,0.00000,0.00000
-33.4060,-37.2370,0.00000,0.00000,0.00000,0.00000,0.00000,0.00000,0.00000
-33.3960,-37.2270,0.00000,0.00000,0.00000,0.00000,0.00000,0.00000,0.00000
-33.3860,-37.2170,0.00000,0.00000,0.00000,0.00000,0.00000,0.00000,0.00000
-33.3760,-37.2070,0.00000,0.00000,0.00000,0.00000,0.00000,0.00000,0.00000
-33.3660,-37.1970,0.00000,0.00000,0.00000,0.00000,0.00000,0.00000,0.00000
-33.3560,-37.1870,0.00000,0.00000,0.00000,0.00000,0.00000,0.00000,0.00000
-33.3460,-37.1770,0.00000,0.00000,0.00000,0.00000,0.00000,0.00000,0.00000
-33.3360,-37.1670,0.00000,0.00000,0.00000,0.00000,0.00000,0.00000,0.00000
-33.3260,-37.1570,0.00000,0.00000,0.00000,0.00000,0.00000,0.00000,0.00000
-33.3160,-37.1470,0.00000,0.00000,0.00000,0.00000,0.00000,0.00000,0.00000
-33.3060,-37.1370,0.00000,0.00000,0.00000,0.00000,0.00000,0.00000,0.00000
-33.2960,-37.1270,0.00000,0.00000,0.00000,0.00000,0.00000,0.00000,0.00000
-33.2860,-37.1170,0.00000,0.00000,0.00000,0.00000,0.00000,0.00000,0.00000
-33.2760,-37.1070,0.00000,0.00000,0.00000,0.00000,0.00000,0.00000,0.00000
-33.2660,-37.0970,0.00000,0.00000,0.00000,0.00000,0.00000,0.00000,0.00000
-33.2560,-37.0870,0.00000,0.00000,0.00000,0.00000,0.00000,0.00000,0.00000
-33.2460,-37.0770,0.00000,0.00000,0.00000,0.00000,0.00000,0.00000,0.00000
-33.2360,-37.0670,0.00000,0.00000,0.00000,0.00000,0.00000,0.00000,0.00000
-33.2260,-37.0570,0.00000,0.00000,0.00000,0.00000,0.00000,0.00000,0.00000
-33.2160,-37.0470,0.00000,0.00000,0.00000,0.00000,0.00000,0.00000,0.00000
-33.2060,-37.0370,0.00000,0.00000,0.00000,0.00000,0.00000,0.00000,0.00000
-33.1960,-37.0270,0.00000,0.00000,0.00000,0.00000,0.00000,0.00000,0.00000
-33.1860,-37.0170,0.00000,0.00000,0.00000,0.00000,0.00000,0.00000,0.00000
-33.1760,-37.0070,0.00000,0.00000,0.00000,0.00000,0.00000,0.00000,0.00000
-33.1660,-36.9970,0.00000,0.00000,0.00000,0.00000,0.00000,0.00000,0.00000
-33.1560,-36.9870,0.00000,0.00000,0.00000,0.00000,0.00000,0.00000,0.00000
-33.1460,-36.9770,0.00000,0.00000,0.00000,0.00000,0.00000,0.00000,0.00000
-33.1360,-36.9670,0.00000,0.00000,0.00000,0.00000,0.00000,0.00000,0.00000
-33.1260,-36.9570,0.00000,0.00000,0.00000,0.00000,0.00000,0.00000,0.00000
-33.1160,-36.9470,0.00000,0.00000,0.00000,0.00000,0.00000,0.00000,0.00000
-33.1060,-36.9370,0.00000,0.00000,0.00000,0.00000,0.00000,0.00000,0.00000
-33.0960,-36.9270,0.00000,0.00000,0.00000,0.00000,0.00000,0.00000,0.00000
-33.0860,-36.9170,0.00000,0.00000,0.00000,0.00000,0.00000,0.00000,0.00000
-33.0760,-36.9070,0.00000,0.00000,0.00000,0.00000,0.00000,0.00000,0.00000
-33.0660,-36.8970,0.00000,0.00000,0.00000,0.00000,0.00000,0.00000,0.00000
-33.0560,-36.8870,0.00000,0.00000,0.00000,0.00000,0.00000,0.00000,0.00000
-33.0460,-36.8770,0.00000,0.00000,0.00000,0.00000,0.00000,0.00000,0.00000
-33.0360,-36.8670,0.00000,0.00000,0.00000,0.00000,0.00000,0.00000,0.00000
-33.0260,-36.8570,0.00000,0.00000,0.00000,0.00000,0.00000,0.00000,0.00000
-33.0160,-36.8470,0.00000,0.00000,0.00000,0.00000,0.00000,0.00000,0.00000
-33.0060,-36.8370,0.00000,0.00000,0.00000,0.00000,0.00000,0.00000,0.00000
-32.9960,-36.8270,0.00000,0.00000,0.00000,0.00000,0.00000,0.00000,0.00000
-32.9860,-36.8170,0.00000,0.00000,0.00000,0.00000,0.00000,0.00000,0.00000
-32.9760,-36.8070,0.00000,0.00000,0.00000,0.00000,0.00000,0.00000,0.00000
-32.9660,-36.7970,0.00000,0.00000,0.00000,0.00000,0.00000,0.00000,0.00000
-32.9560,-36.7870,0.00000,0.00000,0.00000,0.00000,0.00000,0.00000,0.00000
-32.9460,-36.7770,0.00000,0.00000,0.00000,0.00000,0.00000,0.00000,0.00000
-32.9360,-36.7670,0.00000,0.00000,0.00000,0.00000,0.00000,0.00000,0.00000
-32.9260,-36.7570,0.00000,0.00000,0.00000,0.00000,0.00000,0.00000,0.00000
-32.9160,-36.7470,0.00000,0.00000,0.00000,0.00000,0.00000,0.00000,0.00000
-32.9060,-36.7370,0.00000,0.00000,0.00000,0.00000,0.00000,0.00000,0.00000
-32.8960,-36.7270,0.00000,0.00000,0.00000,0.00000,0.00000,0.00000,0.00000
-32.8860,-36.7170,0.00000,0.00000,0.00000,0.00000,0.00000,0.00000,0.00000
-32.8760,-36.7070,0.00000,0.00000,0.00000,0.00000,0.00000,0.00000,0.00000
-32.8660,-36.6970,0.00000,0.00000,0.00000,0.00000,0.00000,0.00000,0.00000
-32.8560,-36.6870,0.00000,0.00000,0.00000,0.00000,0.00000,0.00000,0.00000
-32.8460,-36.6770,0.00000,0.00000,0.00000,0.00000,0.00000,0.00000,0.00000
-32.8360,-36.6670,0.00000,0.00000,0.00000,0.00000,0.00000,0.00000,0.00000
-32.8260,-36.6570,0.00000,0.00000,0.00000,0.00000,0.00000,0.00000,0.00000
-32.8160,-36.6470,0.00000,0.00000,0.00000,0.00000,0.00000,0.00000,0.00000
-32.8060,-36.6370,0.00000,0.00000,0.00000,0.00000,0.00000,0.00000,0.00000
-32.7960,-36.6270,0.00000,0.00000,0.00000,0.00000,0.00000,0.00000,0.00000
-32.7860,-36.6170,0.00000,0.00000,0.00000,0.00000,0.00000,0.00000,0.00000
-32.7760,-36.6070,0.00000,0.00000,0.00000,0.00000,0.00000,0.00000,0.00000
-32.7660,-36.5970,0.00000,0.00000,0.00000,0.00000,0.00000,0.00000,0.00000
-32.7560,-36.5870,0.00000,0.00000,0.00000,0.00000,0.00000,0.00000,0.00000
-32.7460,-36.5770,0.00000,0.00000,0.00000,0.00000,0.00000,0.00000,0.00000
-32.7360,-36.5670,0.00000,0.00000,0.00000,0.00000,0.00000,0.00000,0.00000
-32.7260,-36.5570,0.00000,0.00000,0.00000,0.00000,0.00000,0.00000,0.00000
-32.7160,-36.5470,0.00000,0.00000,0.00000,0.00000,0.00000,0.00000,0.00000
-32.7060,-36.5370,0.00000,0.00000,0.00000,0.00000,0.00000,0.00000,0.00000
-32.6960,-36.5270,0.00000,0.00000,0.00000,0.00000,0.00000,0.00000,0.00000
-32.6860,-36.5170,0.00000,0.00000,0.00000,0.00000,0.00000,0.00000,0.00000
-32.6760,-36.5070,0.00000,0.00000,0.00000,0.00000,0.00000,0.00000,0.00000
-32.6660,-36.4970,0.00000,0.00000,0.00000,0.00000,0.00000,0.00000,0.00000
-32.6560,-36.4870,0.00000,0.00000,0.00000,0.00000,0.00000,0.00000,0.00000
-32.6460,-36.4770,0.00000,0.00000,0.00000,0.00000,0.00000,0.00000,0.00000
-32.6360,-36.4670,0.00000,0.00000,0.00000,0.00000,0.00000,0.00000,0.00000
-32.6260,-36.4570,0.00000,0.00000,0.00000,0.00000,0.00000,0.00000,0.00000
-32.6160,-36.4470,0.00000,0.00000,0.00000,0.00000,0.00000,0.00000,0.00000
-32.6060,-36.4370,0.00000,0.00000,0.00000,0.00000,0.00000,0.00000,0.00000
-32.5960,-36.4270,0.00000,0.00000,0.00000,0.00000,0.00000,0.00000,0.00000
-32.5860,-36.4170,0.00000,0.00000,0.00000,0.00000,0.00000,0.00000,0.00000
-32.5760,-36.4070,0.00000,0.00000,0.00000,0.00000,0.00000,0.00000,0.00000
-32.5660,-36.3970,0.00000,0.00000,0.00000,0.00000,0.00000,0.00000,0.00000
-32.5560,-36.3870,0.00000,0.00000,0.00000,0.00000,0.00000,0.00000,0.00000
-32.5460,-36.3770,0.00000,0.00000,0.00000,0.00000,0.00000,0.00000,0.00000
-32.5360,-36.3670,0.00000,0.00000,0.00000,0.00000,0.00000,0.00000,0.00000
-32.5260,-36.3570,0.00000,0.00000,0.00000,0.00000,0.00000,0.00000,0.00000
-32.5160,-36.3470,0.00000,0.00000,0.00000,0.00000,0.00000,0.00000,0.00000
-32.5060,-36.3370,0.00000,0.00000,0.00000,0.00000,0.00000,0.00000,0.00000
-32.4960,-36.3270,0.00000,0.00000,0.00000,0.00000,0.00000,0.00000,0.00000
-32.4860,-36.3170,0.00000,0.00000,0.00000,0.00000,0.00000,0.00000,0.00000
-32.4760,-36.3070,0.00000,0.00000,0.00000,0.00000,0.00000,0.00000,0.00000
-32.4660,-36.2970,0.00000,0.00000,0.00000,0.00000,0.00000,0.00000,0.00000
-32.4560,-36.2870,0.00000,0.00000,0.00000,0.00000,0.00000,0.00000,0.00000
-32.4460,-36.2770,0.00000,0.00000,0.00000,0.00000,0.00000,0.00000,0.00000
-32.4360,-36.2670,0.00000,0.00000,0.00000,0.00000,0.00000,0.00000,0.00000
-32.4260,-36.2570,0.00000,0.00000,0.00000,0.00000,0.00000,0.00000,0.00000
-32.4160,-36.2470,0.00000,0.00000,0.00000,0.00000,0.00000,0.00000,0.00000
-32.4060,-36.2370,0.00000,0.00000,0.00000,0.00000,0.00000,0.00000,0.00000
-32.3960,-36.2270,0.00000,0.00000,0.00000,0.00000,0.00000,0.00000,0.00000
-32.3860,-36.2170,0.00000,0.00000,0.00000,0.00000,0.00000,0.00000,0.00000
-32.3760,-36.2070,0.00000,0.00000,0.00000,0.00000,0.00000,0.00000,0.00000
-32.3660,-36.1970,0.00000,0.00000,0.00000,0.00000,0.00000,0.00000,0.00000
-32.3560,-36.1870,0.00000,0.00000,0.00000,0.00000,0.00000,0.00000,0.00000
-32.3460,-36.1770,0.00000,0.00000,0.00000,0.00000,0.00000,0.00000,0.00000
-32.3360,-36.1670,0.00000,0.00000,0.00000,0.00000,0.00000,0.00000,0.00000
-32.3260,-36.1570,0.00000,0.00000,0.00000,0.00000,0.00000,0.00000,0.00000
-32.3160,-36.1470,0.00000,0.00000,0.00000,0.00000,0.00000,0.00000,0.00000
-32.3060,-36.1370,0.00000,0.00000,0.00000,0.00000,0.00000,0.00000,0.00000
-32.2960,-36.1270,0.00000,0.00000,0.00000,0.00000,0.00000,0.00000,0.00000
-32.2860,-36.1170,0.00000,0.00000,0.00000,0.00000,0.00000,0.00000,0.00000
-32.2760,-36.1070,0.00000,0.00000,0.00000,0.00000,0.00000,0.00000,0.00000
-32.2660,-36.0970,0.00000,0.00000,0.00000,0.00000,0.00000,0.00000,0.00000
-32.2560,-36.0870,0.00000,0.00000,0.00000,0.00000,0.00000,0.00000,0.00000
-32.2460,-36.0770,0.00000,0.00000,0.00000,0.00000,0.00000,0.00000,0.00000
-32.2360,-36.0670,0.00000,0.00000,0.00000,0.00000,0.00000,0.00000,0.00000
-32.2260,-36.0570,0.00000,0.00000,0.00000,0.00000,0.00000,0.00000,0.00000
-32.2160,-36.0470,0.00000,0.00000,0.00000,0.00000,0.00000,0.00000,0.00000
-32.2060,-36.0370,0.00000,0.00000,0.00000,0.00000,0.00000,0.00000,0.00000
-32.1960,-36.0270,0.00000,0.00000,0.00000,0.00000,0.00000,0.00000,0.00000
-32.1860,-36.0170,0.00000,0.00000,0.00000,0.00000,0.00000,0.00000,0.00000
-32.1760,-36.0070,0.00000,0.00000,0.00000,0.00000,0.00000,0.00000,0.00000
-32.1660,-35.9970,0.00000,0.00000,0.00000,0.00000,0.00000,0.00000,0.00000
-32.1560,-35.9870,0.00000,0.00000,0.00000,0.00000,0.00000,0.00000,0.00000
-32.1460,-35.9770,0.00000,0.00000,0.00000,0.00000,0.00000,0.00000,0.00000
-32.1360,-35.9670,0.00000,0.00000,0.00000,0.00000,0.00000,0.00000,0.00000
-32.1260,-35.9570,0.00000,0.00000,0.00000,0.00000,0.00000,0.00000,0.00000
-32.1160,-35.9470,0.00000,0.00000,0.00000,0.00000,0.00000,0.00000,0.00000
-32.1060,-35.9370,0.00000,0.00000,0.00000,0.00000,0.00000,0.00000,0.00000
-32.0960,-35.9270,0.00000,0.00000,0.00000,0.00000,0.00000,0.00000,0.00000
-32.0860,-35.9170,0.00000,0.00000,0.00000,0.00000,0.00000,0.00000,0.00000
-32.0760,-35.9070,0.00000,0.00000,0.00000,0.00000,0.00000,0.00000,0.00000
-32.0660,-35.8970,0.00000,0.00000,0.00000,0.00000,0.00000,0.00000,0.00000
-32.0560,-35.8870,0.00000,0.00000,0.00000,0.00000,0.00000,0.00000,0.00000
-32.0460,-35.8770,0.00000,0.00000,0.00000,0.00000,0.00000,0.00000,0.00000
-32.0360,-35.8670,0.00000,0.00000,0.00000,0.00000,0.00000,0.00000,0.00000
-32.0260,-35.8570,0.00000,0.00000,0.00000,0.00000,0.00000,0.00000,0.00000
-32.0160,-35.8470,0.00000,0.00000,0.00000,0.00000,0.00000,0.00000,0.00000
-32.0060,-35.8370,0.00000,0.00000,0.00000,0.00000,0.00000,0.00000,0.00000
-31.9960,-35.8270,0.00000,0.00000,0.00000,0.00000,0.00000,0.00000,0.00000
-31.9860,-35.8170,0.00000,0.00000,0.00000,0.00000,0.00000,0.00000,0.00000
-31.9760,-35.8070,0.00000,0.00000,0.00000,0.00000,0.00000,0.00000,0.00000
-31.9660,-35.7970,0.00000,0.00000,0.00000,0.00000,0.00000,0.00000,0.00000
-31.9560,-35.7870,0.00000,0.00000,0.00000,0.00000,0.00000,0.00000,0.00000
-31.9460,-35.7770,0.00000,0.00000,0.00000,0.00000,0.00000,0.00000,0.00000
-31.9360,-35.7670,0.00000,0.00000,0.00000,0.00000,0.00000,0.00000,0.00000
-31.9260,-35.7570,0.00000,0.00000,0.00000,0.00000,0.00000,0.00000,0.00000
-31.9160,-35.7470,0.00000,0.00000,0.00000,0.00000,0.00000,0.00000,0.00000
-31.9060,-35.7370,0.00000,0.00000,0.00000,0.00000,0.00000,0.00000,0.00000
-31.8960,-35.7270,0.00000,0.00000,0.00000,0.00000,0.00000,0.00000,0.00000
-31.8860,-35.7170,0.00000,0.00000,0.00000,0.00000,0.00000,0.00000,0.00000
-31.8760,-35.7070,0.00000,0.00000,0.00000,0.00000,0.00000,0.00000,0.00000
-31.8660,-35.6970,0.00000,0.00000,0.00000,0.00000,0.00000,0.00000,0.00000
-31.8560,-35.6870,0.00000,0.00000,0.00000,0.00000,0.00000,0.00000,0.00000
-31.8460,-35.6770,0.00000,0.00000,0.00000,0.00000,0.00000,0.00000,0.00000
-31.8360,-35.6670,0.00000,0.00000,0.00000,0.00000,0.00000,0.00000,0.00000
-31.8260,-35.6570,0.00000,0.00000,0.00000,0.00000,0.00000,0.00000,0.00000
-31.8160,-35.6470,0.00000,0.00000,0.00000,0.00000,0.00000,0.00000,0.00000
-31.8060,-35.6370,0.00000,0.00000,0.00000,0.00000,0.00000,0.00000,0.00000
-31.7960,-35.6270,0.00000,0.00000,0.00000,0.00000,0.00000,0.00000,0.00000
-31.7860,-35.6170,0.00000,0.00000,0.00000,0.00000,0.00000,0.00000,0.00000
-31.7760,-35.6070,0.00000,0.00000,0.00000,0.00000,0.00000,0.00000,0.00000
-31.7660,-35.5970,0.00000,0.00000,0.00000,0.00000,0.00000,0.00000,0.00000
-31.7560,-35.5870,0.00000,0.00000,0.00000,0.00000,0.00000,0.00000,0.00000
-31.7460,-35.5770,0.00000,0.00000,0.00000,0.00000,0.00000,0.00000,0.00000
-31.7360,-35.5670,0.00000,0.00000,0.00000,0.00000,0.00000,0.00000,0.00000
-31.7260,-35.5570,0.00000,0.00000,0.00000,0.00000,0.00000,0.00000,0.00000
-31.7160,-35.5470,0.00000,0.00000,0.00000,0.00000,0.00000,0.00000,0.00000
-31.7060,-35.5370,0.00000,0.00000,0.00000,0.00000,0.00000,0.00000,0.00000
-31.6960,-35.5270,0.00000,0.00000,0.00000,0.00000,0.00000,0.00000,0.00000
-31.6860,-35.5170,0.00000,0.00000,0.00000,0.00000,0.00000,0.00000,0.00000
-31.6760,-35.5070,0.00000,0.00000,0.00000,0.00000,0.00000,0.00000,0.00000
-31.6660,-35.4970,0.00000,0.00000,0.00000,0.00000,0.00000,0.00000,0.00000
-31.6560,-35.4870,0.00000,0.00000,0.00000,0.00000,0.00000,0.00000,0.00000
-31.6460,-35.4770,0.00000,0.00000,0.00000,0.00000,0.00000,0.00000,0.00000
-31.6360,-35.4670,0.00000,0.00000,0.00000,0.00000,0.00000,0.00000,0.00000
-31.6260,-35.4570,0.00000,0.00000,0.00000,0.00000,0.00000,0.00000,0.00000
-31.6160,-35.4470,0.00000,0.00000,0.00000,0.00000,0.00000,0.00000,0.00000
-31.6060,-35.4370,0.00000,0.00000,0.00000,0.00000,0.00000,0.00000,0.00000
-31.5960,-35.4270,0.00000,0.00000,0.00000,0.00000,0.00000,0.00000,0.00000
-31.5860,-35.4170,0.00000,0.00000,0.00000,0.00000,0.00000,0.00000,0.00000
-31.5760,-35.4070,0.00000,0.00000,0.00000,0.00000,0.00000,0.00000,0.00000
-31.5660,-35.3970,0.00000,0.00000,0.00000,0.00000,0.00000,0.00000,0.00000
-31.5560,-35.3870,0.00000,0.00000,0.00000,0.00000,0.00000,0.00000,0.00000
-31.5460,-35.3770,0.00000,0.00000,0.00000,0.00000,0.00000,0.00000,0.00000
-31.5360,-35.3670,0.00000,0.00000,0.00000,0.00000,0.00000,0.00000,0.00000
-31.5260,-35.3570,0.00000,0.00000,0.00000,0.00000,0.00000,0.00000,0.00000
-31.5160,-35.3470,0.00000,0.00000,0.00000,0.00000,0.00000,0.00000,0.00000
-31.5060,-35.3370,0.00000,0.00000,0.00000,0.00000,0.00000,0.00000,0.00000
-31.4960,-35.3270,0.00000,0.00000,0.00000,0.00000,0.00000,0.00000,0.00000
-31.4860,-35.3170,0.00000,0.00000,0.00000,0.00000,0.00000,0.00000,0.00000
-31.4760,-35.3070,0.00000,0.00000,0.00000,0.00000,0.00000,0.00000,0.00000
-31.4660,-35.2970,0.00000,0.00000,0.00000,0.00000,0.00000,0.00000,0.00000
-31.4560,-35.2870,0.00000,0.00000,0.00000,0.00000,0.00000,0.00000,0.00000
-31.4460,-35.2770,0.00000,0.00000,0.00000,0.00000,0.00000,0.00000,0.00000
-31.4360,-35.2670,0.00000,0.00000,0.00000,0.00000,0.00000,0.00000,0.00000
-31.4260,-35.2570,0.00000,0.00000,0.00000,0.00000,0.00000,0.00000,0.00000
-31.4160,-35.2470,0.00000,0.00000,0.00000,0.00000,0.00000,0.00000,0.00000
-31.4060,-35.2370,0.00000,0.00000,0.00000,0.00000,0.00000,0.00000,0.00000
-31.3960,-35.2270,0.00000,0.00000,0.00000,0.00000,0.00000,0.00000,0.00000
-31.3860,-35.2170,0.00000,0.00000,0.00000,0.00000,0.00000,0.00000,0.00000
-31.3760,-35.2070,0.00000,0.00000,0.00000,0.00000,0.00000,0.00000,0.00000
-31.3660,-35.1970,0.00000,0.00000,0.00000,0.00000,0.00000,0.00000,0.00000
-31.3560,-35.1870,0.00000,0.00000,0.00000,0.00000,0.00000,0.00000,0.00000
-31.3460,-35.1770,0.00000,0.00000,0.00000,0.00000,0.00000,0.00000,0.00000
-31.3360,-35.1670,0.00000,0.00000,0.00000,0.00000,0.00000,0.00000,0.00000
-31.3260,-35.1570,0.00000,0.00000,0.00000,0.00000,0.00000,0.00000,0.00000
-31.3160,-35.1470,0.00000,0.00000,0.00000,0.00000,0.00000,0.00000,0.00000
-31.3060,-35.1370,0.00000,0.00000,0.00000,0.00000,0.00000,0.00000,0.00000
-31.2960,-35.1270,0.00000,0.00000,0.00000,0.00000,0.00000,0.00000,0.00000
-31.2860,-35.1170,0.00000,0.00000,0.00000,0.00000,0.00000,0.00000,0.00000
-31.2760,-35.1070,0.00000,0.00000,0.00000,0.00000,0.00000,0.00000,0.00000
-31.2660,-35.0970,0.00000,0.00000,0.00000,0.00000,0.00000,0.00000,0.00000
-31.2560,-35.0870,0.00000,0.00000,0.00000,0.00000,0.00000,0.00000,0.00000
-31.2460,-35.0770,0.00000,0.00000,0.00000,0.00000,0.00000,0.00000,0.00000
-31.2360,-35.0670,0.00000,0.00000,0.00000,0.00000,0.00000,0.00000,0.00000
-31.2260,-35.0570,0.00000,0.00000,0.00000,0.00000,0.00000,0.00000,0.00000
-31.2160,-35.0470,0.00000,0.00000,0.00000,0.00000,0.00000,0.00000,0.00000
-31.2060,-35.0370,0.00000,0.00000,0.00000,0.00000,0.00000,0.00000,0.00000
-31.1960,-35.0270,0.00000,0.00000,0.00000,0.00000,0.00000,0.00000,0.00000
-31.1860,-35.0170,0.00000,0.00000,0.00000,0.00000,0.00000,0.00000,0.00000
-31.1760,-35.0070,0.00000,0.00000,0.00000,0.00000,0.00000,0.00000,0.00000
-31.1660,-34.9970,0.00000,0.00000,0.00000,0.00000,0.00000,0.00000,0.00000
-31.1560,-34.9870,0.00000,0.00000,0.00000,0.00000,0.00000,0.00000,0.00000
-31.1460,-34.9770,0.00000,0.00000,0.00000,0.00000,0.00000,0.00000,0.00000
-31.1360,-34.9670,0.00000,0.00000,0.00000,0.00000,0.00000,0.00000,0.00000
-31.1260,-34.9570,0.00000,0.00000,0.00000,0.00000,0.00000,0.00000,0.00000
-31.1160,-34.9470,0.00000,0.00000,0.00000,0.00000,0.00000,0.00000,0.00000
-31.1060,-34.9370,0.00000,0.00000,0.00000,0.00000,0.00000,0.00000,0.00000
-31.0960,-34.9270,0.00000,0.00000,0.00000,0.00000,0.00000,0.00000,0.00000
-31.0860,-34.9170,0.00000,0.00000,0.00000,0.00000,0.00000,0.00000,0.00000
-31.0760,-34.9070,0.00000,0.00000,0.00000,0.00000,0.00000,0.00000,0.00000
-31.0660,-34.8970,0.00000,0.00000,0.00000,0.00000,0.00000,0.00000,0.00000
-31.0560,-34.8870,0.00000,0.00000,0.00000,0.00000,0.00000,0.00000,0.00000
-31.0460,-34.8770,0.00000,0.00000,0.00000,0.00000,0.00000,0.00000,0.00000
-31.0360,-34.8670,0.00000,0.00000,0.00000,0.00000,0.00000,0.00000,0.00000
-31.0260,-34.8570,0.00000,0.00000,0.00000,0.00000,0.00000,0.00000,0.00000
-31.0160,-34.8470,0.00000,0.00000,0.00000,0.00000,0.00000,0.00000,0.00000
-31.0060,-34.8370,0.00000,0.00000,0.00000,0.00000,0.00000,0.00000,0.00000
-30.9960,-34.8270,0.00000,0.00000,0.00000,0.00000,0.00000,0.00000,0.00000
-30.9860,-34.8170,0.00000,0.00000,0.00000,0.00000,0.00000,0.00000,0.00000
-30.9760,-34.8070,0.00000,0.00000,0.00000,0.00000,0.00000,0.00000,0.00000
-30.9660,-34.7970,0.00000,0.00000,0.00000,0.00000,0.00000,0.00000,0.00000
-30.9560,-34.7870,0.00000,0.00000,0.00000,0.00000,0.00000,0.00000,0.00000
-30.9460,-34.7770,0.00000,0.00000,0.00000,0.00000,0.00000,0.00000,0.00000
-30.9360,-34.7670,0.00000,0.00000,0.00000,0.00000,0.00000,0.00000,0.00000
-30.9260,-34.7570,0.00000,0.00000,0.00000,0.00000,0.00000,0.00000,0.00000
-30.9160,-34.7470,0.00000,0.00000,0.00000,0.00000,0.00000,0.00000,0.00000
-30.9060,-34.7370,0.00000,0.00000,0.00000,0.00000,0.00000,0.00000,0.00000
-30.8960,-34.7270,0.00000,0.00000,0.00000,0.00000,0.00000,0.00000,0.00000
-30.8860,-34.7170,0.00000,0.00000,0.00000,0.00000,0.00000,0.00000,0.00000
-30.8760,-34.7070,0.00000,0.00000,0.00000,0.00000,0.00000,0.00000,0.00000
-30.8660,-34.6970,0.00000,0.00000,0.00000,0.00000,0.00000,0.00000,0.00000
-30.8560,-34.6870,0.00000,0.00000,0.00000,0.00000,0.00000,0.00000,0.00000
-30.8460,-34.6770,0.00000,0.00000,0.00000,0.00000,0.00000,0.00000,0.00000
-30.8360,-34.6670,0.00000,0.00000,0.00000,0.00000,0.00000,0.00000,0.00000
-30.8260,-34.6570,0.00000,0.00000,0.00000,0.00000,0.00000,0.00000,0.00000
-30.8160,-34.6470,0.00000,0.00000,0.00000,0.00000,0.00000,0.00000,0.00000
-30.8060,-34.6370,0.00000,0.00000,0.00000,0.00000,0.00000,0.00000,0.00000
-30.7960,-34.6270,0.00000,0.00000,0.00000,0.00000,0.00000,0.00000,0.00000
-30.7860,-34.6170,0.00000,0.00000,0.00000,0.00000,0.00000,0.00000,0.00000
-30.7760,-34.6070,0.00000,0.00000,0.00000,0.00000,0.00000,0.00000,0.00000
-30.7660,-34.5970,0.00000,0.00000,0.00000,0.00000,0.00000,0.00000,0.00000
-30.7560,-34.5870,0.00000,0.00000,0.00000,0.00000,0.00000,0.00000,0.00000
-30.7460,-34.5770,0.00000,0.00000,0.00000,0.00000,0.00000,0.00000,0.00000
-30.7360,-34.5670,0.00000,0.00000,0.00000,0.00000,0.00000,0.00000,0.00000
-30.7260,-34.5570,0.00000,0.00000,0.00000,0.00000,0.00000,0.00000,0.00000
-30.7160,-34.5470,0.00000,0.00000,0.00000,0.00000,0.00000,0.00000,0.00000
-30.7060,-34.5370,0.00000,0.00000,0.00000,0.00000,0.00000,0.00000,0.00000
-30.6960,-34.5270,0.00000,0.00000,0.00000,0.00000,0.00000,0.00000,0.00000
-30.6860,-34.5170,0.00000,0.00000,0.00000,0.00000,0.00000,0.00000,0.00000
-30.6760,-34.5070,0.00000,0.00000,0.00000,0.00000,0.00000,0.00000,0.00000
-30.6660,-34.4970,0.00000,0.00000,0.00000,0.00000,0.00000,0.00000,0.00000
-30.6560,-34.4870,0.00000,0.00000,0.00000,0.00000,0.00000,0.00000,0.00000
-30.6460,-34.4770,0.00000,0.00000,0.00000,0.00000,0.00000,0.00000,0.00000
-30.6360,-34.4670,0.00000,0.00000,0.00000,0.00000,0.00000,0.00000,0.00000
-30.6260,-34.4570,0.00000,0.00000,0.00000,0.00000,0.00000,0.00000,0.00000
-30.6160,-34.4470,0.00000,0.00000,0.00000,0.00000,0.00000,0.00000,0.00000
-30.6060,-34.4370,0.00000,0.00000,0.00000,0.00000,0.00000,0.00000,0.00000
-30.5960,-34.4270,0.00000,0.00000,0.00000,0.00000,0.00000,0.00000,0.00000
-30.5860,-34.4170,0.00000,0.00000,0.00000,0.00000,0.00000,0.00000,0.00000
-30.5760,-34.4070,0.00000,0.00000,0.00000,0.00000,0.00000,0.00000,0.00000
-30.5660,-34.3970,0.00000,0.00000,0.00000,0.00000,0.00000,0.00000,0.00000
-30.5560,-34.3870,0.00000,0.00000,0.00000,0.00000,0.00000,0.00000,0.00000
-30.5460,-34.3770,0.00000,0.00000,0.00000,0.00000,0.00000,0.00000,0.00000
-30.5360,-34.3670,0.00000,0.00000,0.00000,0.00000,0.00000,0.00000,0.00000
-30.5260,-34.3570,0.00000,0.00000,0.00000,0.00000,0.00000,0.00000,0.00000
-30.5160,-34.3470,0.00000,0.00000,0.00000,0.00000,0.00000,0.00000,0.00000
-30.5060,-34.3370,0.00000,0.00000,0.00000,0.00000,0.00000,0.00000,0.00000
-30.4960,-34.3270,0.00000,0.00000,0.00000,0.00000,0.00000,0.00000,0.00000
-30.4860,-34.3170,0.00000,0.00000,0.00000,0.00000,0.00000,0.00000,0.00000
-30.4760,-34.3070,0.00000,0.00000,0.00000,0.00000,0.00000,0.00000,0.00000
-30.4660,-34.2970,0.00000,0.00000,0.00000,0.00000,0.00000,0.00000,0.00000
-30.4560,-34.2870,0.00000,0.00000,0.00000,0.00000,0.00000,0.00000,0.00000
-30.4460,-34.2770,0.00000,0.00000,0.00000,0.00000,0.00000,0.00000,0.00000
-30.4360,-34.2670,0.00000,0.00000,0.00000,0.00000,0.00000,0.00000,0.00000
-30.4260,-34.2570,0.00000,0.00000,0.00000,0.00000,0.00000,0.00000,0.00000
-30.4160,-34.2470,0.00000,0.00000,0.00000,0.00000,0.00000,0.00000,0.00000
-30.4060,-34.2370,0.00000,0.00000,0.00000,0.00000,0.00000,0.00000,0.00000
-30.3960,-34.2270,0.00000,0.00000,0.00000,0.00000,0.00000,0.00000,0.00000
-30.3860,-34.2170,0.00000,0.00000,0.00000,0.00000,0.00000,0.00000,0.00000
-30.3760,-34.2070,0.00000,0.00000,0.00000,0.00000,0.00000,0.00000,0.00000
-30.3660,-34.1970,0.00000,0.00000,0.00000,0.00000,0.00000,0.00000,0.00000
-30.3560,-34.1870,0.00000,0.00000,0.00000,0.00000,0.00000,0.00000,0.00000
-30.3460,-34.1770,0.00000,0.00000,0.00000,0.00000,0.00000,0.00000,0.00000
-30.3360,-34.1670,0.00000,0.00000,0.00000,0.00000,0.00000,0.00000,0.00000
-30.3260,-34.1570,0.00000,0.00000,0.00000,0.00000,0.00000,0.00000,0.00000
-30.3160,-34.1470,0.00000,0.00000,0.00000,0.00000,0.00000,0.00000,0.00000
-30.3060,-34.1370,0.00000,0.00000,0.00000,0.00000,0.00000,0.00000,0.00000
-30.2960,-34.1270,0.00000,0.00000,0.00000,0.00000,0.00000,0.00000,0.00000
-30.2860,-34.1170,0.00000,0.00000,0.00000,0.00000,0.00000,0.00000,0.00000
-30.2760,-34.1070,0.00000,0.00000,0.00000,0.00000,0.00000,0.00000,0.00000
-30.2660,-34.0970,0.00000,0.00000,0.00000,0.00000,0.00000,0.00000,0.00000
-30.2560,-34.0870,0.00000,0.00000,0.00000,0.00000,0.00000,0.00000,0.00000
-30.2460,-34.0770,0.00000,0.00000,0.00000,0.00000,0.00000,0.00000,0.00000
-30.2360,-34.0670,0.00000,0.00000,0.00000,0.00000,0.00000,0.00000,0.00000
-30.2260,-34.0570,0.00000,0.00000,0.00000,0.00000,0.00000,0.00000,0.00000
-30.2160,-34.0470,0.00000,0.00000,0.00000,0.00000,0.00000,0.00000,0.00000
-30.2060,-34.0370,0.00000,0.00000,0.00000,0.00000,0.00000,0.00000,0.00000
-30.1960,-34.0270,0.00000,0.00000,0.00000,0.00000,0.00000,0.00000,0.00000
-30.1860,-34.0170,0.00000,0.00000,0.00000,0.00000,0.00000,0.00000,0.00000
-30.1760,-34.0070,0.00000,0.00000,0.00000,0.00000,0.00000,0.00000,0.00000
-30.1660,-33.9970,0.00000,0.00000,0.00000,0.00000,0.00000,0.00000,0.00000
-30.1560,-33.9870,0.00000,0.00000,0.00000,0.00000,0.00000,0.00000,0.00000
-30.1460,-33.9770,0.00000,0.00000,0.00000,0.00000,0.00000,0.00000,0.00000
-30.1360,-33.9670,0.00000,0.00000,0.00000,0.00000,0.00000,0.00000,0.00000
-30.1260,-33.9570,0.00000,0.00000,0.00000,0.00000,0.00000,0.00000,0.00000
-30.1160,-33.9470,0.00000,0.00000,0.00000,0.00000,0.00000,0.00000,0.00000
-30.1060,-33.9370,0.00000,0.00000,0.00000,0.00000,0.00000,0.00000,0.00000
-30.0960,-33.9270,0.00000,0.00000,0.00000,0.00000,0.00000,0.00000,0.00000
-30.0860,-33.9170,0.00000,0.00000,0.00000,0.00000,0.00000,0.00000,0.00000
-30.0760,-33.9070,0.00000,0.00000,0.00000,0.00000,0.00000,0.00000,0.00000
-30.0660,-33.8970,0.00000,0.00000,0.00000,0.00000,0.00000,0.00000,0.00000
-30.0560,-33.8870,0.00000,0.00000,0.00000,0.00000,0.00000,0.00000,0.00000
-30.0460,-33.8770,0.00000,0.00000,0.00000,0.00000,0.00000,0.00000,0.00000
-30.0360,-33.8670,0.00000,0.00000,0.00000,0.00000,0.00000,0.00000,0.00000
-30.0260,-33.8570,0.00000,0.00000,0.00000,0.00000,0.00000,0.00000,0.00000
-30.0160,-33.8470,0.00000,0.00000,0.00000,0.00000,0.00000,0.00000,0.00000
-30.0060,-33.8370,0.00000,0.00000,0.00000,0.00000,0.00000,0.00000,0.00000
-29.9960,-33.8270,0.00000,0.00000,0.00000,0.00000,0.00000,0.00000,0.00000
-29.9860,-33.8170,0.00000,0.00000,0.00000,0.00000,0.00000,0.00000,0.00000
-29.9760,-33.8070,0.00000,0.00000,0.00000,0.00000,0.00000,0.00000,0.00000
-29.9660,-33.7970,0.00000,0.00000,0.00000,0.00000,0.00000,0.00000,0.00000
-29.9560,-33.7870,0.00000,0.00000,0.00000,0.00000,0.00000,0.00000,0.00000
-29.9460,-33.7770,0.00000,0.00000,0.00000,0.00000,0.00000,0.00000,0.00000
-29.9360,-33.7670,0.00000,0.00000,0.00000,0.00000,0.00000,0.00000,0.00000
-29.9260,-33.7570,0.00000,0.00000,0.00000,0.00000,0.00000,0.00000,0.00000
-29.9160,-33.7470,0.00000,0.00000,0.00000,0.00000,0.00000,0.00000,0.00000
-29.9060,-33.7370,0.00000,0.00000,0.00000,0.00000,0.00000,0.00000,0.00000
-29.8960,-33.7270,0.00000,0.00000,0.00000,0.00000,0.00000,0.00000,0.00000
-29.8860,-33.7170,0.00000,0.00000,0.00000,0.00000,0.00000,0.00000,0.00000
-29.8760,-33.7070,0.00000,0.00000,0.00000,0.00000,0.00000,0.00000,0.00000
-29.8660,-33.6970,0.00000,0.00000,0.00000,0.00000,0.00000,0.00000,0.00000
-29.8560,-33.6870,0.00000,0.00000,0.00000,0.00000,0.00000,0.00000,0.00000
-29.8460,-33.6770,0.00000,0.00000,0.00000,0.00000,0.00000,0.00000,0.00000
-29.8360,-33.6670,0.00000,0.00000,0.00000,0.00000,0.00000,0.00000,0.00000
-29.8260,-33.6570,0.00000,0.00000,0.00000,0.00000,0.00000,0.00000,0.00000
-29.8160,-33.6470,0.00000,0.00000,0.00000,0.00000,0.00000,0.00000,0.00000
-29.8060,-33.6370,0.00000,0.00000,0.00000,0.00000,0.00000,0.00000,0.00000
-29.7960,-33.6270,0.00000,0.00000,0.00000,0.00000,0.00000,0.00000,0.00000
-29.7860,-33.6170,0.00000,0.00000,0.00000,0.00000,0.00000,0.00000,0.00000
-29.7760,-33.6070,0.00000,0.00000,0.00000,0.00000,0.00000,0.00000,0.00000
-29.7660,-33.5970,0.00000,0.00000,0.00000,0.00000,0.00000,0.00000,0.00000
-29.7560,-33.5870,0.00000,0.00000,0.00000,0.00000,0.00000,0.00000,0.00000
-29.7460,-33.5770,0.00000,0.00000,0.00000,0.00000,0.00000,0.00000,0.00000
-29.7360,-33.5670,0.00000,0.00000,0.00000,0.00000,0.00000,0.00000,0.00000
-29.7260,-33.5570,0.00000,0.00000,0.00000,0.00000,0.00000,0.00000,0.00000
-29.7160,-33.5470,0.00000,0.00000,0.00000,0.00000,0.00000,0.00000,0.00000
-29.7060,-33.5370,0.00000,0.00000,0.00000,0.00000,0.00000,0.00000,0.00000
-29.6960,-33.5270,0.00000,0.00000,0.00000,0.00000,0.00000,0.00000,0.00000
-29.6860,-33.5170,0.00000,0.00000,0.00000,0.00000,0.00000,0.00000,0.00000
-29.6760,-33.5070,0.00000,0.00000,0.00000,0.00000,0.00000,0.00000,0.00000
-29.6660,-33.4970,0.00000,0.00000,0.00000,0.00000,0.00000,0.00000,0.00000
-29.6560,-33.4870,0.00000,0.00000,0.00000,0.00000,0.00000,0.00000,0.00000
-29.6460,-33.4770,0.00000,0.00000,0.00000,0.00000,0.00000,0.00000,0.00000
-29.6360,-33.4670,0.00000,0.00000,0.00000,0.00000,0.00000,0.00000,0.00000
-29.6260,-33.4570,0.00000,0.00000,0.00000,0.00000,0.00000,0.00000,0.00000
-29.6160,-33.4470,0.00000,0.00000,0.00000,0.00000,0.00000,0.00000,0.00000
-29.6060,-33.4370,0.00000,0.00000,0.00000,0.00000,0.00000,0.00000,0.00000
-29.5960,-33.4270,0.00000,0.00000,0.00000,0.00000,0.00000,0.00000,0.00000
-29.5860,-33.4170,0.00000,0.00000,0.00000,0.00000,0.00000,0.00000,0.00000
-29.5760,-33.4070,0.00000,0.00000,0.00000,0.00000,0.00000,0.00000,0.00000
-29.5660,-33.3970,0.00000,0.00000,0.00000,0.00000,0.00000,0.00000,0.00000
-29.5560,-33.3870,0.00000,0.00000,0.00000,0.00000,0.00000,0.00000,0.00000
-29.5460,-33.3770,0.00000,0.00000,0.00000,0.00000,0.00000,0.00000,0.00000
-29.5360,-33.3670,0.00000,0.00000,0.00000,0.00000,0.00000,0.00000,0.00000
-29.5260,-33.3570,0.00000,0.00000,0.00000,0.00000,0.00000,0.00000,0.00000
-29.5160,-33.3470,0.00000,0.00000,0.00000,0.00000,0.00000,0.00000,0.00000
-29.5060,-33.3370,0.00000,0.00000,0.00000,0.00000,0.00000,0.00000,0.00000
-29.4960,-33.3270,0.00000,0.00000,0.00000,0.00000,0.00000,0.00000,0.00000
-29.4860,-33.3170,0.00000,0.00000,0.00000,0.00000,0.00000,0.00000,0.00000
-29.4760,-33.3070,0.00000,0.00000,0.00000,0.00000,0.00000,0.00000,0.00000
-29.4660,-33.2970,0.00000,0.00000,0.00000,0.00000,0.00000,0.00000,0.00000
-29.4560,-33.2870,0.00000,0.00000,0.00000,0.00000,0.00000,0.00000,0.00000
-29.4460,-33.2770,0.00000,0.00000,0.00000,0.00000,0.00000,0.00000,0.00000
-29.4360,-33.2670,0.00000,0.00000,0.00000,0.00000,0.00000,0.00000,0.00000
-29.4260,-33.2570,0.00000,0.00000,0.00000,0.00000,0.00000,0.00000,0.00000
-29.4160,-33.2470,0.00000,0.00000,0.00000,0.00000,0.00000,0.00000,0.00000
-29.4060,-33.2370,0.00000,0.00000,0.00000,0.00000,0.00000,0.00000,0.00000
-29.3960,-33.2270,0.00000,0.00000,0.00000,0.00000,0.00000,0.00000,0.00000
-29.3860,-33.2170,0.00000,0.00000,0.00000,0.00000,0.00000,0.00000,0.00000
-29.3760,-33.2070,0.00000,0.00000,0.00000,0.00000,0.00000,0.00000,0.00000
-29.3660,-33.1970,0.00000,0.00000,0.00000,0.00000,0.00000,0.00000,0.00000
-29.3560,-33.1870,0.00000,0.00000,0.00000,0.00000,0.00000,0.00000,0.00000
-29.3460,-33.1770,0.00000,0.00000,0.00000,0.00000,0.00000,0.00000,0.00000
-29.3360,-33.1670,0.00000,0.00000,0.00000,0.00000,0.00000,0.00000,0.00000
-29.3260,-33.1570,0.00000,0.00000,0.00000,0.00000,0.00000,0.00000,0.00000
-29.3160,-33.1470,0.00000,0.00000,0.00000,0.00000,0.00000,0.00000,0.00000
-29.3060,-33.1370,0.00000,0.00000,0.00000,0.00000,0.00000,0.00000,0.00000
-29.2960,-33.1270,0.00000,0.00000,0.00000,0.00000,0.00000,0.00000,0.00000
-29.2860,-33.1170,0.00000,0.00000,0.00000,0.00000,0.00000,0.00000,0.00000
-29.2760,-33.1070,0.00000,0.00000,0.00000,0.00000,0.00000,0.00000,0.00000
-29.2660,-33.0970,0.00000,0.00000,0.00000,0.00000,0.00000,0.00000,0.00000
-29.2560,-33.0870,0.00000,0.00000,0.00000,0.00000,0.00000,0.00000,0.00000
-29.2460,-33.0770,0.00000,0.00000,0.00000,0.00000,0.00000,0.00000,0.00000
-29.2360,-33.0670,0.00000,0.00000,0.00000,0.00000,0.00000,0.00000,0.00000
-29.2260,-33.0570,0.00000,0.00000,0.00000,0.00000,0.00000,0.00000,0.00000
-29.2160,-33.0470,0.00000,0.00000,0.00000,0.00000,0.00000,0.00000,0.00000
-29.2060,-33.0370,0.00000,0.00000,0.00000,0.00000,0.00000,0.00000,0.00000
-29.1960,-33.0270,0.00000,0.00000,0.00000,0.00000,0.00000,0.00000,0.00000
-29.1860,-33.0170,0.00000,0.00000,0.00000,0.00000,0.00000,0.00000,0.00000
-29.1760,-33.0070,0.00000,0.00000,0.00000,0.00000,0.00000,0.00000,0.00000
-29.1660,-32.9970,0.00000,0.00000,0.00000,0.00000,0.00000,0.00000,0.00000
-29.1560,-32.9870,0.00000,0.00000,0.00000,0.00000,0.00000,0.00000,0.00000
-29.1460,-32.9770,0.00000,0.00000,0.00000,0.00000,0.00000,0.00000,0.00000
-29.1360,-32.9670,0.00000,0.00000,0.00000,0.00000,0.00000,0.00000,0.00000
-29.1260,-32.9570,0.00000,0.00000,0.00000,0.00000,0.00000,0.00000,0.00000
-29.1160,-32.9470,0.00000,0.00000,0.00000,0.00000,0.00000,0.00000,0.00000
-29.1060,-32.9370,0.00000,0.00000,0.00000,0.00000,0.00000,0.00000,0.00000
-29.0960,-32.9270,0.00000,0.00000,0.00000,0.00000,0.00000,0.00000,0.00000
-29.0860,-32.9170,0.00000,0.00000,0.00000,0.00000,0.00000,0.00000,0.00000
-29.0760,-32.9070,0.00000,0.00000,0.00000,0.00000,0.00000,0.00000,0.00000
-29.0660,-32.8970,0.00000,0.00000,0.00000,0.00000,0.00000,0.00000,0.00000
-29.0560,-32.8870,0.00000,0.00000,0.00000,0.00000,0.00000,0.00000,0.00000
-29.0460,-32.8770,0.00000,0.00000,0.00000,0.00000,0.00000,0.00000,0.00000
-29.0360,-32.8670,0.00000,0.00000,0.00000,0.00000,0.00000,0.00000,0.00000
-29.0260,-32.8570,0.00000,0.00000,0.00000,0.00000,0.00000,0.00000,0.00000
-29.0160,-32.8470,0.00000,0.00000,0.00000,0.00000,0.00000,0.00000,0.00000
-29.0060,-32.8370,0.00000,0.00000,0.00000,0.00000,0.00000,0.00000,0.00000
-28.9960,-32.8270,0.00000,0.00000,0.00000,0.00000,0.00000,0.00000,0.00000
-28.9860,-32.8170,0.00000,0.00000,0.00000,0.00000,0.00000,0.00000,0.00000
-28.9760,-32.8070,0.00000,0.00000,0.00000,0.00000,0.00000,0.00000,0.00000
-28.9660,-32.7970,0.00000,0.00000,0.00000,0.00000,0.00000,0.00000,0.00000
-28.9560,-32.7870,0.00000,0.00000,0.00000,0.00000,0.00000,0.00000,0.00000
-28.9460,-32.7770,0.00000,0.00000,0.00000,0.00000,0.00000,0.00000,0.00000
-28.9360,-32.7670,0.00000,0.00000,0.00000,0.00000,0.00000,0.00000,0.00000
-28.9260,-32.7570,0.00000,0.00000,0.00000,0.00000,0.00000,0.00000,0.00000
-28.9160,-32.7470,0.00000,0.00000,0.00000,0.00000,0.00000,0.00000,0.00000
-28.9060,-32.7370,0.00000,0.00000,0.00000,0.00000,0.00000,0.00000,0.00000
-28.8960,-32.7270,0.00000,0.00000,0.00000,0.00000,0.00000,0.00000,0.00000
-28.8860,-32.7170,0.00000,0.00000,0.00000,0.00000,0.00000,0.00000,0.00000
-28.8760,-32.7070,0.00000,0.00000,0.00000,0.00000,0.00000,0.00000,0.00000
-28.8660,-32.6970,0.00000,0.00000,0.00000,0.00000,0.00000,0.00000,0.00000
-28.8560,-32.6870,0.00000,0.00000,0.00000,0.00000,0.00000,0.00000,0.00000
-28.8460,-32.6770,0.00000,0.00000,0.00000,0.00000,0.00000,0.00000,0.00000
-28.8360,-32.6670,0.00000,0.00000,0.00000,0.00000,0.00000,0.00000,0.00000
-28.8260,-32.6570,0.00000,0.00000,0.00000,0.00000,0.00000,0.00000,0.00000
-28.8160,-32.6470,0.00000,0.00000,0.00000,0.00000,0.00000,0.00000,0.00000
-28.8060,-32.6370,0.00000,0.00000,0.00000,0.00000,0.00000,0.00000,0.00000
-28.7960,-32.6270,0.00000,0.00000,0.00000,0.00000,0.00000,0.00000,0.00000
-28.7860,-32.6170,0.00000,0.00000,0.00000,0.00000,0.00000,0.00000,0.00000
-28.7760,-32.6070,0.00000,0.00000,0.00000,0.00000,0.00000,0.00000,0.00000
-28.7660,-32.5970,0.00000,0.00000,0.00000,0.00000,0.00000,0.00000,0.00000
-28.7560,-32.5870,0.00000,0.00000,0.00000,0.00000,0.00000,0.00000,0.00000
-28.7460,-32.5770,0.00000,0.00000,0.00000,0.00000,0.00000,0.00000,0.00000
-28.7360,-32.5670,0.00000,0.00000,0.00000,0.00000,0.00000,0.00000,0.00000
-28.7260,-32.5570,0.00000,0.00000,0.00000,0.00000,0.00000,0.00000,0.00000
-28.7160,-32.5470,0.00000,0.00000,0.00000,0.00000,0.00000,0.00000,0.00000
-28.7060,-32.5370,0.00000,0.00000,0.00000,0.00000,0.00000,0.00000,0.00000
-28.6960,-32.5270,0.00000,0.00000,0.00000,0.00000,0.00000,0.00000,0.00000
-28.6860,-32.5170,0.00000,0.00000,0.00000,0.00000,0.00000,0.00000,0.00000
-28.6760,-32.5070,0.00000,0.00000,0.00000,0.00000,0.00000,0.00000,0.00000
-28.6660,-32.4970,0.00000,0.00000,0.00000,0.00000,0.00000,0.00000,0.00000
-28.6560,-32.4870,0.00000,0.00000,0.00000,0.00000,0.00000,0.00000,0.00000
-28.6460,-32.4770,0.00000,0.00000,0.00000,0.00000,0.00000,0.00000,0.00000
-28.6360,-32.4670,0.00000,0.00000,0.00000,0.00000,0.00000,0.00000,0.00000
-28.6260,-32.4570,0.00000,0.00000,0.00000,0.00000,0.00000,0.00000,0.00000
-28.6160,-32.4470,0.00000,0.00000,0.00000,0.00000,0.00000,0.00000,0.00000
-28.6060,-32.4370,0.00000,0.00000,0.00000,0.00000,0.00000,0.00000,0.00000
-28.5960,-32.4270,0.00000,0.00000,0.00000,0.00000,0.00000,0.00000,0.00000
-28.5860,-32.4170,0.00000,0.00000,0.00000,0.00000,0.00000,0.00000,0.00000
-28.5760,-32.4070,0.00000,0.00000,0.00000,0.00000,0.00000,0.00000,0.00000
-28.5660,-32.3970,0.00000,0.00000,0.00000,0.00000,0.00000,0.00000,0.00000
-28.5560,-32.3870,0.00000,0.00000,0.00000,0.00000,0.00000,0.00000,0.00000
-28.5460,-32.3770,0.00000,0.00000,0.00000,0.00000,0.00000,0.00000,0.00000
-28.5360,-32.3670,0.00000,0.00000,0.00000,0.00000,0.00000,0.00000,0.00000
-28.5260,-32.3570,0.00000,0.00000,0.00000,0.00000,0.00000,0.00000,0.00000
-28.5160,-32.3470,0.00000,0.00000,0.00000,0.00000,0.00000,0.00000,0.00000
-28.5060,-32.3370,0.00000,0.00000,0.00000,0.00000,0.00000,0.00000,0.00000
-28.4960,-32.3270,0.00000,0.00000,0.00000,0.00000,0.00000,0.00000,0.00000
-28.4860,-32.3170,0.00000,0.00000,0.00000,0.00000,0.00000,0.00000,0.00000
-28.4760,-32.3070,0.00000,0.00000,0.00000,0.00000,0.00000,0.00000,0.00000
-28.4660,-32.2970,0.00000,0.00000,0.00000,0.00000,0.00000,0.00000,0.00000
-28.4560,-32.2870,0.00000,0.00000,0.00000,0.00000,0.00000,0.00000,0.00000
-28.4460,-32.2770,0.00000,0.00000,0.00000,0.00000,0.00000,0.00000,0.00000
-28.4360,-32.2670,0.00000,0.00000,0.00000,0.00000,0.00000,0.00000,0.00000
-28.4260,-32.2570,0.00000,0.00000,0.00000,0.00000,0.00000,0.00000,0.00000
-28.4160,-32.2470,0.00000,0.00000,0.00000,0.00000,0.00000,0.00000,0.00000
-28.4060,-32.2370,0.00000,0.00000,0.00000,0.00000,0.00000,0.00000,0.00000
-28.3960,-32.2270,0.00000,0.00000,0.00000,0.00000,0.00000,0.00000,0.00000
-28.3860,-32.2170,0.00000,0.00000,0.00000,0.00000,0.00000,0.00000,0.00000
-28.3760,-32.2070,0.00000,0.00000,0.00000,0.00000,0.00000,0.00000,0.00000
-28.3660,-32.1970,0.00000,0.00000,0.00000,0.00000,0.00000,0.00000,0.00000
-28.3560,-32.1870,0.00000,0.00000,0.00000,0.00000,0.00000,0.00000,0.00000
-28.3460,-32.1770,0.00000,0.00000,0.00000,0.00000,0.00000,0.00000,0.00000
-28.3360,-32.1670,0.00000,0.00000,0.00000,0.00000,0.00000,0.00000,0.00000
-28.3260,-32.1570,0.00000,0.00000,0.00000,0.00000,0.00000,0.00000,0.00000
-28.3160,-32.1470,0.00000,0.00000,0.00000,0.00000,0.00000,0.00000,0.00000
-28.3060,-32.1370,0.00000,0.00000,0.00000,0.00000,0.00000,0.00000,0.00000
-28.2960,-32.1270,0.00000,0.00000,0.00000,0.00000,0.00000,0.00000,0.00000
-28.2860,-32.1170,0.00000,0.00000,0.00000,0.00000,0.00000,0.00000,0.00000
-28.2760,-32.1070,0.00000,0.00000,0.00000,0.00000,0.00000,0.00000,0.00000
-28.2660,-32.0970,0.00000,0.00000,0.00000,0.00000,0.00000,0.00000,0.00000
-28.2560,-32.0870,0.00000,0.00000,0.00000,0.00000,0.00000,0.00000,0.00000
-28.2460,-32.0770,0.00000,0.00000,0.00000,0.00000,0.00000,0.00000,0.00000
-28.2360,-32.0670,0.00000,0.00000,0.00000,0.00000,0.00000,0.00000,0.00000
-28.2260,-32.0570,0.00000,0.00000,0.00000,0.00000,0.00000,0.00000,0.00000
-28.2160,-32.0470,0.00000,0.00000,0.00000,0.00000,0.00000,0.00000,0.00000
-28.2060,-32.0370,0.00000,0.00000,0.00000,0.00000,0.00000,0.00000,0.00000
-28.1960,-32.0270,0.00000,0.00000,0.00000,0.00000,0.00000,0.00000,0.00000
-28.1860,-32.0170,0.00000,0.00000,0.00000,0.00000,0.00000,0.00000,0.00000
-28.1760,-32.0070,0.00000,0.00000,0.00000,0.00000,0.00000,0.00000,0.00000
-28.1660,-31.9970,0.00000,0.00000,0.00000,0.00000,0.00000,0.00000,0.00000
-28.1560,-31.9870,0.00000,0.00000,0.00000,0.00000,0.00000,0.00000,0.00000
-28.1460,-31.9770,0.00000,0.00000,0.00000,0.00000,0.00000,0.00000,0.00000
-28.1360,-31.9670,0.00000,0.00000,0.00000,0.00000,0.00000,0.00000,0.00000
-28.1260,-31.9570,0.00000,0.00000,0.00000,0.00000,0.00000,0.00000,0.00000
-28.1160,-31.9470,0.00000,0.00000,0.00000,0.00000,0.00000,0.00000,0.00000
-28.1060,-31.9370,0.00000,0.00000,0.00000,0.00000,0.00000,0.00000,0.00000
-28.0960,-31.9270,0.00000,0.00000,0.00000,0.00000,0.00000,0.00000,0.00000
-28.0860,-31.9170,0.00000,0.00000,0.00000,0.00000,0.00000,0.00000,0.00000
-28.0760,-31.9070,0.00000,0.00000,0.00000,0.00000,0.00000,0.00000,0.00000
-28.0660,-31.8970,0.00000,0.00000,0.00000,0.00000,0.00000,0.00000,0.00000
-28.0560,-31.8870,0.00000,0.00000,0.00000,0.00000,0.00000,0.00000,0.00000
-28.0460,-31.8770,0.00000,0.00000,0.00000,0.00000,0.00000,0.00000,0.00000
-28.0360,-31.8670,0.00000,0.00000,0.00000,0.00000,0.00000,0.00000,0.00000
-28.0260,-31.8570,0.00000,0.00000,0.00000,0.00000,0.00000,0.00000,0.00000
-28.0160,-31.8470,0.00000,0.00000,0.00000,0.00000,0.00000,0.00000,0.00000
-28.0060,-31.8370,0.00000,0.00000,0.00000,0.00000,0.00000,0.00000,0.00000
-27.9960,-31.8270,0.00000,0.00000,0.00000,0.00000,0.00000,0.00000,0.00000
-27.9860,-31.8170,0.00000,0.00000,0.00000,0.00000,0.00000,0.00000,0.00000
-27.9760,-31.8070,0.00000,0.00000,0.00000,0.00000,0.00000,0.00000,0.00000
-27.9660,-31.7970,0.00000,0.00000,0.00000,0.00000,0.00000,0.00000,0.00000
-27.9560,-31.7870,0.00000,0.00000,0.00000,0.00000,0.00000,0.00000,0.00000
-27.9460,-31.7770,0.00000,0.00000,0.00000,0.00000,0.00000,0.00000,0.00000
-27.9360,-31.7670,0.00000,0.00000,0.00000,0.00000,0.00000,0.00000,0.00000
-27.9260,-31.7570,0.00000,0.00000,0.00000,0.00000,0.00000,0.00000,0.00000
-27.9160,-31.7470,0.00000,0.00000,0.00000,0.00000,0.00000,0.00000,0.00000
-27.9060,-31.7370,0.00000,0.00000,0.00000,0.00000,0.00000,0.00000,0.00000
-27.8960,-31.7270,0.00000,0.00000,0.00000,0.00000,0.00000,0.00000,0.00000
-27.8860,-31.7170,0.00000,0.00000,0.00000,0.00000,0.00000,0.00000,0.00000
-27.8760,-31.7070,0.00000,0.00000,0.00000,0.00000,0.00000,0.00000,0.00000
-27.8660,-31.6970,0.00000,0.00000,0.00000,0.00000,0.00000,0.00000,0.00000
-27.8560,-31.6870,0.00000,0.00000,0.00000,0.00000,0.00000,0.00000,0.00000
-27.8460,-31.6770,0.00000,0.00000,0.00000,0.00000,0.00000,0.00000,0.00000
-27.8360,-31.6670,0.00000,0.00000,0.00000,0.00000,0.00000,0.00000,0.00000
-27.8260,-31.6570,0.00000,0.00000,0.00000,0.00000,0.00000,0.00000,0.00000
-27.8160,-31.6470,0.00000,0.00000,0.00000,0.00000,0.00000,0.00000,0.00000
-27.8060,-31.6370,0.00000,0.00000,0.00000,0.00000,0.00000,0.00000,0.00000
-27.7960,-31.6270,0.00000,0.00000,0.00000,0.00000,0.00000,0.00000,0.00000
-27.7860,-31.6170,0.00000,0.00000,0.00000,0.00000,0.00000,0.00000,0.00000
-27.7760,-31.6070,0.00000,0.00000,0.00000,0.00000,0.00000,0.00000,0.00000
-27.7660,-31.5970,0.00000,0.00000,0.00000,0.00000,0.00000,0.00000,0.00000
-27.7560,-31.5870,0.00000,0.00000,0.00000,0.00000,0.00000,0.00000,0.00000
-27.7460,-31.5770,0.00000,0.00000,0.00000,0.00000,0.00000,0.00000,0.00000
-27.7360,-31.5670,0.00000,0.00000,0.00000,0.00000,0.00000,0.00000,0.00000
-27.7260,-31.5570,0.00000,0.00000,0.00000,0.00000,0.00000,0.00000,0.00000
-27.7160,-31.5470,0.00000,0.00000,0.00000,0.00000,0.00000,0.00000,0.00000
-27.7060,-31.5370,0.00000,0.00000,0.00000,0.00000,0.00000,0.00000,0.00000
-27.6960,-31.5270,0.00000,0.00000,0.00000,0.00000,0.00000,0.00000,0.00000
-27.6860,-31.5170,0.00000,0.00000,0.00000,0.00000,0.00000,0.00000,0.00000
-27.6760,-31.5070,0.00000,0.00000,0.00000,0.00000,0.00000,0.00000,0.00000
-27.6660,-31.4970,0.00000,0.00000,0.00000,0.00000,0.00000,0.00000,0.00000
-27.6560,-31.4870,0.00000,0.00000,0.00000,0.00000,0.00000,0.00000,0.00000
-27.6460,-31.4770,0.00000,0.00000,0.00000,0.00000,0.00000,0.00000,0.00000
-27.6360,-31.4670,0.00000,0.00000,0.00000,0.00000,0.00000,0.00000,0.00000
-27.6260,-31.4570,0.00000,0.00000,0.00000,0.00000,0.00000,0.00000,0.00000
-27.6160,-31.4470,0.00000,0.00000,0.00000,0.00000,0.00000,0.00000,0.00000
-27.6060,-31.4370,0.00000,0.00000,0.00000,0.00000,0.00000,0.00000,0.00000
-27.5960,-31.4270,0.00000,0.00000,0.00000,0.00000,0.00000,0.00000,0.00000
-27.5860,-31.4170,0.00000,0.00000,0.00000,0.00000,0.00000,0.00000,0.00000
-27.5760,-31.4070,0.00000,0.00000,0.00000,0.00000,0.00000,0.00000,0.00000
-27.5660,-31.3970,0.00000,0.00000,0.00000,0.00000,0.00000,0.00000,0.00000
-27.5560,-31.3870,0.00000,0.00000,0.00000,0.00000,0.00000,0.00000,0.00000
-27.5460,-31.3770,0.00000,0.00000,0.00000,0.00000,0.00000,0.00000,0.00000
-27.5360,-31.3670,0.00000,0.00000,0.00000,0.00000,0.00000,0.00000,0.00000
-27.5260,-31.3570,0.00000,0.00000,0.00000,0.00000,0.00000,0.00000,0.00000
-27.5160,-31.3470,0.00000,0.00000,0.00000,0.00000,0.00000,0.00000,0.00000
-27.5060,-31.3370,0.00000,0.00000,0.00000,0.00000,0.00000,0.00000,0.00000
-27.4960,-31.3270,0.00000,0.00000,0.00000,0.00000,0.00000,0.00000,0.00000
-27.4860,-31.3170,0.00000,0.00000,0.00000,0.00000,0.00000,0.00000,0.00000
-27.4760,-31.3070,0.00000,0.00000,0.00000,0.00000,0.00000,0.00000,0.00000
-27.4660,-31.2970,0.00000,0.00000,0.00000,0.00000,0.00000,0.00000,0.00000
-27.4560,-31.2870,0.00000,0.00000,0.00000,0.00000,0.00000,0.00000,0.00000
-27.4460,-31.2770,0.00000,0.00000,0.00000,0.00000,0.00000,0.00000,0.00000
-27.4360,-31.2670,0.00000,0.00000,0.00000,0.00000,0.00000,0.00000,0.00000
-27.4260,-31.2570,0.00000,0.00000,0.00000,0.00000,0.00000,0.00000,0.00000
-27.4160,-31.2470,0.00000,0.00000,0.00000,0.00000,0.00000,0.00000,0.00000
-27.4060,-31.2370,0.00000,0.00000,0.00000,0.00000,0.00000,0.00000,0.00000
-27.3960,-31.2270,0.00000,0.00000,0.00000,0.00000,0.00000,0.00000,0.00000
-27.3860,-31.2170,0.00000,0.00000,0.00000,0.00000,0.00000,0.00000,0.00000
-27.3760,-31.2070,0.00000,0.00000,0.00000,0.00000,0.00000,0.00000,0.00000
-27.3660,-31.1970,0.00000,0.00000,0.00000,0.00000,0.00000,0.00000,0.00000
-27.3560,-31.1870,0.00000,0.00000,0.00000,0.00000,0.00000,0.00000,0.00000
-27.3460,-31.1770,0.00000,0.00000,0.00000,0.00000,0.00000,0.00000,0.00000
-27.3360,-31.1670,0.00000,0.00000,0.00000,0.00000,0.00000,0.00000,0.00000
-27.3260,-31.1570,0.00000,0.00000,0.00000,0.00000,0.00000,0.00000,0.00000
-27.3160,-31.1470,0.00000,0.00000,0.00000,0.00000,0.00000,0.00000,0.00000
-27.3060,-31.1370,0.00000,0.00000,0.00000,0.00000,0.00000,0.00000,0.00000
-27.2960,-31.1270,0.00000,0.00000,0.00000,0.00000,0.00000,0.00000,0.00000
-27.2860,-31.1170,0.00000,0.00000,0.00000,0.00000,0.00000,0.00000,0.00000
-27.2760,-31.1070,0.00000,0.00000,0.00000,0.00000,0.00000,0.00000,0.00000
-27.2660,-31.0970,0.00000,0.00000,0.00000,0.00000,0.00000,0.00000,0.00000
-27.2560,-31.0870,0.00000,0.00000,0.00000,0.00000,0.00000,0.00000,0.00000
-27.2460,-31.0770,0.00000,0.00000,0.00000,0.00000,0.00000,0.00000,0.00000
-27.2360,-31.0670,0.00000,0.00000,0.00000,0.00000,0.00000,0.00000,0.00000
-27.2260,-31.0570,0.00000,0.00000,0.00000,0.00000,0.00000,0.00000,0.00000
-27.2160,-31.0470,0.00000,0.00000,0.00000,0.00000,0.00000,0.00000,0.00000
-27.2060,-31.0370,0.00000,0.00000,0.00000,0.00000,0.00000,0.00000,0.00000
-27.1960,-31.0270,0.00000,0.00000,0.00000,0.00000,0.00000,0.00000,0.00000
-27.1860,-31.0170,0.00000,0.00000,0.00000,0.00000,0.00000,0.00000,0.00000
-27.1760,-31.0070,0.00000,0.00000,0.00000,0.00000,0.00000,0.00000,0.00000
-27.1660,-30.9970,0.00000,0.00000,0.00000,0.00000,0.00000,0.00000,0.00000
-27.1560,-30.9870,0.00000,0.00000,0.00000,0.00000,0.00000,0.00000,0.00000
-27.1460,-30.9770,0.00000,0.00000,0.00000,0.00000,0.00000,0.00000,0.00000
-27.1360,-30.9670,0.00000,0.00000,0.00000,0.00000,0.00000,0.00000,0.00000
-27.1260,-30.9570,0.00000,0.00000,0.00000,0.00000,0.00000,0.00000,0.00000
-27.1160,-30.9470,0.00000,0.00000,0.00000,0.00000,0.00000,0.00000,0.00000
-27.1060,-30.9370,0.00000,0.00000,0.00000,0.00000,0.00000,0.00000,0.00000
-27.0960,-30.9270,0.00000,0.00000,0.00000,0.00000,0.00000,0.00000,0.00000
-27.0860,-30.9170,0.00000,0.00000,0.00000,0.00000,0.00000,0.00000,0.00000
-27.0760,-30.9070,0.00000,0.00000,0.00000,0.00000,0.00000,0.00000,0.00000
-27.0660,-30.8970,0.00000,0.00000,0.00000,0.00000,0.00000,0.00000,0.00000
-27.0560,-30.8870,0.00000,0.00000,0.00000,0.00000,0.00000,0.00000,0.00000
-27.0460,-30.8770,0.00000,0.00000,0.00000,0.00000,0.00000,0.00000,0.00000
-27.0360,-30.8670,0.00000,0.00000,0.00000,0.00000,0.00000,0.00000,0.00000
-27.0260,-30.8570,0.00000,0.00000,0.00000,0.00000,0.00000,0.00000,0.00000
-27.0160,-30.8470,0.00000,0.00000,0.00000,0.00000,0.00000,0.00000,0.00000
-27.0060,-30.8370,0.00000,0.00000,0.00000,0.00000,0.00000,0.00000,0.00000
-26.9960,-30.8270,0.00000,0.00000,0.00000,0.00000,0.00000,0.00000,0.00000
-26.9860,-30.8170,0.00000,0.00000,0.00000,0.00000,0.00000,0.00000,0.00000
-26.9760,-30.8070,0.00000,0.00000,0.00000,0.00000,0.00000,0.00000,0.00000
-26.9660,-30.7970,0.00000,0.00000,0.00000,0.00000,0.00000,0.00000,0.00000
-26.9560,-30.7870,0.00000,0.00000,0.00000,0.00000,0.00000,0.00000,0.00000
-26.9460,-30.7770,0.00000,0.00000,0.00000,0.00000,0.00000,0.00000,0.00000
-26.9360,-30.7670,0.00000,0.00000,0.00000,0.00000,0.00000,0.00000,0.00000
-26.9260,-30.7570,0.00000,0.00000,0.00000,0.00000,0.00000,0.00000,0.00000
-26.9160,-30.7470,0.00000,0.00000,0.00000,0.00000,0.00000,0.00000,0.00000
-26.9060,-30.7370,0.00000,0.00000,0.00000,0.00000,0.00000,0.00000,0.00000
-26.8960,-30.7270,0.00000,0.00000,0.00000,0.00000,0.00000,0.00000,0.00000
-26.8860,-30.7170,0.00000,0.00000,0.00000,0.00000,0.00000,0.00000,0.00000
-26.8760,-30.7070,0.00000,0.00000,0.00000,0.00000,0.00000,0.00000,0.00000
-26.8660,-30.6970,0.00000,0.00000,0.00000,0.00000,0.00000,0.00000,0.00000
-26.8560,-30.6870,0.00000,0.00000,0.00000,0.00000,0.00000,0.00000,0.00000
-26.8460,-30.6770,0.00000,0.00000,0.00000,0.00000,0.00000,0.00000,0.00000
-26.8360,-30.6670,0.00000,0.00000,0.00000,0.00000,0.00000,0.00000,0.00000
-26.8260,-30.6570,0.00000,0.00000,0.00000,0.00000,0.00000,0.00000,0.00000
-26.8160,-30.6470,0.00000,0.00000,0.00000,0.00000,0.00000,0.00000,0.00000
-26.8060,-30.6370,0.00000,0.00000,0.00000,0.00000,0.00000,0.00000,0.00000
-26.7960,-30.6270,0.00000,0.00000,0.00000,0.00000,0.00000,0.00000,0.00000
-26.7860,-30.6170,0.00000,0.00000,0.00000,0.00000,0.00000,0.00000,0.00000
-26.7760,-30.6070,0.00000,0.00000,0.00000,0.00000,0.00000,0.00000,0.00000
-26.7660,-30.5970,0.00000,0.00000,0.00000,0.00000,0.00000,0.00000,0.00000
-26.7560,-30.5870,0.00000,0.00000,0.00000,0.00000,0.00000,0.00000,0.00000
-26.7460,-30.5770,0.00000,0.00000,0.00000,0.00000,0.00000,0.00000,0.00000
-26.7360,-30.5670,0.00000,0.00000,0.00000,0.00000,0.00000,0.00000,0.00000
-26.7260,-30.5570,0.00000,0.00000,0.00000,0.00000,0.00000,0.00000,0.00000
-26.7160,-30.5470,0.00000,0.00000,0.00000,0.00000,0.00000,0.00000,0.00000
-26.7060,-30.5370,0.00000,0.00000,0.00000,0.00000,0.00000,0.00000,0.00000
-26.6960,-30.5270,0.00000,0.00000,0.00000,0.00000,0.00000,0.00000,0.00000
-26.6860,-30.5170,0.00000,0.00000,0.00000,0.00000,0.00000,0.00000,0.00000
-26.6760,-30.5070,0.00000,0.00000,0.00000,0.00000,0.00000,0.00000,0.00000
-26.6660,-30.4970,0.00000,0.00000,0.00000,0.00000,0.00000,0.00000,0.00000
-26.6560,-30.4870,0.00000,0.00000,0.00000,0.00000,0.00000,0.00000,0.00000
-26.6460,-30.4770,0.00000,0.00000,0.00000,0.00000,0.00000,0.00000,0.00000
-26.6360,-30.4670,0.00000,0.00000,0.00000,0.00000,0.00000,0.00000,0.00000
-26.6260,-30.4570,0.00000,0.00000,0.00000,0.00000,0.00000,0.00000,0.00000
-26.6160,-30.4470,0.00000,0.00000,0.00000,0.00000,0.00000,0.00000,0.00000
-26.6060,-30.4370,0.00000,0.00000,0.00000,0.00000,0.00000,0.00000,0.00000
-26.5960,-30.4270,0.00000,0.00000,0.00000,0.00000,0.00000,0.00000,0.00000
-26.5860,-30.4170,0.00000,0.00000,0.00000,0.00000,0.00000,0.00000,0.00000
-26.5760,-30.4070,0.00000,0.00000,0.00000,0.00000,0.00000,0.00000,0.00000
-26.5660,-30.3970,0.00000,0.00000,0.00000,0.00000,0.00000,0.00000,0.00000
-26.5560,-30.3870,0.00000,0.00000,0.00000,0.00000,0.00000,0.00000,0.00000
-26.5460,-30.3770,0.00000,0.00000,0.00000,0.00000,0.00000,0.00000,0.00000
-26.5360,-30.3670,0.00000,0.00000,0.00000,0.00000,0.00000,0.00000,0.00000
-26.5260,-30.3570,0.00000,0.00000,0.00000,0.00000,0.00000,0.00000,0.00000
-26.5160,-30.3470,0.00000,0.00000,0.00000,0.00000,0.00000,0.00000,0.00000
-26.5060,-30.3370,0.00000,0.00000,0.00000,0.00000,0.00000,0.00000,0.00000
-26.4960,-30.3270,0.00000,0.00000,0.00000,0.00000,0.00000,0.00000,0.00000
-26.4860,-30.3170,0.00000,0.00000,0.00000,0.00000,0.00000,0.00000,0.00000
-26.4760,-30.3070,0.00000,0.00000,0.00000,0.00000,0.00000,0.00000,0.00000
-26.4660,-30.2970,0.00000,0.00000,0.00000,0.00000,0.00000,0.00000,0.00000
-26.4560,-30.2870,0.00000,0.00000,0.00000,0.00000,0.00000,0.00000,0.00000
-26.4460,-30.2770,0.00000,0.00000,0.00000,0.00000,0.00000,0.00000,0.00000
-26.4360,-30.2670,0.00000,0.00000,0.00000,0.00000,0.00000,0.00000,0.00000
-26.4260,-30.2570,0.00000,0.00000,0.00000,0.00000,0.00000,0.00000,0.00000
-26.4160,-30.2470,0.00000,0.00000,0.00000,0.00000,0.00000,0.00000,0.00000
-26.4060,-30.2370,0.00000,0.00000,0.00000,0.00000,0.00000,0.00000,0.00000
-26.3960,-30.2270,0.00000,0.00000,0.00000,0.00000,0.00000,0.00000,0.00000
-26.3860,-30.2170,0.00000,0.00000,0.00000,0.00000,0.00000,0.00000,0.00000
-26.3760,-30.2070,0.00000,0.00000,0.00000,0.00000,0.00000,0.00000,0.00000
-26.3660,-30.1970,0.00000,0.00000,0.00000,0.00000,0.00000,0.00000,0.00000
-26.3560,-30.1870,0.00000,0.00000,0.00000,0.00000,0.00000,0.00000,0.00000
-26.3460,-30.1770,0.00000,0.00000,0.00000,0.00000,0.00000,0.00000,0.00000
-26.3360,-30.1670,0.00000,0.00000,0.00000,0.00000,0.00000,0.00000,0.00000
-26.3260,-30.1570,0.00000,0.00000,0.00000,0.00000,0.00000,0.00000,0.00000
-26.3160,-30.1470,0.00000,0.00000,0.00000,0.00000,0.00000,0.00000,0.00000
-26.3060,-30.1370,0.00000,0.00000,0.00000,0.00000,0.00000,0.00000,0.00000
-26.2960,-30.1270,0.00000,0.00000,0.00000,0.00000,0.00000,0.00000,0.00000
-26.2860,-30.1170,0.00000,0.00000,0.00000,0.00000,0.00000,0.00000,0.00000
-26.2760,-30.1070,0.00000,0.00000,0.00000,0.00000,0.00000,0.00000,0.00000
-26.2660,-30.0970,0.00000,0.00000,0.00000,0.00000,0.00000,0.00000,0.00000
-26.2560,-30.0870,0.00000,0.00000,0.00000,0.00000,0.00000,0.00000,0.00000
-26.2460,-30.0770,0.00000,0.00000,0.00000,0.00000,0.00000,0.00000,0.00000
-26.2360,-30.0670,0.00000,0.00000,0.00000,0.00000,0.00000,0.00000,0.00000
-26.2260,-30.0570,0.00000,0.00000,0.00000,0.00000,0.00000,0.00000,0.00000
-26.2160,-30.0470,0.00000,0.00000,0.00000,0.00000,0.00000,0.00000,0.00000
-26.2060,-30.0370,0.00000,0.00000,0.00000,0.00000,0.00000,0.00000,0.00000
-26.1960,-30.0270,0.00000,0.00000,0.00000,0.00000,0.00000,0.00000,0.00000
-26.1860,-30.0170,0.00000,0.00000,0.00000,0.00000,0.00000,0.00000,0.00000
-26.1760,-30.0070,0.00000,0.00000,0.00000,0.00000,0.00000,0.00000,0.00000
-26.1660,-29.9970,0.00000,0.00000,0.00000,0.00000,0.00000,0.00000,0.00000
-26.1560,-29.9870,0.00000,0.00000,0.00000,0.00000,0.00000,0.00000,0.00000
-26.1460,-29.9770,0.00000,0.00000,0.00000,0.00000,0.00000,0.00000,0.00000
-26.1360,-29.9670,0.00000,0.00000,0.00000,0.00000,0.00000,0.00000,0.00000
-26.1260,-29.9570,0.00000,0.00000,0.00000,0.00000,0.00000,0.00000,0.00000
-26.1160,-29.9470,0.00000,0.00000,0.00000,0.00000,0.00000,0.00000,0.00000
-26.1060,-29.9370,0.00000,0.00000,0.00000,0.00000,0.00000,0.00000,0.00000
-26.0960,-29.9270,0.00000,0.00000,0.00000,0.00000,0.00000,0.00000,0.00000
-26.0860,-29.9170,0.00000,0.00000,0.00000,0.00000,0.00000,0.00000,0.00000
-26.0760,-29.9070,0.00000,0.00000,0.00000,0.00000,0.00000,0.00000,0.00000
-26.0660,-29.8970,0.00000,0.00000,0.00000,0.00000,0.00000,0.00000,0.00000
-26.0560,-29.8870,0.00000,0.00000,0.00000,0.00000,0.00000,0.00000,0.00000
-26.0460,-29.8770,0.00000,0.00000,0.00000,0.00000,0.00000,0.00000,0.00000
-26.0360,-29.8670,0.00000,0.00000,0.00000,0.00000,0.00000,0.00000,0.00000
-26.0260,-29.8570,0.00000,0.00000,0.00000,0.00000,0.00000,0.00000,0.00000
-26.0160,-29.8470,0.00000,0.00000,0.00000,0.00000,0.00000,0.00000,0.00000
-26.0060,-29.8370,0.00000,0.00000,0.00000,0.00000,0.00000,0.00000,0.00000
-25.9960,-29.8270,0.00000,0.00000,0.00000,0.00000,0.00000,0.00000,0.00000
-25.9860,-29.8170,0.00000,0.00000,0.00000,0.00000,0.00000,0.00000,0.00000
-25.9760,-29.8070,0.00000,0.00000,0.00000,0.00000,0.00000,0.00000,0.00000
-25.9660,-29.7970,0.00000,0.00000,0.00000,0.00000,0.00000,0.00000,0.00000
-25.9560,-29.7870,0.00000,0.00000,0.00000,0.00000,0.00000,0.00000,0.00000
-25.9460,-29.7770,0.00000,0.00000,0.00000,0.00000,0.00000,0.00000,0.00000
-25.9360,-29.7670,0.00000,0.00000,0.00000,0.00000,0.00000,0.00000,0.00000
-25.9260,-29.7570,0.00000,0.00000,0.00000,0.00000,0.00000,0.00000,0.00000
-25.9160,-29.7470,0.00000,0.00000,0.00000,0.00000,0.00000,0.00000,0.00000
-25.9060,-29.7370,0.00000,0.00000,0.00000,0.00000,0.00000,0.00000,0.00000
-25.8960,-29.7270,0.00000,0.00000,0.00000,0.00000,0.00000,0.00000,0.00000
-25.8860,-29.7170,0.00000,0.00000,0.00000,0.00000,0.00000,0.00000,0.00000
-25.8760,-29.7070,0.00000,0.00000,0.00000,0.00000,0.00000,0.00000,0.00000
-25.8660,-29.6970,0.00000,0.00000,0.00000,0.00000,0.00000,0.00000,0.00000
-25.8560,-29.6870,0.00000,0.00000,0.00000,0.00000,0.00000,0.00000,0.00000
-25.8460,-29.6770,0.00000,0.00000,0.00000,0.00000,0.00000,0.00000,0.00000
-25.8360,-29.6670,0.00000,0.00000,0.00000,0.00000,0.00000,0.00000,0.00000
-25.8260,-29.6570,0.00000,0.00000,0.00000,0.00000,0.00000,0.00000,0.00000
-25.8160,-29.6470,0.00000,0.00000,0.00000,0.00000,0.00000,0.00000,0.00000
-25.8060,-29.6370,0.00000,0.00000,0.00000,0.00000,0.00000,0.00000,0.00000
-25.7960,-29.6270,0.00000,0.00000,0.00000,0.00000,0.00000,0.00000,0.00000
-25.7860,-29.6170,0.00000,0.00000,0.00000,0.00000,0.00000,0.00000,0.00000
-25.7760,-29.6070,0.00000,0.00000,0.00000,0.00000,0.00000,0.00000,0.00000
-25.7660,-29.5970,0.00000,0.00000,0.00000,0.00000,0.00000,0.00000,0.00000
-25.7560,-29.5870,0.00000,0.00000,0.00000,0.00000,0.00000,0.00000,0.00000
-25.7460,-29.5770,0.00000,0.00000,0.00000,0.00000,0.00000,0.00000,0.00000
-25.7360,-29.5670,0.00000,0.00000,0.00000,0.00000,0.00000,0.00000,0.00000
-25.7260,-29.5570,0.00000,0.00000,0.00000,0.00000,0.00000,0.00000,0.00000
-25.7160,-29.5470,0.00000,0.00000,0.00000,0.00000,0.00000,0.00000,0.00000
-25.7060,-29.5370,0.00000,0.00000,0.00000,0.00000,0.00000,0.00000,0.00000
-25.6960,-29.5270,0.00000,0.00000,0.00000,0.00000,0.00000,0.00000,0.00000
-25.6860,-29.5170,0.00000,0.00000,0.00000,0.00000,0.00000,0.00000,0.00000
-25.6760,-29.5070,0.00000,0.00000,0.00000,0.00000,0.00000,0.00000,0.00000
-25.6660,-29.4970,0.00000,0.00000,0.00000,0.00000,0.00000,0.00000,0.00000
-25.6560,-29.4870,0.00000,0.00000,0.00000,0.00000,0.00000,0.00000,0.00000
-25.6460,-29.4770,0.00000,0.00000,0.00000,0.00000,0.00000,0.00000,0.00000
-25.6360,-29.4670,0.00000,0.00000,0.00000,0.00000,0.00000,0.00000,0.00000
-25.6260,-29.4570,0.00000,0.00000,0.00000,0.00000,0.00000,0.00000,0.00000
-25.6160,-29.4470,0.00000,0.00000,0.00000,0.00000,0.00000,0.00000,0.00000
-25.6060,-29.4370,0.00000,0.00000,0.00000,0.00000,0.00000,0.00000,0.00000
-25.5960,-29.4270,0.00000,0.00000,0.00000,0.00000,0.00000,0.00000,0.00000
-25.5860,-29.4170,0.00000,0.00000,0.00000,0.00000,0.00000,0.00000,0.00000
-25.5760,-29.4070,0.00000,0.00000,0.00000,0.00000,0.00000,0.00000,0.00000
-25.5660,-29.3970,0.00000,0.00000,0.00000,0.00000,0.00000,0.00000,0.00000
-25.5560,-29.3870,0.00000,0.00000,0.00000,0.00000,0.00000,0.00000,0.00000
-25.5460,-29.3770,0.00000,0.00000,0.00000,0.00000,0.00000,0.00000,0.00000
-25.5360,-29.3670,0.00000,0.00000,0.00000,0.00000,0.00000,0.00000,0.00000
-25.5260,-29.3570,0.00000,0.00000,0.00000,0.00000,0.00000,0.00000,0.00000
-25.5160,-29.3470,0.00000,0.00000,0.00000,0.00000,0.00000,0.00000,0.00000
-25.5060,-29.3370,0.00000,0.00000,0.00000,0.00000,0.00000,0.00000,0.00000
-25.4960,-29.3270,0.00000,0.00000,0.00000,0.00000,0.00000,0.00000,0.00000
-25.4860,-29.3170,0.00000,0.00000,0.00000,0.00000,0.00000,0.00000,0.00000
-25.4760,-29.3070,0.00000,0.00000,0.00000,0.00000,0.00000,0.00000,0.00000
-25.4660,-29.2970,0.00000,0.00000,0.00000,0.00000,0.00000,0.00000,0.00000
-25.4560,-29.2870,0.00000,0.00000,0.00000,0.00000,0.00000,0.00000,0.00000
-25.4460,-29.2770,0.00000,0.00000,0.00000,0.00000,0.00000,0.00000,0.00000
-25.4360,-29.2670,0.00000,0.00000,0.00000,0.00000,0.00000,0.00000,0.00000
-25.4260,-29.2570,0.00000,0.00000,0.00000,0.00000,0.00000,0.00000,0.00000
-25.4160,-29.2470,0.00000,0.00000,0.00000,0.00000,0.00000,0.00000,0.00000
-25.4060,-29.2370,0.00000,0.00000,0.00000,0.00000,0.00000,0.00000,0.00000
-25.3960,-29.2270,0.00000,0.00000,0.00000,0.00000,0.00000,0.00000,0.00000
-25.3860,-29.2170,0.00000,0.00000,0.00000,0.00000,0.00000,0.00000,0.00000
-25.3760,-29.2070,0.00000,0.00000,0.00000,0.00000,0.00000,0.00000,0.00000
-25.3660,-29.1970,0.00000,0.00000,0.00000,0.00000,0.00000,0.00000,0.00000
-25.3560,-29.1870,0.00000,0.00000,0.00000,0.00000,0.00000,0.00000,0.00000
-25.3460,-29.1770,0.00000,0.00000,0.00000,0.00000,0.00000,0.00000,0.00000
-25.3360,-29.1670,0.00000,0.00000,0.00000,0.00000,0.00000,0.00000,0.00000
-25.3260,-29.1570,0.00000,0.00000,0.00000,0.00000,0.00000,0.00000,0.00000
-25.3160,-29.1470,0.00000,0.00000,0.00000,0.00000,0.00000,0.00000,0.00000
-25.3060,-29.1370,0.00000,0.00000,0.00000,0.00000,0.00000,0.00000,0.00000
-25.2960,-29.1270,0.00000,0.00000,0.00000,0.00000,0.00000,0.00000,0.00000
-25.2860,-29.1170,0.00000,0.00000,0.00000,0.00000,0.00000,0.00000,0.00000
-25.2760,-29.1070,0.00000,0.00000,0.00000,0.00000,0.00000,0.00000,0.00000
-25.2660,-29.0970,0.00000,0.00000,0.00000,0.00000,0.00000,0.00000,0.00000
-25.2560,-29.0870,0.00000,0.00000,0.00000,0.00000,0.00000,0.00000,0.00000
-25.2460,-29.0770,0.00000,0.00000,0.00000,0.00000,0.00000,0.00000,0.00000
-25.2360,-29.0670,0.00000,0.00000,0.00000,0.00000,0.00000,0.00000,0.00000
-25.2260,-29.0570,0.00000,0.00000,0.00000,0.00000,0.00000,0.00000,0.00000
-25.2160,-29.0470,0.00000,0.00000,0.00000,0.00000,0.00000,0.00000,0.00000
-25.2060,-29.0370,0.00000,0.00000,0.00000,0.00000,0.00000,0.00000,0.00000
-25.1960,-29.0270,0.00000,0.00000,0.00000,0.00000,0.00000,0.00000,0.00000
-25.1860,-29.0170,0.00000,0.00000,0.00000,0.00000,0.00000,0.00000,0.00000
-25.1760,-29.0070,0.00000,0.00000,0.00000,0.00000,0.00000,0.00000,0.00000
-25.1660,-28.9970,0.00000,0.00000,0.00000,0.00000,0.00000,0.00000,0.00000
-25.1560,-28.9870,0.00000,0.00000,0.00000,0.00000,0.00000,0.00000,0.00000
-25.1460,-28.9770,0.00000,0.00000,0.00000,0.00000,0.00000,0.00000,0.00000
-25.1360,-28.9670,0.00000,0.00000,0.00000,0.00000,0.00000,0.00000,0.00000
-25.1260,-28.9570,0.00000,0.00000,0.00000,0.00000,0.00000,0.00000,0.00000
-25.1160,-28.9470,0.00000,0.00000,0.00000,0.00000,0.00000,0.00000,0.00000
-25.1060,-28.9370,0.00000,0.00000,0.00000,0.00000,0.00000,0.00000,0.00000
-25.0960,-28.9270,0.00000,0.00000,0.00000,0.00000,0.00000,0.00000,0.00000
-25.0860,-28.9170,0.00000,0.00000,0.00000,0.00000,0.00000,0.00000,0.00000
-25.0760,-28.9070,0.00000,0.00000,0.00000,0.00000,0.00000,0.00000,0.00000
-25.0660,-28.8970,0.00000,0.00000,0.00000,0.00000,0.00000,0.00000,0.00000
-25.0560,-28.8870,0.00000,0.00000,0.00000,0.00000,0.00000,0.00000,0.00000
-25.0460,-28.8770,0.00000,0.00000,0.00000,0.00000,0.00000,0.00000,0.00000
-25.0360,-28.8670,0.00000,0.00000,0.00000,0.00000,0.00000,0.00000,0.00000
-25.0260,-28.8570,0.00000,0.00000,0.00000,0.00000,0.00000,0.00000,0.00000
-25.0160,-28.8470,0.00000,0.00000,0.00000,0.00000,0.00000,0.00000,0.00000
-25.0060,-28.8370,0.00000,0.00000,0.00000,0.00000,0.00000,0.00000,0.00000
-24.9960,-28.8270,0.00000,0.00000,0.00000,0.00000,0.00000,0.00000,0.00000
-24.9860,-28.8170,0.00000,0.00000,0.00000,0.00000,0.00000,0.00000,0.00000
-24.9760,-28.8070,0.00000,0.00000,0.00000,0.00000,0.00000,0.00000,0.00000
-24.9660,-28.7970,0.00000,0.00000,0.00000,0.00000,0.00000,0.00000,0.00000
-24.9560,-28.7870,0.00000,0.00000,0.00000,0.00000,0.00000,0.00000,0.00000
-24.9460,-28.7770,0.00000,0.00000,0.00000,0.00000,0.00000,0.00000,0.00000
-24.9360,-28.7670,0.00000,0.00000,0.00000,0.00000,0.00000,0.00000,0.00000
-24.9260,-28.7570,0.00000,0.00000,0.00000,0.00000,0.00000,0.00000,0.00000
-24.9160,-28.7470,0.00000,0.00000,0.00000,0.00000,0.00000,0.00000,0.00000
-24.9060,-28.7370,0.00000,0.00000,0.00000,0.00000,0.00000,0.00000,0.00000
-24.8960,-28.7270,0.00000,0.00000,0.00000,0.00000,0.00000,0.00000,0.00000
-24.8860,-28.7170,0.00000,0.00000,0.00000,0.00000,0.00000,0.00000,0.00000
-24.8760,-28.7070,0.00000,0.00000,0.00000,0.00000,0.00000,0.00000,0.00000
-24.8660,-28.6970,0.00000,0.00000,0.00000,0.00000,0.00000,0.00000,0.00000
-24.8560,-28.6870,0.00000,0.00000,0.00000,0.00000,0.00000,0.00000,0.00000
-24.8460,-28.6770,0.00000,0.00000,0.00000,0.00000,0.00000,0.00000,0.00000
-24.8360,-28.6670,0.00000,0.00000,0.00000,0.00000,0.00000,0.00000,0.00000
-24.8260,-28.6570,0.00000,0.00000,0.00000,0.00000,0.00000,0.00000,0.00000
-24.8160,-28.6470,0.00000,0.00000,0.00000,0.00000,0.00000,0.00000,0.00000
-24.8060,-28.6370,0.00000,0.00000,0.00000,0.00000,0.00000,0.00000,0.00000
-24.7960,-28.6270,0.00000,0.00000,0.00000,0.00000,0.00000,0.00000,0.00000
-24.7860,-28.6170,0.00000,0.00000,0.00000,0.00000,0.00000,0.00000,0.00000
-24.7760,-28.6070,0.00000,0.00000,0.00000,0.00000,0.00000,0.00000,0.00000
-24.7660,-28.5970,0.00000,0.00000,0.00000,0.00000,0.00000,0.00000,0.00000
-24.7560,-28.5870,0.00000,0.00000,0.00000,0.00000,0.00000,0.00000,0.00000
-24.7460,-28.5770,0.00000,0.00000,0.00000,0.00000,0.00000,0.00000,0.00000
-24.7360,-28.5670,0.00000,0.00000,0.00000,0.00000,0.00000,0.00000,0.00000
-24.7260,-28.5570,0.00000,0.00000,0.00000,0.00000,0.00000,0.00000,0.00000
-24.7160,-28.5470,0.00000,0.00000,0.00000,0.00000,0.00000,0.00000,0.00000
-24.7060,-28.5370,0.00000,0.00000,0.00000,0.00000,0.00000,0.00000,0.00000
-24.6960,-28.5270,0.00000,0.00000,0.00000,0.00000,0.00000,0.00000,0.00000
-24.6860,-28.5170,0.00000,0.00000,0.00000,0.00000,0.00000,0.00000,0.00000
-24.6760,-28.5070,0.00000,0.00000,0.00000,0.00000,0.00000,0.00000,0.00000
-24.6660,-28.4970,0.00000,0.00000,0.00000,0.00000,0.00000,0.00000,0.00000
-24.6560,-28.4870,0.00000,0.00000,0.00000,0.00000,0.00000,0.00000,0.00000
-24.6460,-28.4770,0.00000,0.00000,0.00000,0.00000,0.00000,0.00000,0.00000
-24.6360,-28.4670,0.00000,0.00000,0.00000,0.00000,0.00000,0.00000,0.00000
-24.6260,-28.4570,0.00000,0.00000,0.00000,0.00000,0.00000,0.00000,0.00000
-24.6160,-28.4470,0.00000,0.00000,0.00000,0.00000,0.00000,0.00000,0.00000
-24.6060,-28.4370,0.00000,0.00000,0.00000,0.00000,0.00000,0.00000,0.00000
-24.5960,-28.4270,0.00000,0.00000,0.00000,0.00000,0.00000,0.00000,0.00000
-24.5860,-28.4170,0.00000,0.00000,0.00000,0.00000,0.00000,0.00000,0.00000
-24.5760,-28.4070,0.00000,0.00000,0.00000,0.00000,0.00000,0.00000,0.00000
-24.5660,-28.3970,0.00000,0.00000,0.00000,0.00000,0.00000,0.00000,0.00000
-24.5560,-28.3870,0.00000,0.00000,0.00000,0.00000,0.00000,0.00000,0.00000
-24.5460,-28.3770,0.00000,0.00000,0.00000,0.00000,0.00000,0.00000,0.00000
-24.5360,-28.3670,0.00000,0.00000,0.00000,0.00000,0.00000,0.00000,0.00000
-24.5260,-28.3570,0.00000,0.00000,0.00000,0.00000,0.00000,0.00000,0.00000
-24.5160,-28.3470,0.00000,0.00000,0.00000,0.00000,0.00000,0.00000,0.00000
-24.5060,-28.3370,0.00000,0.00000,0.00000,0.00000,0.00000,0.00000,0.00000
-24.4960,-28.3270,0.00000,0.00000,0.00000,0.00000,0.00000,0.00000,0.00000
-24.4860,-28.3170,0.00000,0.00000,0.00000,0.00000,0.00000,0.00000,0.00000
-24.4760,-28.3070,0.00000,0.00000,0.00000,0.00000,0.00000,0.00000,0.00000
-24.4660,-28.2970,0.00000,0.00000,0.00000,0.00000,0.00000,0.00000,0.00000
-24.4560,-28.2870,0.00000,0.00000,0.00000,0.00000,0.00000,0.00000,0.00000
-24.4460,-28.2770,0.00000,0.00000,0.00000,0.00000,0.00000,0.00000,0.00000
-24.4360,-28.2670,0.00000,0.00000,0.00000,0.00000,0.00000,0.00000,0.00000
-24.4260,-28.2570,0.00000,0.00000,0.00000,0.00000,0.00000,0.00000,0.00000
-24.4160,-28.2470,0.00000,0.00000,0.00000,0.00000,0.00000,0.00000,0.00000
-24.4060,-28.2370,0.00000,0.00000,0.00000,0.00000,0.00000,0.00000,0.00000
-24.3960,-28.2270,0.00000,0.00000,0.00000,0.00000,0.00000,0.00000,0.00000
-24.3860,-28.2170,0.00000,0.00000,0.00000,0.00000,0.00000,0.00000,0.00000
-24.3760,-28.2070,0.00000,0.00000,0.00000,0.00000,0.00000,0.00000,0.00000
-24.3660,-28.1970,0.00000,0.00000,0.00000,0.00000,0.00000,0.00000,0.00000
-24.3560,-28.1870,0.00000,0.00000,0.00000,0.00000,0.00000,0.00000,0.00000
-24.3460,-28.1770,0.00000,0.00000,0.00000,0.00000,0.00000,0.00000,0.00000
-24.3360,-28.1670,0.00000,0.00000,0.00000,0.00000,0.00000,0.00000,0.00000
-24.3260,-28.1570,0.00000,0.00000,0.00000,0.00000,0.00000,0.00000,0.00000
-24.3160,-28.1470,0.00000,0.00000,0.00000,0.00000,0.00000,0.00000,0.00000
-24.3060,-28.1370,0.00000,0.00000,0.00000,0.00000,0.00000,0.00000,0.00000
-24.2960,-28.1270,0.00000,0.00000,0.00000,0.00000,0.00000,0.00000,0.00000
-24.2860,-28.1170,0.00000,0.00000,0.00000,0.00000,0.00000,0.00000,0.00000
-24.2760,-28.1070,0.00000,0.00000,0.00000,0.00000,0.00000,0.00000,0.00000
-24.2660,-28.0970,0.00000,0.00000,0.00000,0.00000,0.00000,0.00000,0.00000
-24.2560,-28.0870,0.00000,0.00000,0.00000,0.00000,0.00000,0.00000,0.00000
-24.2460,-28.0770,0.00000,0.00000,0.00000,0.00000,0.00000,0.00000,0.00000
-24.2360,-28.0670,0.00000,0.00000,0.00000,0.00000,0.00000,0.00000,0.00000
-24.2260,-28.0570,0.00000,0.00000,0.00000,0.00000,0.00000,0.00000,0.00000
-24.2160,-28.0470,0.00000,0.00000,0.00000,0.00000,0.00000,0.00000,0.00000
-24.2060,-28.0370,0.00000,0.00000,0.00000,0.00000,0.00000,0.00000,0.00000
-24.1960,-28.0270,0.00000,0.00000,0.00000,0.00000,0.00000,0.00000,0.00000
-24.1860,-28.0170,0.00000,0.00000,0.00000,0.00000,0.00000,0.00000,0.00000
-24.1760,-28.0070,0.00000,0.00000,0.00000,0.00000,0.00000,0.00000,0.00000
-24.1660,-27.9970,0.00000,0.00000,0.00000,0.00000,0.00000,0.00000,0.00000
-24.1560,-27.9870,0.00000,0.00000,0.00000,0.00000,0.00000,0.00000,0.00000
-24.1460,-27.9770,0.00000,0.00000,0.00000,0.00000,0.00000,0.00000,0.00000
-24.1360,-27.9670,0.00000,0.00000,0.00000,0.00000,0.00000,0.00000,0.00000
-24.1260,-27.9570,0.00000,0.00000,0.00000,0.00000,0.00000,0.00000,0.00000
-24.1160,-27.9470,0.00000,0.00000,0.00000,0.00000,0.00000,0.00000,0.00000
-24.1060,-27.9370,0.00000,0.00000,0.00000,0.00000,0.00000,0.00000,0.00000
-24.0960,-27.9270,0.00000,0.00000,0.00000,0.00000,0.00000,0.00000,0.00000
-24.0860,-27.9170,0.00000,0.00000,0.00000,0.00000,0.00000,0.00000,0.00000
-24.0760,-27.9070,0.00000,0.00000,0.00000,0.00000,0.00000,0.00000,0.00000
-24.0660,-27.8970,0.00000,0.00000,0.00000,0.00000,0.00000,0.00000,0.00000
-24.0560,-27.8870,0.00000,0.00000,0.00000,0.00000,0.00000,0.00000,0.00000
-24.0460,-27.8770,0.00000,0.00000,0.00000,0.00000,0.00000,0.00000,0.00000
-24.0360,-27.8670,0.00000,0.00000,0.00000,0.00000,0.00000,0.00000,0.00000
-24.0260,-27.8570,0.00000,0.00000,0.00000,0.00000,0.00000,0.00000,0.00000
-24.0160,-27.8470,0.00000,0.00000,0.00000,0.00000,0.00000,0.00000,0.00000
-24.0060,-27.8370,0.00000,0.00000,0.00000,0.00000,0.00000,0.00000,0.00000
-23.9960,-27.8270,0.00000,0.00000,0.00000,0.00000,0.00000,0.00000,0.00000
-23.9860,-27.8170,0.00000,0.00000,0.00000,0.00000,0.00000,0.00000,0.00000
-23.9760,-27.8070,0.00000,0.00000,0.00000,0.00000,0.00000,0.00000,0.00000
-23.9660,-27.7970,0.00000,0.00000,0.00000,0.00000,0.00000,0.00000,0.00000
-23.9560,-27.7870,0.00000,0.00000,0.00000,0.00000,0.00000,0.00000,0.00000
-23.9460,-27.7770,0.00000,0.00000,0.00000,0.00000,0.00000,0.00000,0.00000
-23.9360,-27.7670,0.00000,0.00000,0.00000,0.00000,0.00000,0.00000,0.00000
-23.9260,-27.7570,0.00000,0.00000,0.00000,0.00000,0.00000,0.00000,0.00000
-23.9160,-27.7470,0.00000,0.00000,0.00000,0.00000,0.00000,0.00000,0.00000
-23.9060,-27.7370,0.00000,0.00000,0.00000,0.00000,0.00000,0.00000,0.00000
-23.8960,-27.7270,0.00000,0.00000,0.00000,0.00000,0.00000,0.00000,0.00000
-23.8860,-27.7170,0.00000,0.00000,0.00000,0.00000,0.00000,0.00000,0.00000
-23.8760,-27.7070,0.00000,0.00000,0.00000,0.00000,0.00000,0.00000,0.00000
-23.8660,-27.6970,0.00000,0.00000,0.00000,0.00000,0.00000,0.00000,0.00000
-23.8560,-27.6870,0.00000,0.00000,0.00000,0.00000,0.00000,0.00000,0.00000
-23.8460,-27.6770,0.00000,0.00000,0.00000,0.00000,0.00000,0.00000,0.00000
-23.8360,-27.6670,0.00000,0.00000,0.00000,0.00000,0.00000,0.00000,0.00000
-23.8260,-27.6570,0.00000,0.00000,0.00000,0.00000,0.00000,0.00000,0.00000
-23.8160,-27.6470,0.00000,0.00000,0.00000,0.00000,0.00000,0.00000,0.00000
-23.8060,-27.6370,0.00000,0.00000,0.00000,0.00000,0.00000,0.00000,0.00000
-23.7960,-27.6270,0.00000,0.00000,0.00000,0.00000,0.00000,0.00000,0.00000
-23.7860,-27.6170,0.00000,0.00000,0.00000,0.00000,0.00000,0.00000,0.00000
-23.7760,-27.6070,0.00000,0.00000,0.00000,0.00000,0.00000,0.00000,0.00000
-23.7660,-27.5970,0.00000,0.00000,0.00000,0.00000,0.00000,0.00000,0.00000
-23.7560,-27.5870,0.00000,0.00000,0.00000,0.00000,0.00000,0.00000,0.00000
-23.7460,-27.5770,0.00000,0.00000,0.00000,0.00000,0.00000,0.00000,0.00000
-23.7360,-27.5670,0.00000,0.00000,0.00000,0.00000,0.00000,0.00000,0.00000
-23.7260,-27.5570,0.00000,0.00000,0.00000,0.00000,0.00000,0.00000,0.00000
-23.7160,-27.5470,0.00000,0.00000,0.00000,0.00000,0.00000,0.00000,0.00000
-23.7060,-27.5370,0.00000,0.00000,0.00000,0.00000,0.00000,0.00000,0.00000
-23.6960,-27.5270,0.00000,0.00000,0.00000,0.00000,0.00000,0.00000,0.00000
-23.6860,-27.5170,0.00000,0.00000,0.00000,0.00000,0.00000,0.00000,0.00000
-23.6760,-27.5070,0.00000,0.00000,0.00000,0.00000,0.00000,0.00000,0.00000
-23.6660,-27.4970,0.00000,0.00000,0.00000,0.00000,0.00000,0.00000,0.00000
-23.6560,-27.4870,0.00000,0.00000,0.00000,0.00000,0.00000,0.00000,0.00000
-23.6460,-27.4770,0.00000,0.00000,0.00000,0.00000,0.00000,0.00000,0.00000
-23.6360,-27.4670,0.00000,0.00000,0.00000,0.00000,0.00000,0.00000,0.00000
-23.6260,-27.4570,0.00000,0.00000,0.00000,0.00000,0.00000,0.00000,0.00000
-23.6160,-27.4470,0.00000,0.00000,0.00000,0.00000,0.00000,0.00000,0.00000
-23.6060,-27.4370,0.00000,0.00000,0.00000,0.00000,0.00000,0.00000,0.00000
-23.5960,-27.4270,0.00000,0.00000,0.00000,0.00000,0.00000,0.00000,0.00000
-23.5860,-27.4170,0.00000,0.00000,0.00000,0.00000,0.00000,0.00000,0.00000
-23.5760,-27.4070,0.00000,0.00000,0.00000,0.00000,0.00000,0.00000,0.00000
-23.5660,-27.3970,0.00000,0.00000,0.00000,0.00000,0.00000,0.00000,0.00000
-23.5560,-27.3870,0.00000,0.00000,0.00000,0.00000,0.00000,0.00000,0.00000
-23.5460,-27.3770,0.00000,0.00000,0.00000,0.00000,0.00000,0.00000,0.00000
-23.5360,-27.3670,0.00000,0.00000,0.00000,0.00000,0.00000,0.00000,0.00000
-23.5260,-27.3570,0.00000,0.00000,0.00000,0.00000,0.00000,0.00000,0.00000
-23.5160,-27.3470,0.00000,0.00000,0.00000,0.00000,0.00000,0.00000,0.00000
-23.5060,-27.3370,0.00000,0.00000,0.00000,0.00000,0.00000,0.00000,0.00000
-23.4960,-27.3270,0.00000,0.00000,0.00000,0.00000,0.00000,0.00000,0.00000
-23.4860,-27.3170,0.00000,0.00000,0.00000,0.00000,0.00000,0.00000,0.00000
-23.4760,-27.3070,0.00000,0.00000,0.00000,0.00000,0.00000,0.00000,0.00000
-23.4660,-27.2970,0.00000,0.00000,0.00000,0.00000,0.00000,0.00000,0.00000
-23.4560,-27.2870,0.00000,0.00000,0.00000,0.00000,0.00000,0.00000,0.00000
-23.4460,-27.2770,0.00000,0.00000,0.00000,0.00000,0.00000,0.00000,0.00000
-23.4360,-27.2670,0.00000,0.00000,0.00000,0.00000,0.00000,0.00000,0.00000
-23.4260,-27.2570,0.00000,0.00000,0.00000,0.00000,0.00000,0.00000,0.00000
-23.4160,-27.2470,0.00000,0.00000,0.00000,0.00000,0.00000,0.00000,0.00000
-23.4060,-27.2370,0.00000,0.00000,0.00000,0.00000,0.00000,0.00000,0.00000
-23.3960,-27.2270,0.00000,0.00000,0.00000,0.00000,0.00000,0.00000,0.00000
-23.3860,-27.2170,0.00000,0.00000,0.00000,0.00000,0.00000,0.00000,0.00000
-23.3760,-27.2070,0.00000,0.00000,0.00000,0.00000,0.00000,0.00000,0.00000
-23.3660,-27.1970,0.00000,0.00000,0.00000,0.00000,0.00000,0.00000,0.00000
-23.3560,-27.1870,0.00000,0.00000,0.00000,0.00000,0.00000,0.00000,0.00000
-23.3460,-27.1770,0.00000,0.00000,0.00000,0.00000,0.00000,0.00000,0.00000
-23.3360,-27.1670,0.00000,0.00000,0.00000,0.00000,0.00000,0.00000,0.00000
-23.3260,-27.1570,0.00000,0.00000,0.00000,0.00000,0.00000,0.00000,0.00000
-23.3160,-27.1470,0.00000,0.00000,0.00000,0.00000,0.00000,0.00000,0.00000
-23.3060,-27.1370,0.00000,0.00000,0.00000,0.00000,0.00000,0.00000,0.00000
-23.2960,-27.1270,0.00000,0.00000,0.00000,0.00000,0.00000,0.00000,0.00000
-23.2860,-27.1170,0.00000,0.00000,0.00000,0.00000,0.00000,0.00000,0.00000
-23.2760,-27.1070,0.00000,0.00000,0.00000,0.00000,0.00000,0.00000,0.00000
-23.2660,-27.0970,0.00000,0.00000,0.00000,0.00000,0.00000,0.00000,0.00000
-23.2560,-27.0870,0.00000,0.00000,0.00000,0.00000,0.00000,0.00000,0.00000
-23.2460,-27.0770,0.00000,0.00000,0.00000,0.00000,0.00000,0.00000,0.00000
-23.2360,-27.0670,0.00000,0.00000,0.00000,0.00000,0.00000,0.00000,0.00000
-23.2260,-27.0570,0.00000,0.00000,0.00000,0.00000,0.00000,0.00000,0.00000
-23.2160,-27.0470,0.00000,0.00000,0.00000,0.00000,0.00000,0.00000,0.00000
-23.2060,-27.0370,0.00000,0.00000,0.00000,0.00000,0.00000,0.00000,0.00000
-23.1960,-27.0270,0.00000,0.00000,0.00000,0.00000,0.00000,0.00000,0.00000
-23.1860,-27.0170,0.00000,0.00000,0.00000,0.00000,0.00000,0.00000,0.00000
-23.1760,-27.0070,0.00000,0.00000,0.00000,0.00000,0.00000,0.00000,0.00000
-23.1660,-26.9970,0.00000,0.00000,0.00000,0.00000,0.00000,0.00000,0.00000
-23.1560,-26.9870,0.00000,0.00000,0.00000,0.00000,0.00000,0.00000,0.00000
-23.1460,-26.9770,0.00000,0.00000,0.00000,0.00000,0.00000,0.00000,0.00000
-23.1360,-26.9670,0.00000,0.00000,0.00000,0.00000,0.00000,0.00000,0.00000
-23.1260,-26.9570,0.00000,0.00000,0.00000,0.00000,0.00000,0.00000,0.00000
-23.1160,-26.9470,0.00000,0.00000,0.00000,0.00000,0.00000,0.00000,0.00000
-23.1060,-26.9370,0.00000,0.00000,0.00000,0.00000,0.00000,0.00000,0.00000
-23.0960,-26.9270,0.00000,0.00000,0.00000,0.00000,0.00000,0.00000,0.00000
-23.0860,-26.9170,0.00000,0.00000,0.00000,0.00000,0.00000,0.00000,0.00000
-23.0760,-26.9070,0.00000,0.00000,0.00000,0.00000,0.00000,0.00000,0.00000
-23.0660,-26.8970,0.00000,0.00000,0.00000,0.00000,0.00000,0.00000,0.00000
-23.0560,-26.8870,0.00000,0.00000,0.00000,0.00000,0.00000,0.00000,0.00000
-23.0460,-26.8770,0.00000,0.00000,0.00000,0.00000,0.00000,0.00000,0.00000
-23.0360,-26.8670,0.00000,0.00000,0.00000,0.00000,0.00000,0.00000,0.00000
-23.0260,-26.8570,0.00000,0.00000,0.00000,0.00000,0.00000,0.00000,0.00000
-23.0160,-26.8470,0.00000,0.00000,0.00000,0.00000,0.00000,0.00000,0.00000
-23.0060,-26.8370,0.00000,0.00000,0.00000,0.00000,0.00000,0.00000,0.00000
-22.9960,-26.8270,0.00000,0.00000,0.00000,0.00000,0.00000,0.00000,0.00000
-22.9860,-26.8170,0.00000,0.00000,0.00000,0.00000,0.00000,0.00000,0.00000
-22.9760,-26.8070,0.00000,0.00000,0.00000,0.00000,0.00000,0.00000,0.00000
-22.9660,-26.7970,0.00000,0.00000,0.00000,0.00000,0.00000,0.00000,0.00000
-22.9560,-26.7870,0.00000,0.00000,0.00000,0.00000,0.00000,0.00000,0.00000
-22.9460,-26.7770,0.00000,0.00000,0.00000,0.00000,0.00000,0.00000,0.00000
-22.9360,-26.7670,0.00000,0.00000,0.00000,0.00000,0.00000,0.00000,0.00000
-22.9260,-26.7570,0.00000,0.00000,0.00000,0.00000,0.00000,0.00000,0.00000
-22.9160,-26.7470,0.00000,0.00000,0.00000,0.00000,0.00000,0.00000,0.00000
-22.9060,-26.7370,0.00000,0.00000,0.00000,0.00000,0.00000,0.00000,0.00000
-22.8960,-26.7270,0.00000,0.00000,0.00000,0.00000,0.00000,0.00000,0.00000
-22.8860,-26.7170,0.00000,0.00000,0.00000,0.00000,0.00000,0.00000,0.00000
-22.8760,-26.7070,0.00000,0.00000,0.00000,0.00000,0.00000,0.00000,0.00000
-22.8660,-26.6970,0.00000,0.00000,0.00000,0.00000,0.00000,0.00000,0.00000
-22.8560,-26.6870,0.00000,0.00000,0.00000,0.00000,0.00000,0.00000,0.00000
-22.8460,-26.6770,0.00000,0.00000,0.00000,0.00000,0.00000,0.00000,0.00000
-22.8360,-26.6670,0.00000,0.00000,0.00000,0.00000,0.00000,0.00000,0.00000
-22.8260,-26.6570,0.00000,0.00000,0.00000,0.00000,0.00000,0.00000,0.00000
-22.8160,-26.6470,0.00000,0.00000,0.00000,0.00000,0.00000,0.00000,0.00000
-22.8060,-26.6370,0.00000,0.00000,0.00000,0.00000,0.00000,0.00000,0.00000
-22.7960,-26.6270,0.00000,0.00000,0.00000,0.00000,0.00000,0.00000,0.00000
-22.7860,-26.6170,0.00000,0.00000,0.00000,0.00000,0.00000,0.00000,0.00000
-22.7760,-26.6070,0.00000,0.00000,0.00000,0.00000,0.00000,0.00000,0.00000
-22.7660,-26.5970,0.00000,0.00000,0.00000,0.00000,0.00000,0.00000,0.00000
-22.7560,-26.5870,0.00000,0.00000,0.00000,0.00000,0.00000,0.00000,0.00000
-22.7460,-26.5770,0.00000,0.00000,0.00000,0.00000,0.00000,0.00000,0.00000
-22.7360,-26.5670,0.00000,0.00000,0.00000,0.00000,0.00000,0.00000,0.00000
-22.7260,-26.5570,0.00000,0.00000,0.00000,0.00000,0.00000,0.00000,0.00000
-22.7160,-26.5470,0.00000,0.00000,0.00000,0.00000,0.00000,0.00000,0.00000
-22.7060,-26.5370,0.00000,0.00000,0.00000,0.00000,0.00000,0.00000,0.00000
-22.6960,-26.5270,0.00000,0.00000,0.00000,0.00000,0.00000,0.00000,0.00000
-22.6860,-26.5170,0.00000,0.00000,0.00000,0.00000,0.00000,0.00000,0.00000
-22.6760,-26.5070,0.00000,0.00000,0.00000,0.00000,0.00000,0.00000,0.00000
-22.6660,-26.4970,0.00000,0.00000,0.00000,0.00000,0.00000,0.00000,0.00000
-22.6560,-26.4870,0.00000,0.00000,0.00000,0.00000,0.00000,0.00000,0.00000
-22.6460,-26.4770,0.00000,0.00000,0.00000,0.00000,0.00000,0.00000,0.00000
-22.6360,-26.4670,0.00000,0.00000,0.00000,0.00000,0.00000,0.00000,0.00000
-22.6260,-26.4570,0.00000,0.00000,0.00000,0.00000,0.00000,0.00000,0.00000
-22.6160,-26.4470,0.00000,0.00000,0.00000,0.00000,0.00000,0.00000,0.00000
-22.6060,-26.4370,0.00000,0.00000,0.00000,0.00000,0.00000,0.00000,0.00000
-22.5960,-26.4270,0.00000,0.00000,0.00000,0.00000,0.00000,0.00000,0.00000
-22.5860,-26.4170,0.00000,0.00000,0.00000,0.00000,0.00000,0.00000,0.00000
-22.5760,-26.4070,0.00000,0.00000,0.00000,0.00000,0.00000,0.00000,0.00000
-22.5660,-26.3970,0.00000,0.00000,0.00000,0.00000,0.00000,0.00000,0.00000
-22.5560,-26.3870,0.00000,0.00000,0.00000,0.00000,0.00000,0.00000,0.00000
-22.5460,-26.3770,0.00000,0.00000,0.00000,0.00000,0.00000,0.00000,0.00000
-22.5360,-26.3670,0.00000,0.00000,0.00000,0.00000,0.00000,0.00000,0.00000
-22.5260,-26.3570,0.00000,0.00000,0.00000,0.00000,0.00000,0.00000,0.00000
-22.5160,-26.3470,0.00000,0.00000,0.00000,0.00000,0.00000,0.00000,0.00000
-22.5060,-26.3370,0.00000,0.00000,0.00000,0.00000,0.00000,0.00000,0.00000
-22.4960,-26.3270,0.00000,0.00000,0.00000,0.00000,0.00000,0.00000,0.00000
-22.4860,-26.3170,0.00000,0.00000,0.00000,0.00000,0.00000,0.00000,0.00000
-22.4760,-26.3070,0.00000,0.00000,0.00000,0.00000,0.00000,0.00000,0.00000
-22.4660,-26.2970,0.00000,0.00000,0.00000,0.00000,0.00000,0.00000,0.00000
-22.4560,-26.2870,0.00000,0.00000,0.00000,0.00000,0.00000,0.00000,0.00000
-22.4460,-26.2770,0.00000,0.00000,0.00000,0.00000,0.00000,0.00000,0.00000
-22.4360,-26.2670,0.00000,0.00000,0.00000,0.00000,0.00000,0.00000,0.00000
-22.4260,-26.2570,0.00000,0.00000,0.00000,0.00000,0.00000,0.00000,0.00000
-22.4160,-26.2470,0.00000,0.00000,0.00000,0.00000,0.00000,0.00000,0.00000
-22.4060,-26.2370,0.00000,0.00000,0.00000,0.00000,0.00000,0.00000,0.00000
-22.3960,-26.2270,0.00000,0.00000,0.00000,0.00000,0.00000,0.00000,0.00000
-22.3860,-26.2170,0.00000,0.00000,0.00000,0.00000,0.00000,0.00000,0.00000
-22.3760,-26.2070,0.00000,0.00000,0.00000,0.00000,0.00000,0.00000,0.00000
-22.3660,-26.1970,0.00000,0.00000,0.00000,0.00000,0.00000,0.00000,0.00000
-22.3560,-26.1870,0.00000,0.00000,0.00000,0.00000,0.00000,0.00000,0.00000
-22.3460,-26.1770,0.00000,0.00000,0.00000,0.00000,0.00000,0.00000,0.00000
-22.3360,-26.1670,0.00000,0.00000,0.00000,0.00000,0.00000,0.00000,0.00000
-22.3260,-26.1570,0.00000,0.00000,0.00000,0.00000,0.00000,0.00000,0.00000
-22.3160,-26.1470,0.00000,0.00000,0.00000,0.00000,0.00000,0.00000,0.00000
-22.3060,-26.1370,0.00000,0.00000,0.00000,0.00000,0.00000,0.00000,0.00000
-22.2960,-26.1270,0.00000,0.00000,0.00000,0.00000,0.00000,0.00000,0.00000
-22.2860,-26.1170,0.00000,0.00000,0.00000,0.00000,0.00000,0.00000,0.00000
-22.2760,-26.1070,0.00000,0.00000,0.00000,0.00000,0.00000,0.00000,0.00000
-22.2660,-26.0970,0.00000,0.00000,0.00000,0.00000,0.00000,0.00000,0.00000
-22.2560,-26.0870,0.00000,0.00000,0.00000,0.00000,0.00000,0.00000,0.00000
-22.2460,-26.0770,0.00000,0.00000,0.00000,0.00000,0.00000,0.00000,0.00000
-22.2360,-26.0670,0.00000,0.00000,0.00000,0.00000,0.00000,0.00000,0.00000
-22.2260,-26.0570,0.00000,0.00000,0.00000,0.00000,0.00000,0.00000,0.00000
-22.2160,-26.0470,0.00000,0.00000,0.00000,0.00000,0.00000,0.00000,0.00000
-22.2060,-26.0370,0.00000,0.00000,0.00000,0.00000,0.00000,0.00000,0.00000
-22.1960,-26.0270,0.00000,0.00000,0.00000,0.00000,0.00000,0.00000,0.00000
-22.1860,-26.0170,0.00000,0.00000,0.00000,0.00000,0.00000,0.00000,0.00000
-22.1760,-26.0070,0.00000,0.00000,0.00000,0.00000,0.00000,0.00000,0.00000
-22.1660,-25.9970,0.00000,0.00000,0.00000,0.00000,0.00000,0.00000,0.00000
-22.1560,-25.9870,0.00000,0.00000,0.00000,0.00000,0.00000,0.00000,0.00000
-22.1460,-25.9770,0.00000,0.00000,0.00000,0.00000,0.00000,0.00000,0.00000
-22.1360,-25.9670,0.00000,0.00000,0.00000,0.00000,0.00000,0.00000,0.00000
-22.1260,-25.9570,0.00000,0.00000,0.00000,0.00000,0.00000,0.00000,0.00000
-22.1160,-25.9470,0.00000,0.00000,0.00000,0.00000,0.00000,0.00000,0.00000
-22.1060,-25.9370,0.00000,0.00000,0.00000,0.00000,0.00000,0.00000,0.00000
-22.0960,-25.9270,0.00000,0.00000,0.00000,0.00000,0.00000,0.00000,0.00000
-22.0860,-25.9170,0.00000,0.00000,0.00000,0.00000,0.00000,0.00000,0.00000
-22.0760,-25.9070,0.00000,0.00000,0.00000,0.00000,0.00000,0.00000,0.00000
-22.0660,-25.8970,0.00000,0.00000,0.00000,0.00000,0.00000,0.00000,0.00000
-22.0560,-25.8870,0.00000,0.00000,0.00000,0.00000,0.00000,0.00000,0.00000
-22.0460,-25.8770,0.00000,0.00000,0.00000,0.00000,0.00000,0.00000,0.00000
-22.0360,-25.8670,0.00000,0.00000,0.00000,0.00000,0.00000,0.00000,0.00000
-22.0260,-25.8570,0.00000,0.00000,0.00000,0.00000,0.00000,0.00000,0.00000
-22.0160,-25.8470,0.00000,0.00000,0.00000,0.00000,0.00000,0.00000,0.00000
-22.0060,-25.8370,0.00000,0.00000,0.00000,0.00000,0.00000,0.00000,0.00000
-21.9960,-25.8270,0.00000,0.00000,0.00000,0.00000,0.00000,0.00000,0.00000
-21.9860,-25.8170,0.00000,0.00000,0.00000,0.00000,0.00000,0.00000,0.00000
-21.9760,-25.8070,0.00000,0.00000,0.00000,0.00000,0.00000,0.00000,0.00000
-21.9660,-25.7970,0.00000,0.00000,0.00000,0.00000,0.00000,0.00000,0.00000
-21.9560,-25.7870,0.00000,0.00000,0.00000,0.00000,0.00000,0.00000,0.00000
-21.9460,-25.7770,0.00000,0.00000,0.00000,0.00000,0.00000,0.00000,0.00000
-21.9360,-25.7670,0.00000,0.00000,0.00000,0.00000,0.00000,0.00000,0.00000
-21.9260,-25.7570,0.00000,0.00000,0.00000,0.00000,0.00000,0.00000,0.00000
-21.9160,-25.7470,0.00000,0.00000,0.00000,0.00000,0.00000,0.00000,0.00000
-21.9060,-25.7370,0.00000,0.00000,0.00000,0.00000,0.00000,0.00000,0.00000
-21.8960,-25.7270,0.00000,0.00000,0.00000,0.00000,0.00000,0.00000,0.00000
-21.8860,-25.7170,0.00000,0.00000,0.00000,0.00000,0.00000,0.00000,0.00000
-21.8760,-25.7070,0.00000,0.00000,0.00000,0.00000,0.00000,0.00000,0.00000
-21.8660,-25.6970,0.00000,0.00000,0.00000,0.00000,0.00000,0.00000,0.00000
-21.8560,-25.6870,0.00000,0.00000,0.00000,0.00000,0.00000,0.00000,0.00000
-21.8460,-25.6770,0.00000,0.00000,0.00000,0.00000,0.00000,0.00000,0.00000
-21.8360,-25.6670,0.00000,0.00000,0.00000,0.00000,0.00000,0.00000,0.00000
-21.8260,-25.6570,0.00000,0.00000,0.00000,0.00000,0.00000,0.00000,0.00000
-21.8160,-25.6470,0.00000,0.00000,0.00000,0.00000,0.00000,0.00000,0.00000
-21.8060,-25.6370,0.00000,0.00000,0.00000,0.00000,0.00000,0.00000,0.00000
-21.7960,-25.6270,0.00000,0.00000,0.00000,0.00000,0.00000,0.00000,0.00000
-21.7860,-25.6170,0.00000,0.00000,0.00000,0.00000,0.00000,0.00000,0.00000
-21.7760,-25.6070,0.00000,0.00000,0.00000,0.00000,0.00000,0.00000,0.00000
-21.7660,-25.5970,0.00000,0.00000,0.00000,0.00000,0.00000,0.00000,0.00000
-21.7560,-25.5870,0.00000,0.00000,0.00000,0.00000,0.00000,0.00000,0.00000
-21.7460,-25.5770,0.00000,0.00000,0.00000,0.00000,0.00000,0.00000,0.00000
-21.7360,-25.5670,0.00000,0.00000,0.00000,0.00000,0.00000,0.00000,0.00000
-21.7260,-25.5570,0.00000,0.00000,0.00000,0.00000,0.00000,0.00000,0.00000
-21.7160,-25.5470,0.00000,0.00000,0.00000,0.00000,0.00000,0.00000,0.00000
-21.7060,-25.5370,0.00000,0.00000,0.00000,0.00000,0.00000,0.00000,0.00000
-21.6960,-25.5270,0.00000,0.00000,0.00000,0.00000,0.00000,0.00000,0.00000
-21.6860,-25.5170,0.00000,0.00000,0.00000,0.00000,0.00000,0.00000,0.00000
-21.6760,-25.5070,0.00000,0.00000,0.00000,0.00000,0.00000,0.00000,0.00000
-21.6660,-25.4970,0.00000,0.00000,0.00000,0.00000,0.00000,0.00000,0.00000
-21.6560,-25.4870,0.00000,0.00000,0.00000,0.00000,0.00000,0.00000,0.00000
-21.6460,-25.4770,0.00000,0.00000,0.00000,0.00000,0.00000,0.00000,0.00000
-21.6360,-25.4670,0.00000,0.00000,0.00000,0.00000,0.00000,0.00000,0.00000
-21.6260,-25.4570,0.00000,0.00000,0.00000,0.00000,0.00000,0.00000,0.00000
-21.6160,-25.4470,0.00000,0.00000,0.00000,0.00000,0.00000,0.00000,0.00000
-21.6060,-25.4370,0.00000,0.00000,0.00000,0.00000,0.00000,0.00000,0.00000
-21.5960,-25.4270,0.00000,0.00000,0.00000,0.00000,0.00000,0.00000,0.00000
-21.5860,-25.4170,0.00000,0.00000,0.00000,0.00000,0.00000,0.00000,0.00000
-21.5760,-25.4070,0.00000,0.00000,0.00000,0.00000,0.00000,0.00000,0.00000
-21.5660,-25.3970,0.00000,0.00000,0.00000,0.00000,0.00000,0.00000,0.00000
-21.5560,-25.3870,0.00000,0.00000,0.00000,0.00000,0.00000,0.00000,0.00000
-21.5460,-25.3770,0.00000,0.00000,0.00000,0.00000,0.00000,0.00000,0.00000
-21.5360,-25.3670,0.00000,0.00000,0.00000,0.00000,0.00000,0.00000,0.00000
-21.5260,-25.3570,0.00000,0.00000,0.00000,0.00000,0.00000,0.00000,0.00000
-21.5160,-25.3470,0.00000,0.00000,0.00000,0.00000,0.00000,0.00000,0.00000
-21.5060,-25.3370,0.00000,0.00000,0.00000,0.00000,0.00000,0.00000,0.00000
-21.4960,-25.3270,0.00000,0.00000,0.00000,0.00000,0.00000,0.00000,0.00000
-21.4860,-25.3170,0.00000,0.00000,0.00000,0.00000,0.00000,0.00000,0.00000
-21.4760,-25.3070,0.00000,0.00000,0.00000,0.00000,0.00000,0.00000,0.00000
-21.4660,-25.2970,0.00000,0.00000,0.00000,0.00000,0.00000,0.00000,0.00000
-21.4560,-25.2870,0.00000,0.00000,0.00000,0.00000,0.00000,0.00000,0.00000
-21.4460,-25.2770,0.00000,0.00000,0.00000,0.00000,0.00000,0.00000,0.00000
-21.4360,-25.2670,0.00000,0.00000,0.00000,0.00000,0.00000,0.00000,0.00000
-21.4260,-25.2570,0.00000,0.00000,0.00000,0.00000,0.00000,0.00000,0.00000
-21.4160,-25.2470,0.00000,0.00000,0.00000,0.00000,0.00000,0.00000,0.00000
-21.4060,-25.2370,0.00000,0.00000,0.00000,0.00000,0.00000,0.00000,0.00000
-21.3960,-25.2270,0.00000,0.00000,0.00000,0.00000,0.00000,0.00000,0.00000
-21.3860,-25.2170,0.00000,0.00000,0.00000,0.00000,0.00000,0.00000,0.00000
-21.3760,-25.2070,0.00000,0.00000,0.00000,0.00000,0.00000,0.00000,0.00000
-21.3660,-25.1970,0.00000,0.00000,0.00000,0.00000,0.00000,0.00000,0.00000
-21.3560,-25.1870,0.00000,0.00000,0.00000,0.00000,0.00000,0.00000,0.00000
-21.3460,-25.1770,0.00000,0.00000,0.00000,0.00000,0.00000,0.00000,0.00000
-21.3360,-25.1670,0.00000,0.00000,0.00000,0.00000,0.00000,0.00000,0.00000
-21.3260,-25.1570,0.00000,0.00000,0.00000,0.00000,0.00000,0.00000,0.00000
-21.3160,-25.1470,0.00000,0.00000,0.00000,0.00000,0.00000,0.00000,0.00000
-21.3060,-25.1370,0.00000,0.00000,0.00000,0.00000,0.00000,0.00000,0.00000
-21.2960,-25.1270,0.00000,0.00000,0.00000,0.00000,0.00000,0.00000,0.00000
-21.2860,-25.1170,0.00000,0.00000,0.00000,0.00000,0.00000,0.00000,0.00000
-21.2760,-25.1070,0.00000,0.00000,0.00000,0.00000,0.00000,0.00000,0.00000
-21.2660,-25.0970,0.00000,0.00000,0.00000,0.00000,0.00000,0.00000,0.00000
-21.2560,-25.0870,0.00000,0.00000,0.00000,0.00000,0.00000,0.00000,0.00000
-21.2460,-25.0770,0.00000,0.00000,0.00000,0.00000,0.00000,0.00000,0.00000
-21.2360,-25.0670,0.00000,0.00000,0.00000,0.00000,0.00000,0.00000,0.00000
-21.2260,-25.0570,0.00000,0.00000,0.00000,0.00000,0.00000,0.00000,0.00000
-21.2160,-25.0470,0.00000,0.00000,0.00000,0.00000,0.00000,0.00000,0.00000
-21.2060,-25.0370,0.00000,0.00000,0.00000,0.00000,0.00000,0.00000,0.00000
-21.1960,-25.0270,0.00000,0.00000,0.00000,0.00000,0.00000,0.00000,0.00000
-21.1860,-25.0170,0.00000,0.00000,0.00000,0.00000,0.00000,0.00000,0.00000
-21.1760,-25.0070,0.00000,0.00000,0.00000,0.00000,0.00000,0.00000,0.00000
-21.1660,-24.9970,0.00000,0.00000,0.00000,0.00000,0.00000,0.00000,0.00000
-21.1560,-24.9870,0.00000,0.00000,0.00000,0.00000,0.00000,0.00000,0.00000
-21.1460,-24.9770,0.00000,0.00000,0.00000,0.00000,0.00000,0.00000,0.00000
-21.1360,-24.9670,0.00000,0.00000,0.00000,0.00000,0.00000,0.00000,0.00000
-21.1260,-24.9570,0.00000,0.00000,0.00000,0.00000,0.00000,0.00000,0.00000
-21.1160,-24.9470,0.00000,0.00000,0.00000,0.00000,0.00000,0.00000,0.00000
-21.1060,-24.9370,0.00000,0.00000,0.00000,0.00000,0.00000,0.00000,0.00000
-21.0960,-24.9270,0.00000,0.00000,0.00000,0.00000,0.00000,0.00000,0.00000
-21.0860,-24.9170,0.00000,0.00000,0.00000,0.00000,0.00000,0.00000,0.00000
-21.0760,-24.9070,0.00000,0.00000,0.00000,0.00000,0.00000,0.00000,0.00000
-21.0660,-24.8970,0.00000,0.00000,0.00000,0.00000,0.00000,0.00000,0.00000
-21.0560,-24.8870,0.00000,0.00000,0.00000,0.00000,0.00000,0.00000,0.00000
-21.0460,-24.8770,0.00000,0.00000,0.00000,0.00000,0.00000,0.00000,0.00000
-21.0360,-24.8670,0.00000,0.00000,0.00000,0.00000,0.00000,0.00000,0.00000
-21.0260,-24.8570,0.00000,0.00000,0.00000,0.00000,0.00000,0.00000,0.00000
-21.0160,-24.8470,0.00000,0.00000,0.00000,0.00000,0.00000,0.00000,0.00000
-21.0060,-24.8370,0.00000,0.00000,0.00000,0.00000,0.00000,0.00000,0.00000
-20.9960,-24.8270,0.00000,0.00000,0.00000,0.00000,0.00000,0.00000,0.00000
-20.9860,-24.8170,0.00000,0.00000,0.00000,0.00000,0.00000,0.00000,0.00000
-20.9760,-24.8070,0.00000,0.00000,0.00000,0.00000,0.00000,0.00000,0.00000
-20.9660,-24.7970,0.00000,0.00000,0.00000,0.00000,0.00000,0.00000,0.00000
-20.9560,-24.7870,0.00000,0.00000,0.00000,0.00000,0.00000,0.00000,0.00000
-20.9460,-24.7770,0.00000,0.00000,0.00000,0.00000,0.00000,0.00000,0.00000
-20.9360,-24.7670,0.00000,0.00000,0.00000,0.00000,0.00000,0.00000,0.00000
-20.9260,-24.7570,0.00000,0.00000,0.00000,0.00000,0.00000,0.00000,0.00000
-20.9160,-24.7470,0.00000,0.00000,0.00000,0.00000,0.00000,0.00000,0.00000
-20.9060,-24.7370,0.00000,0.00000,0.00000,0.00000,0.00000,0.00000,0.00000
-20.8960,-24.7270,0.00000,0.00000,0.00000,0.00000,0.00000,0.00000,0.00000
-20.8860,-24.7170,0.00000,0.00000,0.00000,0.00000,0.00000,0.00000,0.00000
-20.8760,-24.7070,0.00000,0.00000,0.00000,0.00000,0.00000,0.00000,0.00000
-20.8660,-24.6970,0.00000,0.00000,0.00000,0.00000,0.00000,0.00000,0.00000
-20.8560,-24.6870,0.00000,0.00000,0.00000,0.00000,0.00000,0.00000,0.00000
-20.8460,-24.6770,0.00000,0.00000,0.00000,0.00000,0.00000,0.00000,0.00000
-20.8360,-24.6670,0.00000,0.00000,0.00000,0.00000,0.00000,0.00000,0.00000
-20.8260,-24.6570,0.00000,0.00000,0.00000,0.00000,0.00000,0.00000,0.00000
-20.8160,-24.6470,0.00000,0.00000,0.00000,0.00000,0.00000,0.00000,0.00000
-20.8060,-24.6370,0.00000,0.00000,0.00000,0.00000,0.00000,0.00000,0.00000
-20.7960,-24.6270,0.00000,0.00000,0.00000,0.00000,0.00000,0.00000,0.00000
-20.7860,-24.6170,0.00000,0.00000,0.00000,0.00000,0.00000,0.00000,0.00000
-20.7760,-24.6070,0.00000,0.00000,0.00000,0.00000,0.00000,0.00000,0.00000
-20.7660,-24.5970,0.00000,0.00000,0.00000,0.00000,0.00000,0.00000,0.00000
-20.7560,-24.5870,0.00000,0.00000,0.00000,0.00000,0.00000,0.00000,0.00000
-20.7460,-24.5770,0.00000,0.00000,0.00000,0.00000,0.00000,0.00000,0.00000
-20.7360,-24.5670,0.00000,0.00000,0.00000,0.00000,0.00000,0.00000,0.00000
-20.7260,-24.5570,0.00000,0.00000,0.00000,0.00000,0.00000,0.00000,0.00000
-20.7160,-24.5470,0.00000,0.00000,0.00000,0.00000,0.00000,0.00000,0.00000
-20.7060,-24.5370,0.00000,0.00000,0.00000,0.00000,0.00000,0.00000,0.00000
-20.6960,-24.5270,0.00000,0.00000,0.00000,0.00000,0.00000,0.00000,0.00000
-20.6860,-24.5170,0.00000,0.00000,0.00000,0.00000,0.00000,0.00000,0.00000
-20.6760,-24.5070,0.00000,0.00000,0.00000,0.00000,0.00000,0.00000,0.00000
-20.6660,-24.4970,0.00000,0.00000,0.00000,0.00000,0.00000,0.00000,0.00000
-20.6560,-24.4870,0.00000,0.00000,0.00000,0.00000,0.00000,0.00000,0.00000
-20.6460,-24.4770,0.00000,0.00000,0.00000,0.00000,0.00000,0.00000,0.00000
-20.6360,-24.4670,0.00000,0.00000,0.00000,0.00000,0.00000,0.00000,0.00000
-20.6260,-24.4570,0.00000,0.00000,0.00000,0.00000,0.00000,0.00000,0.00000
-20.6160,-24.4470,0.00000,0.00000,0.00000,0.00000,0.00000,0.00000,0.00000
-20.6060,-24.4370,0.00000,0.00000,0.00000,0.00000,0.00000,0.00000,0.00000
-20.5960,-24.4270,0.00000,0.00000,0.00000,0.00000,0.00000,0.00000,0.00000
-20.5860,-24.4170,0.00000,0.00000,0.00000,0.00000,0.00000,0.00000,0.00000
-20.5760,-24.4070,0.00000,0.00000,0.00000,0.00000,0.00000,0.00000,0.00000
-20.5660,-24.3970,0.00000,0.00000,0.00000,0.00000,0.00000,0.00000,0.00000
-20.5560,-24.3870,0.00000,0.00000,0.00000,0.00000,0.00000,0.00000,0.00000
-20.5460,-24.3770,0.00000,0.00000,0.00000,0.00000,0.00000,0.00000,0.00000
-20.5360,-24.3670,0.00000,0.00000,0.00000,0.00000,0.00000,0.00000,0.00000
-20.5260,-24.3570,0.00000,0.00000,0.00000,0.00000,0.00000,0.00000,0.00000
-20.5160,-24.3470,0.00000,0.00000,0.00000,0.00000,0.00000,0.00000,0.00000
-20.5060,-24.3370,0.00000,0.00000,0.00000,0.00000,0.00000,0.00000,0.00000
-20.4960,-24.3270,0.00000,0.00000,0.00000,0.00000,0.00000,0.00000,0.00000
-20.4860,-24.3170,0.00000,0.00000,0.00000,0.00000,0.00000,0.00000,0.00000
-20.4760,-24.3070,0.00000,0.00000,0.00000,0.00000,0.00000,0.00000,0.00000
-20.4660,-24.2970,0.00000,0.00000,0.00000,0.00000,0.00000,0.00000,0.00000
-20.4560,-24.2870,0.00000,0.00000,0.00000,0.00000,0.00000,0.00000,0.00000
-20.4460,-24.2770,0.00000,0.00000,0.00000,0.00000,0.00000,0.00000,0.00000
-20.4360,-24.2670,0.00000,0.00000,0.00000,0.00000,0.00000,0.00000,0.00000
-20.4260,-24.2570,0.00000,0.00000,0.00000,0.00000,0.00000,0.00000,0.00000
-20.4160,-24.2470,0.00000,0.00000,0.00000,0.00000,0.00000,0.00000,0.00000
-20.4060,-24.2370,0.00000,0.00000,0.00000,0.00000,0.00000,0.00000,0.00000
-20.3960,-24.2270,0.00000,0.00000,0.00000,0.00000,0.00000,0.00000,0.00000
-20.3860,-24.2170,0.00000,0.00000,0.00000,0.00000,0.00000,0.00000,0.00000
-20.3760,-24.2070,0.00000,0.00000,0.00000,0.00000,0.00000,0.00000,0.00000
-20.3660,-24.1970,0.00000,0.00000,0.00000,0.00000,0.00000,0.00000,0.00000
-20.3560,-24.1870,0.00000,0.00000,0.00000,0.00000,0.00000,0.00000,0.00000
-20.3460,-24.1770,0.00000,0.00000,0.00000,0.00000,0.00000,0.00000,0.00000
-20.3360,-24.1670,0.00000,0.00000,0.00000,0.00000,0.00000,0.00000,0.00000
-20.3260,-24.1570,0.00000,0.00000,0.00000,0.00000,0.00000,0.00000,0.00000
-20.3160,-24.1470,0.00000,0.00000,0.00000,0.00000,0.00000,0.00000,0.00000
-20.3060,-24.1370,0.00000,0.00000,0.00000,0.00000,0.00000,0.00000,0.00000
-20.2960,-24.1270,0.00000,0.00000,0.00000,0.00000,0.00000,0.00000,0.00000
-20.2860,-24.1170,0.00000,0.00000,0.00000,0.00000,0.00000,0.00000,0.00000
-20.2760,-24.1070,0.00000,0.00000,0.00000,0.00000,0.00000,0.00000,0.00000
-20.2660,-24.0970,0.00000,0.00000,0.00000,0.00000,0.00000,0.00000,0.00000
-20.2560,-24.0870,0.00000,0.00000,0.00000,0.00000,0.00000,0.00000,0.00000
-20.2460,-24.0770,0.00000,0.00000,0.00000,0.00000,0.00000,0.00000,0.00000
-20.2360,-24.0670,0.00000,0.00000,0.00000,0.00000,0.00000,0.00000,0.00000
-20.2260,-24.0570,0.00000,0.00000,0.00000,0.00000,0.00000,0.00000,0.00000
-20.2160,-24.0470,0.00000,0.00000,0.00000,0.00000,0.00000,0.00000,0.00000
-20.2060,-24.0370,0.00000,0.00000,0.00000,0.00000,0.00000,0.00000,0.00000
-20.1960,-24.0270,0.00000,0.00000,0.00000,0.00000,0.00000,0.00000,0.00000
-20.1860,-24.0170,0.00000,0.00000,0.00000,0.00000,0.00000,0.00000,0.00000
-20.1760,-24.0070,0.00000,0.00000,0.00000,0.00000,0.00000,0.00000,0.00000
-20.1660,-23.9970,0.00000,0.00000,0.00000,0.00000,0.00000,0.00000,0.00000
-20.1560,-23.9870,0.00000,0.00000,0.00000,0.00000,0.00000,0.00000,0.00000
-20.1460,-23.9770,0.00000,0.00000,0.00000,0.00000,0.00000,0.00000,0.00000
-20.1360,-23.9670,0.00000,0.00000,0.00000,0.00000,0.00000,0.00000,0.00000
-20.1260,-23.9570,0.00000,0.00000,0.00000,0.00000,0.00000,0.00000,0.00000
-20.1160,-23.9470,0.00000,0.00000,0.00000,0.00000,0.00000,0.00000,0.00000
-20.1060,-23.9370,0.00000,0.00000,0.00000,0.00000,0.00000,0.00000,0.00000
-20.0960,-23.9270,0.00000,0.00000,0.00000,0.00000,0.00000,0.00000,0.00000
-20.0860,-23.9170,0.00000,0.00000,0.00000,0.00000,0.00000,0.00000,0.00000
-20.0760,-23.9070,0.00000,0.00000,0.00000,0.00000,0.00000,0.00000,0.00000
-20.0660,-23.8970,0.00000,0.00000,0.00000,0.00000,0.00000,0.00000,0.00000
-20.0560,-23.8870,0.00000,0.00000,0.00000,0.00000,0.00000,0.00000,0.00000
-20.0460,-23.8770,0.00000,0.00000,0.00000,0.00000,0.00000,0.00000,0.00000
-20.0360,-23.8670,0.00000,0.00000,0.00000,0.00000,0.00000,0.00000,0.00000
-20.0260,-23.8570,0.00000,0.00000,0.00000,0.00000,0.00000,0.00000,0.00000
-20.0160,-23.8470,0.00000,0.00000,0.00000,0.00000,0.00000,0.00000,0.00000
-20.0060,-23.8370,0.00000,0.00000,0.00000,0.00000,0.00000,0.00000,0.00000
-19.9960,-23.8270,0.00000,0.00000,0.00000,0.00000,0.00000,0.00000,0.00000
-19.9860,-23.8170,0.00000,0.00000,0.00000,0.00000,0.00000,0.00000,0.00000
-19.9760,-23.8070,0.00000,0.00000,0.00000,0.00000,0.00000,0.00000,0.00000
-19.9660,-23.7970,0.00000,0.00000,0.00000,0.00000,0.00000,0.00000,0.00000
-19.9560,-23.7870,0.00000,0.00000,0.00000,0.00000,0.00000,0.00000,0.00000
-19.9460,-23.7770,0.00000,0.00000,0.00000,0.00000,0.00000,0.00000,0.00000
-19.9360,-23.7670,0.00000,0.00000,0.00000,0.00000,0.00000,0.00000,0.00000
-19.9260,-23.7570,0.00000,0.00000,0.00000,0.00000,0.00000,0.00000,0.00000
-19.9160,-23.7470,0.00000,0.00000,0.00000,0.00000,0.00000,0.00000,0.00000
-19.9060,-23.7370,0.00000,0.00000,0.00000,0.00000,0.00000,0.00000,0.00000
-19.8960,-23.7270,0.00000,0.00000,0.00000,0.00000,0.00000,0.00000,0.00000
-19.8860,-23.7170,0.00000,0.00000,0.00000,0.00000,0.00000,0.00000,0.00000
-19.8760,-23.7070,0.00000,0.00000,0.00000,0.00000,0.00000,0.00000,0.00000
-19.8660,-23.6970,0.00000,0.00000,0.00000,0.00000,0.00000,0.00000,0.00000
-19.8560,-23.6870,0.00000,0.00000,0.00000,0.00000,0.00000,0.00000,0.00000
-19.8460,-23.6770,0.00000,0.00000,0.00000,0.00000,0.00000,0.00000,0.00000
-19.8360,-23.6670,0.00000,0.00000,0.00000,0.00000,0.00000,0.00000,0.00000
-19.8260,-23.6570,0.00000,0.00000,0.00000,0.00000,0.00000,0.00000,0.00000
-19.8160,-23.6470,0.00000,0.00000,0.00000,0.00000,0.00000,0.00000,0.00000
-19.8060,-23.6370,0.00000,0.00000,0.00000,0.00000,0.00000,0.00000,0.00000
-19.7960,-23.6270,0.00000,0.00000,0.00000,0.00000,0.00000,0.00000,0.00000
-19.7860,-23.6170,0.00000,0.00000,0.00000,0.00000,0.00000,0.00000,0.00000
-19.7760,-23.6070,0.00000,0.00000,0.00000,0.00000,0.00000,0.00000,0.00000
-19.7660,-23.5970,0.00000,0.00000,0.00000,0.00000,0.00000,0.00000,0.00000
-19.7560,-23.5870,0.00000,0.00000,0.00000,0.00000,0.00000,0.00000,0.00000
-19.7460,-23.5770,0.00000,0.00000,0.00000,0.00000,0.00000,0.00000,0.00000
-19.7360,-23.5670,0.00000,0.00000,0.00000,0.00000,0.00000,0.00000,0.00000
-19.7260,-23.5570,0.00000,0.00000,0.00000,0.00000,0.00000,0.00000,0.00000
-19.7160,-23.5470,0.00000,0.00000,0.00000,0.00000,0.00000,0.00000,0.00000
-19.7060,-23.5370,0.00000,0.00000,0.00000,0.00000,0.00000,0.00000,0.00000
-19.6960,-23.5270,0.00000,0.00000,0.00000,0.00000,0.00000,0.00000,0.00000
-19.6860,-23.5170,0.00000,0.00000,0.00000,0.00000,0.00000,0.00000,0.00000
-19.6760,-23.5070,0.00000,0.00000,0.00000,0.00000,0.00000,0.00000,0.00000
-19.6660,-23.4970,0.00000,0.00000,0.00000,0.00000,0.00000,0.00000,0.00000
-19.6560,-23.4870,0.00000,0.00000,0.00000,0.00000,0.00000,0.00000,0.00000
-19.6460,-23.4770,0.00000,0.00000,0.00000,0.00000,0.00000,0.00000,0.00000
-19.6360,-23.4670,0.00000,0.00000,0.00000,0.00000,0.00000,0.00000,0.00000
-19.6260,-23.4570,0.00000,0.00000,0.00000,0.00000,0.00000,0.00000,0.00000
-19.6160,-23.4470,0.00000,0.00000,0.00000,0.00000,0.00000,0.00000,0.00000
-19.6060,-23.4370,0.00000,0.00000,0.00000,0.00000,0.00000,0.00000,0.00000
-19.5960,-23.4270,0.00000,0.00000,0.00000,0.00000,0.00000,0.00000,0.00000
-19.5860,-23.4170,0.00000,0.00000,0.00000,0.00000,0.00000,0.00000,0.00000
-19.5760,-23.4070,0.00000,0.00000,0.00000,0.00000,0.00000,0.00000,0.00000
-19.5660,-23.3970,0.00000,0.00000,0.00000,0.00000,0.00000,0.00000,0.00000
-19.5560,-23.3870,0.00000,0.00000,0.00000,0.00000,0.00000,0.00000,0.00000
-19.5460,-23.3770,0.00000,0.00000,0.00000,0.00000,0.00000,0.00000,0.00000
-19.5360,-23.3670,0.00000,0.00000,0.00000,0.00000,0.00000,0.00000,0.00000
-19.5260,-23.3570,0.00000,0.00000,0.00000,0.00000,0.00000,0.00000,0.00000
-19.5160,-23.3470,0.00000,0.00000,0.00000,0.00000,0.00000,0.00000,0.00000
-19.5060,-23.3370,0.00000,0.00000,0.00000,0.00000,0.00000,0.00000,0.00000
-19.4960,-23.3270,0.00000,0.00000,0.00000,0.00000,0.00000,0.00000,0.00000
-19.4860,-23.3170,0.00000,0.00000,0.00000,0.00000,0.00000,0.00000,0.00000
-19.4760,-23.3070,0.00000,0.00000,0.00000,0.00000,0.00000,0.00000,0.00000
-19.4660,-23.2970,0.00000,0.00000,0.00000,0.00000,0.00000,0.00000,0.00000
-19.4560,-23.2870,0.00000,0.00000,0.00000,0.00000,0.00000,0.00000,0.00000
-19.4460,-23.2770,0.00000,0.00000,0.00000,0.00000,0.00000,0.00000,0.00000
-19.4360,-23.2670,0.00000,0.00000,0.00000,0.00000,0.00000,0.00000,0.00000
-19.4260,-23.2570,0.00000,0.00000,0.00000,0.00000,0.00000,0.00000,0.00000
-19.4160,-23.2470,0.00000,0.00000,0.00000,0.00000,0.00000,0.00000,0.00000
-19.4060,-23.2370,0.00000,0.00000,0.00000,0.00000,0.00000,0.00000,0.00000
-19.3960,-23.2270,0.00000,0.00000,0.00000,0.00000,0.00000,0.00000,0.00000
-19.3860,-23.2170,0.00000,0.00000,0.00000,0.00000,0.00000,0.00000,0.00000
-19.3760,-23.2070,0.00000,0.00000,0.00000,0.00000,0.00000,0.00000,0.00000
-19.3660,-23.1970,0.00000,0.00000,0.00000,0.00000,0.00000,0.00000,0.00000
-19.3560,-23.1870,0.00000,0.00000,0.00000,0.00000,0.00000,0.00000,0.00000
-19.3460,-23.1770,0.00000,0.00000,0.00000,0.00000,0.00000,0.00000,0.00000
-19.3360,-23.1670,0.00000,0.00000,0.00000,0.00000,0.00000,0.00000,0.00000
-19.3260,-23.1570,0.00000,0.00000,0.00000,0.00000,0.00000,0.00000,0.00000
-19.3160,-23.1470,0.00000,0.00000,0.00000,0.00000,0.00000,0.00000,0.00000
-19.3060,-23.1370,0.00000,0.00000,0.00000,0.00000,0.00000,0.00000,0.00000
-19.2960,-23.1270,0.00000,0.00000,0.00000,0.00000,0.00000,0.00000,0.00000
-19.2860,-23.1170,0.00000,0.00000,0.00000,0.00000,0.00000,0.00000,0.00000
-19.2760,-23.1070,0.00000,0.00000,0.00000,0.00000,0.00000,0.00000,0.00000
-19.2660,-23.0970,0.00000,0.00000,0.00000,0.00000,0.00000,0.00000,0.00000
-19.2560,-23.0870,0.00000,0.00000,0.00000,0.00000,0.00000,0.00000,0.00000
-19.2460,-23.0770,0.00000,0.00000,0.00000,0.00000,0.00000,0.00000,0.00000
-19.2360,-23.0670,0.00000,0.00000,0.00000,0.00000,0.00000,0.00000,0.00000
-19.2260,-23.0570,0.00000,0.00000,0.00000,0.00000,0.00000,0.00000,0.00000
-19.2160,-23.0470,0.00000,0.00000,0.00000,0.00000,0.00000,0.00000,0.00000
-19.2060,-23.0370,0.00000,0.00000,0.00000,0.00000,0.00000,0.00000,0.00000
-19.1960,-23.0270,0.00000,0.00000,0.00000,0.00000,0.00000,0.00000,0.00000
-19.1860,-23.0170,0.00000,0.00000,0.00000,0.00000,0.00000,0.00000,0.00000
-19.1760,-23.0070,0.00000,0.00000,0.00000,0.00000,0.00000,0.00000,0.00000
-19.1660,-22.9970,0.00000,0.00000,0.00000,0.00000,0.00000,0.00000,0.00000
-19.1560,-22.9870,0.00000,0.00000,0.00000,0.00000,0.00000,0.00000,0.00000
-19.1460,-22.9770,0.00000,0.00000,0.00000,0.00000,0.00000,0.00000,0.00000
-19.1360,-22.9670,0.00000,0.00000,0.00000,0.00000,0.00000,0.00000,0.00000
-19.1260,-22.9570,0.00000,0.00000,0.00000,0.00000,0.00000,0.00000,0.00000
-19.1160,-22.9470,0.00000,0.00000,0.00000,0.00000,0.00000,0.00000,0.00000
-19.1060,-22.9370,0.00000,0.00000,0.00000,0.00000,0.00000,0.00000,0.00000
-19.0960,-22.9270,0.00000,0.00000,0.00000,0.00000,0.00000,0.00000,0.00000
-19.0860,-22.9170,0.00000,0.00000,0.00000,0.00000,0.00000,0.00000,0.00000
-19.0760,-22.9070,0.00000,0.00000,0.00000,0.00000,0.00000,0.00000,0.00000
-19.0660,-22.8970,0.00000,0.00000,0.00000,0.00000,0.00000,0.00000,0.00000
-19.0560,-22.8870,0.00000,0.00000,0.00000,0.00000,0.00000,0.00000,0.00000
-19.0460,-22.8770,0.00000,0.00000,0.00000,0.00000,0.00000,0.00000,0.00000
-19.0360,-22.8670,0.00000,0.00000,0.00000,0.00000,0.00000,0.00000,0.00000
-19.0260,-22.8570,0.00000,0.00000,0.00000,0.00000,0.00000,0.00000,0.00000
-19.0160,-22.8470,0.00000,0.00000,0.00000,0.00000,0.00000,0.00000,0.00000
-19.0060,-22.8370,0.00000,0.00000,0.00000,0.00000,0.00000,0.00000,0.00000
-18.9960,-22.8270,0.00000,0.00000,0.00000,0.00000,0.00000,0.00000,0.00000
-18.9860,-22.8170,0.00000,0.00000,0.00000,0.00000,0.00000,0.00000,0.00000
-18.9760,-22.8070,0.00000,0.00000,0.00000,0.00000,0.00000,0.00000,0.00000
-18.9660,-22.7970,0.00000,0.00000,0.00000,0.00000,0.00000,0.00000,0.00000
-18.9560,-22.7870,0.00000,0.00000,0.00000,0.00000,0.00000,0.00000,0.00000
-18.9460,-22.7770,0.00000,0.00000,0.00000,0.00000,0.00000,0.00000,0.00000
-18.9360,-22.7670,0.00000,0.00000,0.00000,0.00000,0.00000,0.00000,0.00000
-18.9260,-22.7570,0.00000,0.00000,0.00000,0.00000,0.00000,0.00000,0.00000
-18.9160,-22.7470,0.00000,0.00000,0.00000,0.00000,0.00000,0.00000,0.00000
-18.9060,-22.7370,0.00000,0.00000,0.00000,0.00000,0.00000,0.00000,0.00000
-18.8960,-22.7270,0.00000,0.00000,0.00000,0.00000,0.00000,0.00000,0.00000
-18.8860,-22.7170,0.00000,0.00000,0.00000,0.00000,0.00000,0.00000,0.00000
-18.8760,-22.7070,0.00000,0.00000,0.00000,0.00000,0.00000,0.00000,0.00000
-18.8660,-22.6970,0.00000,0.00000,0.00000,0.00000,0.00000,0.00000,0.00000
-18.8560,-22.6870,0.00000,0.00000,0.00000,0.00000,0.00000,0.00000,0.00000
-18.8460,-22.6770,0.00000,0.00000,0.00000,0.00000,0.00000,0.00000,0.00000
-18.8360,-22.6670,0.00000,0.00000,0.00000,0.00000,0.00000,0.00000,0.00000
-18.8260,-22.6570,0.00000,0.00000,0.00000,0.00000,0.00000,0.00000,0.00000
-18.8160,-22.6470,0.00000,0.00000,0.00000,0.00000,0.00000,0.00000,0.00000
-18.8060,-22.6370,0.00000,0.00000,0.00000,0.00000,0.00000,0.00000,0.00000
-18.7960,-22.6270,0.00000,0.00000,0.00000,0.00000,0.00000,0.00000,0.00000
-18.7860,-22.6170,0.00000,0.00000,0.00000,0.00000,0.00000,0.00000,0.00000
-18.7760,-22.6070,0.00000,0.00000,0.00000,0.00000,0.00000,0.00000,0.00000
-18.7660,-22.5970,0.00000,0.00000,0.00000,0.00000,0.00000,0.00000,0.00000
-18.7560,-22.5870,0.00000,0.00000,0.00000,0.00000,0.00000,0.00000,0.00000
-18.7460,-22.5770,0.00000,0.00000,0.00000,0.00000,0.00000,0.00000,0.00000
-18.7360,-22.5670,0.00000,0.00000,0.00000,0.00000,0.00000,0.00000,0.00000
-18.7260,-22.5570,0.00000,0.00000,0.00000,0.00000,0.00000,0.00000,0.00000
-18.7160,-22.5470,0.00000,0.00000,0.00000,0.00000,0.00000,0.00000,0.00000
-18.7060,-22.5370,0.00000,0.00000,0.00000,0.00000,0.00000,0.00000,0.00000
-18.6960,-22.5270,0.00000,0.00000,0.00000,0.00000,0.00000,0.00000,0.00000
-18.6860,-22.5170,0.00000,0.00000,0.00000,0.00000,0.00000,0.00000,0.00000
-18.6760,-22.5070,0.00000,0.00000,0.00000,0.00000,0.00000,0.00000,0.00000
-18.6660,-22.4970,0.00000,0.00000,0.00000,0.00000,0.00000,0.00000,0.00000
-18.6560,-22.4870,0.00000,0.00000,0.00000,0.00000,0.00000,0.00000,0.00000
-18.6460,-22.4770,0.00000,0.00000,0.00000,0.00000,0.00000,0.00000,0.00000
-18.6360,-22.4670,0.00000,0.00000,0.00000,0.00000,0.00000,0.00000,0.00000
-18.6260,-22.4570,0.00000,0.00000,0.00000,0.00000,0.00000,0.00000,0.00000
-18.6160,-22.4470,0.00000,0.00000,0.00000,0.00000,0.00000,0.00000,0.00000
-18.6060,-22.4370,0.00000,0.00000,0.00000,0.00000,0.00000,0.00000,0.00000
-18.5960,-22.4270,0.00000,0.00000,0.00000,0.00000,0.00000,0.00000,0.00000
-18.5860,-22.4170,0.00000,0.00000,0.00000,0.00000,0.00000,0.00000,0.00000
-18.5760,-22.4070,0.00000,0.00000,0.00000,0.00000,0.00000,0.00000,0.00000
-18.5660,-22.3970,0.00000,0.00000,0.00000,0.00000,0.00000,0.00000,0.00000
-18.5560,-22.3870,0.00000,0.00000,0.00000,0.00000,0.00000,0.00000,0.00000
-18.5460,-22.3770,0.00000,0.00000,0.00000,0.00000,0.00000,0.00000,0.00000
-18.5360,-22.3670,0.00000,0.00000,0.00000,0.00000,0.00000,0.00000,0.00000
-18.5260,-22.3570,0.00000,0.00000,0.00000,0.00000,0.00000,0.00000,0.00000
-18.5160,-22.3470,0.00000,0.00000,0.00000,0.00000,0.00000,0.00000,0.00000
-18.5060,-22.3370,0.00000,0.00000,0.00000,0.00000,0.00000,0.00000,0.00000
-18.4960,-22.3270,0.00000,0.00000,0.00000,0.00000,0.00000,0.00000,0.00000
-18.4860,-22.3170,0.00000,0.00000,0.00000,0.00000,0.00000,0.00000,0.00000
-18.4760,-22.3070,0.00000,0.00000,0.00000,0.00000,0.00000,0.00000,0.00000
-18.4660,-22.2970,0.00000,0.00000,0.00000,0.00000,0.00000,0.00000,0.00000
-18.4560,-22.2870,0.00000,0.00000,0.00000,0.00000,0.00000,0.00000,0.00000
-18.4460,-22.2770,0.00000,0.00000,0.00000,0.00000,0.00000,0.00000,0.00000
-18.4360,-22.2670,0.00000,0.00000,0.00000,0.00000,0.00000,0.00000,0.00000
-18.4260,-22.2570,0.00000,0.00000,0.00000,0.00000,0.00000,0.00000,0.00000
-18.4160,-22.2470,0.00000,0.00000,0.00000,0.00000,0.00000,0.00000,0.00000
-18.4060,-22.2370,0.00000,0.00000,0.00000,0.00000,0.00000,0.00000,0.00000
-18.3960,-22.2270,0.00000,0.00000,0.00000,0.00000,0.00000,0.00000,0.00000
-18.3860,-22.2170,0.00000,0.00000,0.00000,0.00000,0.00000,0.00000,0.00000
-18.3760,-22.2070,0.00000,0.00000,0.00000,0.00000,0.00000,0.00000,0.00000
-18.3660,-22.1970,0.00000,0.00000,0.00000,0.00000,0.00000,0.00000,0.00000
-18.3560,-22.1870,0.00000,0.00000,0.00000,0.00000,0.00000,0.00000,0.00000
-18.3460,-22.1770,0.00000,0.00000,0.00000,0.00000,0.00000,0.00000,0.00000
-18.3360,-22.1670,0.00000,0.00000,0.00000,0.00000,0.00000,0.00000,0.00000
-18.3260,-22.1570,0.00000,0.00000,0.00000,0.00000,0.00000,0.00000,0.00000
-18.3160,-22.1470,0.00000,0.00000,0.00000,0.00000,0.00000,0.00000,0.00000
-18.3060,-22.1370,0.00000,0.00000,0.00000,0.00000,0.00000,0.00000,0.00000
-18.2960,-22.1270,0.00000,0.00000,0.00000,0.00000,0.00000,0.00000,0.00000
-18.2860,-22.1170,0.00000,0.00000,0.00000,0.00000,0.00000,0.00000,0.00000
-18.2760,-22.1070,0.00000,0.00000,0.00000,0.00000,0.00000,0.00000,0.00000
-18.2660,-22.0970,0.00000,0.00000,0.00000,0.00000,0.00000,0.00000,0.00000
-18.2560,-22.0870,0.00000,0.00000,0.00000,0.00000,0.00000,0.00000,0.00000
-18.2460,-22.0770,0.00000,0.00000,0.00000,0.00000,0.00000,0.00000,0.00000
-18.2360,-22.0670,0.00000,0.00000,0.00000,0.00000,0.00000,0.00000,0.00000
-18.2260,-22.0570,0.00000,0.00000,0.00000,0.00000,0.00000,0.00000,0.00000
-18.2160,-22.0470,0.00000,0.00000,0.00000,0.00000,0.00000,0.00000,0.00000
-18.2060,-22.0370,0.00000,0.00000,0.00000,0.00000,0.00000,0.00000,0.00000
-18.1960,-22.0270,0.00000,0.00000,0.00000,0.00000,0.00000,0.00000,0.00000
-18.1860,-22.0170,0.00000,0.00000,0.00000,0.00000,0.00000,0.00000,0.00000
-18.1760,-22.0070,0.00000,0.00000,0.00000,0.00000,0.00000,0.00000,0.00000
-18.1660,-21.9970,0.00000,0.00000,0.00000,0.00000,0.00000,0.00000,0.00000
-18.1560,-21.9870,0.00000,0.00000,0.00000,0.00000,0.00000,0.00000,0.00000
-18.1460,-21.9770,0.00000,0.00000,0.00000,0.00000,0.00000,0.00000,0.00000
-18.1360,-21.9670,0.00000,0.00000,0.00000,0.00000,0.00000,0.00000,0.00000
-18.1260,-21.9570,0.00000,0.00000,0.00000,0.00000,0.00000,0.00000,0.00000
-18.1160,-21.9470,0.00000,0.00000,0.00000,0.00000,0.00000,0.00000,0.00000
-18.1060,-21.9370,0.00000,0.00000,0.00000,0.00000,0.00000,0.00000,0.00000
-18.0960,-21.9270,0.00000,0.00000,0.00000,0.00000,0.00000,0.00000,0.00000
-18.0860,-21.9170,0.00000,0.00000,0.00000,0.00000,0.00000,0.00000,0.00000
-18.0760,-21.9070,0.00000,0.00000,0.00000,0.00000,0.00000,0.00000,0.00000
-18.0660,-21.8970,0.00000,0.00000,0.00000,0.00000,0.00000,0.00000,0.00000
-18.0560,-21.8870,0.00000,0.00000,0.00000,0.00000,0.00000,0.00000,0.00000
-18.0460,-21.8770,0.00000,0.00000,0.00000,0.00000,0.00000,0.00000,0.00000
-18.0360,-21.8670,0.00000,0.00000,0.00000,0.00000,0.00000,0.00000,0.00000
-18.0260,-21.8570,0.00000,0.00000,0.00000,0.00000,0.00000,0.00000,0.00000
-18.0160,-21.8470,0.00000,0.00000,0.00000,0.00000,0.00000,0.00000,0.00000
-18.0060,-21.8370,0.00000,0.00000,0.00000,0.00000,0.00000,0.00000,0.00000
-17.9960,-21.8270,0.00000,0.00000,0.00000,0.00000,0.00000,0.00000,0.00000
-17.9860,-21.8170,0.00000,0.00000,0.00000,0.00000,0.00000,0.00000,0.00000
-17.9760,-21.8070,0.00000,0.00000,0.00000,0.00000,0.00000,0.00000,0.00000
-17.9660,-21.7970,0.00000,0.00000,0.00000,0.00000,0.00000,0.00000,0.00000
-17.9560,-21.7870,0.00000,0.00000,0.00000,0.00000,0.00000,0.00000,0.00000
-17.9460,-21.7770,0.00000,0.00000,0.00000,0.00000,0.00000,0.00000,0.00000
-17.9360,-21.7670,0.00000,0.00000,0.00000,0.00000,0.00000,0.00000,0.00000
-17.9260,-21.7570,0.00000,0.00000,0.00000,0.00000,0.00000,0.00000,0.00000
-17.9160,-21.7470,0.00000,0.00000,0.00000,0.00000,0.00000,0.00000,0.00000
-17.9060,-21.7370,0.00000,0.00000,0.00000,0.00000,0.00000,0.00000,0.00000
-17.8960,-21.7270,0.00000,0.00000,0.00000,0.00000,0.00000,0.00000,0.00000
-17.8860,-21.7170,0.00000,0.00000,0.00000,0.00000,0.00000,0.00000,0.00000
-17.8760,-21.7070,0.00000,0.00000,0.00000,0.00000,0.00000,0.00000,0.00000
-17.8660,-21.6970,0.00000,0.00000,0.00000,0.00000,0.00000,0.00000,0.00000
-17.8560,-21.6870,0.00000,0.00000,0.00000,0.00000,0.00000,0.00000,0.00000
-17.8460,-21.6770,0.00000,0.00000,0.00000,0.00000,0.00000,0.00000,0.00000
-17.8360,-21.6670,0.00000,0.00000,0.00000,0.00000,0.00000,0.00000,0.00000
-17.8260,-21.6570,0.00000,0.00000,0.00000,0.00000,0.00000,0.00000,0.00000
-17.8160,-21.6470,0.00000,0.00000,0.00000,0.00000,0.00000,0.00000,0.00000
-17.8060,-21.6370,0.00000,0.00000,0.00000,0.00000,0.00000,0.00000,0.00000
-17.7960,-21.6270,0.00000,0.00000,0.00000,0.00000,0.00000,0.00000,0.00000
-17.7860,-21.6170,0.00000,0.00000,0.00000,0.00000,0.00000,0.00000,0.00000
-17.7760,-21.6070,0.00000,0.00000,0.00000,0.00000,0.00000,0.00000,0.00000
-17.7660,-21.5970,0.00000,0.00000,0.00000,0.00000,0.00000,0.00000,0.00000
-17.7560,-21.5870,0.00000,0.00000,0.00000,0.00000,0.00000,0.00000,0.00000
-17.7460,-21.5770,0.00000,0.00000,0.00000,0.00000,0.00000,0.00000,0.00000
-17.7360,-21.5670,0.00000,0.00000,0.00000,0.00000,0.00000,0.00000,0.00000
-17.7260,-21.5570,0.00000,0.00000,0.00000,0.00000,0.00000,0.00000,0.00000
-17.7160,-21.5470,0.00000,0.00000,0.00000,0.00000,0.00000,0.00000,0.00000
-17.7060,-21.5370,0.00000,0.00000,0.00000,0.00000,0.00000,0.00000,0.00000
-17.6960,-21.5270,0.00000,0.00000,0.00000,0.00000,0.00000,0.00000,0.00000
-17.6860,-21.5170,0.00000,0.00000,0.00000,0.00000,0.00000,0.00000,0.00000
-17.6760,-21.5070,0.00000,0.00000,0.00000,0.00000,0.00000,0.00000,0.00000
-17.6660,-21.4970,0.00000,0.00000,0.00000,0.00000,0.00000,0.00000,0.00000
-17.6560,-21.4870,0.00000,0.00000,0.00000,0.00000,0.00000,0.00000,0.00000
-17.6460,-21.4770,0.00000,0.00000,0.00000,0.00000,0.00000,0.00000,0.00000
-17.6360,-21.4670,0.00000,0.00000,0.00000,0.00000,0.00000,0.00000,0.00000
-17.6260,-21.4570,0.00000,0.00000,0.00000,0.00000,0.00000,0.00000,0.00000
-17.6160,-21.4470,0.00000,0.00000,0.00000,0.00000,0.00000,0.00000,0.00000
-17.6060,-21.4370,0.00000,0.00000,0.00000,0.00000,0.00000,0.00000,0.00000
-17.5960,-21.4270,0.00000,0.00000,0.00000,0.00000,0.00000,0.00000,0.00000
-17.5860,-21.4170,0.00000,0.00000,0.00000,0.00000,0.00000,0.00000,0.00000
-17.5760,-21.4070,0.00000,0.00000,0.00000,0.00000,0.00000,0.00000,0.00000
-17.5660,-21.3970,0.00000,0.00000,0.00000,0.00000,0.00000,0.00000,0.00000
-17.5560,-21.3870,0.00000,0.00000,0.00000,0.00000,0.00000,0.00000,0.00000
-17.5460,-21.3770,0.00000,0.00000,0.00000,0.00000,0.00000,0.00000,0.00000
-17.5360,-21.3670,0.00000,0.00000,0.00000,0.00000,0.00000,0.00000,0.00000
-17.5260,-21.3570,0.00000,0.00000,0.00000,0.00000,0.00000,0.00000,0.00000
-17.5160,-21.3470,0.00000,0.00000,0.00000,0.00000,0.00000,0.00000,0.00000
-17.5060,-21.3370,0.00000,0.00000,0.00000,0.00000,0.00000,0.00000,0.00000
-17.4960,-21.3270,0.00000,0.00000,0.00000,0.00000,0.00000,0.00000,0.00000
-17.4860,-21.3170,0.00000,0.00000,0.00000,0.00000,0.00000,0.00000,0.00000
-17.4760,-21.3070,0.00000,0.00000,0.00000,0.00000,0.00000,0.00000,0.00000
-17.4660,-21.2970,0.00000,0.00000,0.00000,0.00000,0.00000,0.00000,0.00000
-17.4560,-21.2870,0.00000,0.00000,0.00000,0.00000,0.00000,0.00000,0.00000
-17.4460,-21.2770,0.00000,0.00000,0.00000,0.00000,0.00000,0.00000,0.00000
-17.4360,-21.2670,0.00000,0.00000,0.00000,0.00000,0.00000,0.00000,0.00000
-17.4260,-21.2570,0.00000,0.00000,0.00000,0.00000,0.00000,0.00000,0.00000
-17.4160,-21.2470,0.00000,0.00000,0.00000,0.00000,0.00000,0.00000,0.00000
-17.4060,-21.2370,0.00000,0.00000,0.00000,0.00000,0.00000,0.00000,0.00000
-17.3960,-21.2270,2890.00000,376.29758,641.02181,39.06328,0.27819,1819.70149,0.00018
-17.3860,-21.2170,0.00000,0.00000,0.00000,0.00000,0.00000,0.00000,0.00000
-17.3760,-21.2070,0.00000,0.00000,0.00000,0.00000,0.00000,0.00000,0.00000
-17.3660,-21.1970,0.00000,0.00000,0.00000,0.00000,0.00000,0.00000,0.00000
-17.3560,-21.1870,0.00000,0.00000,0.00000,0.00000,0.00000,0.00000,0.00000
-17.3460,-21.1770,0.00000,0.00000,0.00000,0.00000,0.00000,0.00000,0.00000
-17.3360,-21.1670,0.00000,0.00000,0.00000,0.00000,0.00000,0.00000,0.00000
-17.3260,-21.1570,0.00000,0.00000,0.00000,0.00000,0.00000,0.00000,0.00000
-17.3160,-21.1470,0.00000,0.00000,0.00000,0.00000,0.00000,0.00000,0.00000
-17.3060,-21.1370,0.00000,0.00000,0.00000,0.00000,0.00000,0.00000,0.00000
-17.2960,-21.1270,0.00000,0.00000,0.00000,0.00000,0.00000,0.00000,0.00000
-17.2860,-21.1170,0.00000,0.00000,0.00000,0.00000,0.00000,0.00000,0.00000
-17.2760,-21.1070,0.00000,0.00000,0.00000,0.00000,0.00000,0.00000,0.00000
-17.2660,-21.0970,0.00000,0.00000,0.00000,0.00000,0.00000,0.00000,0.00000
-17.2560,-21.0870,0.00000,0.00000,0.00000,0.00000,0.00000,0.00000,0.00000
-17.2460,-21.0770,0.00000,0.00000,0.00000,0.00000,0.00000,0.00000,0.00000
-17.2360,-21.0670,0.00000,0.00000,0.00000,0.00000,0.00000,0.00000,0.00000
-17.2260,-21.0570,0.00000,0.00000,0.00000,0.00000,0.00000,0.00000,0.00000
-17.2160,-21.0470,0.00000,0.00000,0.00000,0.00000,0.00000,0.00000,0.00000
-17.2060,-21.0370,0.00000,0.00000,0.00000,0.00000,0.00000,0.00000,0.00000
-17.1960,-21.0270,0.00000,0.00000,0.00000,0.00000,0.00000,0.00000,0.00000
-17.1860,-21.0170,0.00000,0.00000,0.00000,0.00000,0.00000,0.00000,0.00000
-17.1760,-21.0070,0.00000,0.00000,0.00000,0.00000,0.00000,0.00000,0.00000
-17.1660,-20.9970,0.00000,0.00000,0.00000,0.00000,0.00000,0.00000,0.00000
-17.1560,-20.9870,0.00000,0.00000,0.00000,0.00000,0.00000,0.00000,0.00000
-17.1460,-20.9770,0.00000,0.00000,0.00000,0.00000,0.00000,0.00000,0.00000
-17.1360,-20.9670,0.00000,0.00000,0.00000,0.00000,0.00000,0.00000,0.00000
-17.1260,-20.9570,0.00000,0.00000,0.00000,0.00000,0.00000,0.00000,0.00000
-17.1160,-20.9470,0.00000,0.00000,0.00000,0.00000,0.00000,0.00000,0.00000
-17.1060,-20.9370,0.00000,0.00000,0.00000,0.00000,0.00000,0.00000,0.00000
-17.0960,-20.9270,0.00000,0.00000,0.00000,0.00000,0.00000,0.00000,0.00000
-17.0860,-20.9170,0.00000,0.00000,0.00000,0.00000,0.00000,0.00000,0.00000
-17.0760,-20.9070,0.00000,0.00000,0.00000,0.00000,0.00000,0.00000,0.00000
-17.0660,-20.8970,0.00000,0.00000,0.00000,0.00000,0.00000,0.00000,0.00000
-17.0560,-20.8870,0.00000,0.00000,0.00000,0.00000,0.00000,0.00000,0.00000
-17.0460,-20.8770,0.00000,0.00000,0.00000,0.00000,0.00000,0.00000,0.00000
-17.0360,-20.8670,0.00000,0.00000,0.00000,0.00000,0.00000,0.00000,0.00000
-17.0260,-20.8570,0.00000,0.00000,0.00000,0.00000,0.00000,0.00000,0.00000
-17.0160,-20.8470,0.00000,0.00000,0.00000,0.00000,0.00000,0.00000,0.00000
-17.0060,-20.8370,0.00000,0.00000,0.00000,0.00000,0.00000,0.00000,0.00000
-16.9960,-20.8270,0.00000,0.00000,0.00000,0.00000,0.00000,0.00000,0.00000
-16.9860,-20.8170,0.00000,0.00000,0.00000,0.00000,0.00000,0.00000,0.00000
-16.9760,-20.8070,0.00000,0.00000,0.00000,0.00000,0.00000,0.00000,0.00000
-16.9660,-20.7970,0.00000,0.00000,0.00000,0.00000,0.00000,0.00000,0.00000
-16.9560,-20.7870,0.00000,0.00000,0.00000,0.00000,0.00000,0.00000,0.00000
-16.9460,-20.7770,0.00000,0.00000,0.00000,0.00000,0.00000,0.00000,0.00000
-16.9360,-20.7670,0.00000,0.00000,0.00000,0.00000,0.00000,0.00000,0.00000
-16.9260,-20.7570,0.00000,0.00000,0.00000,0.00000,0.00000,0.00000,0.00000
-16.9160,-20.7470,0.00000,0.00000,0.00000,0.00000,0.00000,0.00000,0.00000
-16.9060,-20.7370,0.00000,0.00000,0.00000,0.00000,0.00000,0.00000,0.00000
-16.8960,-20.7270,0.00000,0.00000,0.00000,0.00000,0.00000,0.00000,0.00000
-16.8860,-20.7170,0.00000,0.00000,0.00000,0.00000,0.00000,0.00000,0.00000
-16.8760,-20.7070,0.00000,0.00000,0.00000,0.00000,0.00000,0.00000,0.00000
-16.8660,-20.6970,0.00000,0.00000,0.00000,0.00000,0.00000,0.00000,0.00000
-16.8560,-20.6870,0.00000,0.00000,0.00000,0.00000,0.00000,0.00000,0.00000
-16.8460,-20.6770,0.00000,0.00000,0.00000,0.00000,0.00000,0.00000,0.00000
-16.8360,-20.6670,0.00000,0.00000,0.00000,0.00000,0.00000,0.00000,0.00000
-16.8260,-20.6570,0.00000,0.00000,0.00000,0.00000,0.00000,0.00000,0.00000
-16.8160,-20.6470,0.00000,0.00000,0.00000,0.00000,0.00000,0.00000,0.00000
-16.8060,-20.6370,0.00000,0.00000,0.00000,0.00000,0.00000,0.00000,0.00000
-16.7960,-20.6270,0.00000,0.00000,0.00000,0.00000,0.00000,0.00000,0.00000
-16.7860,-20.6170,0.00000,0.00000,0.00000,0.00000,0.00000,0.00000,0.00000
-16.7760,-20.6070,0.00000,0.00000,0.00000,0.00000,0.00000,0.00000,0.00000
-16.7660,-20.5970,0.00000,0.00000,0.00000,0.00000,0.00000,0.00000,0.00000
-16.7560,-20.5870,0.00000,0.00000,0.00000,0.00000,0.00000,0.00000,0.00000
-16.7460,-20.5770,0.00000,0.00000,0.00000,0.00000,0.00000,0.00000,0.00000
-16.7360,-20.5670,0.00000,0.00000,0.00000,0.00000,0.00000,0.00000,0.00000
-16.7260,-20.5570,0.00000,0.00000,0.00000,0.00000,0.00000,0.00000,0.00000
-16.7160,-20.5470,0.00000,0.00000,0.00000,0.00000,0.00000,0.00000,0.00000
-16.7060,-20.5370,0.00000,0.00000,0.00000,0.00000,0.00000,0.00000,0.00000
-16.6960,-20.5270,0.00000,0.00000,0.00000,0.00000,0.00000,0.00000,0.00000
-16.6860,-20.5170,0.00000,0.00000,0.00000,0.00000,0.00000,0.00000,0.00000
-16.6760,-20.5070,0.00000,0.00000,0.00000,0.00000,0.00000,0.00000,0.00000
-16.6660,-20.4970,0.00000,0.00000,0.00000,0.00000,0.00000,0.00000,0.00000
-16.6560,-20.4870,0.00000,0.00000,0.00000,0.00000,0.00000,0.00000,0.00000
-16.6460,-20.4770,0.00000,0.00000,0.00000,0.00000,0.00000,0.00000,0.00000
-16.6360,-20.4670,0.00000,0.00000,0.00000,0.00000,0.00000,0.00000,0.00000
-16.6260,-20.4570,0.00000,0.00000,0.00000,0.00000,0.00000,0.00000,0.00000
-16.6160,-20.4470,0.00000,0.00000,0.00000,0.00000,0.00000,0.00000,0.00000
-16.6060,-20.4370,0.00000,0.00000,0.00000,0.00000,0.00000,0.00000,0.00000
-16.5960,-20.4270,0.00000,0.00000,0.00000,0.00000,0.00000,0.00000,0.00000
-16.5860,-20.4170,0.00000,0.00000,0.00000,0.00000,0.00000,0.00000,0.00000
-16.5760,-20.4070,0.00000,0.00000,0.00000,0.00000,0.00000,0.00000,0.00000
-16.5660,-20.3970,0.00000,0.00000,0.00000,0.00000,0.00000,0.00000,0.00000
-16.5560,-20.3870,0.00000,0.00000,0.00000,0.00000,0.00000,0.00000,0.00000
-16.5460,-20.3770,0.00000,0.00000,0.00000,0.00000,0.00000,0.00000,0.00000
-16.5360,-20.3670,0.00000,0.00000,0.00000,0.00000,0.00000,0.00000,0.00000
-16.5260,-20.3570,0.00000,0.00000,0.00000,0.00000,0.00000,0.00000,0.00000
-16.5160,-20.3470,0.00000,0.00000,0.00000,0.00000,0.00000,0.00000,0.00000
-16.5060,-20.3370,0.00000,0.00000,0.00000,0.00000,0.00000,0.00000,0.00000
-16.4960,-20.3270,0.00000,0.00000,0.00000,0.00000,0.00000,0.00000,0.00000
-16.4860,-20.3170,0.00000,0.00000,0.00000,0.00000,0.00000,0.00000,0.00000
-16.4760,-20.3070,0.00000,0.00000,0.00000,0.00000,0.00000,0.00000,0.00000
-16.4660,-20.2970,0.00000,0.00000,0.00000,0.00000,0.00000,0.00000,0.00000
-16.4560,-20.2870,0.00000,0.00000,0.00000,0.00000,0.00000,0.00000,0.00000
-16.4460,-20.2770,0.00000,0.00000,0.00000,0.00000,0.00000,0.00000,0.00000
-16.4360,-20.2670,0.00000,0.00000,0.00000,0.00000,0.00000,0.00000,0.00000
-16.4260,-20.2570,0.00000,0.00000,0.00000,0.00000,0.00000,0.00000,0.00000
-16.4160,-20.2470,0.00000,0.00000,0.00000,0.00000,0.00000,0.00000,0.00000
-16.4060,-20.2370,0.00000,0.00000,0.00000,0.00000,0.00000,0.00000,0.00000
-16.3960,-20.2270,0.00000,0.00000,0.00000,0.00000,0.00000,0.00000,0.00000
-16.3860,-20.2170,0.00000,0.00000,0.00000,0.00000,0.00000,0.00000,0.00000
-16.3760,-20.2070,0.00000,0.00000,0.00000,0.00000,0.00000,0.00000,0.00000
-16.3660,-20.1970,0.00000,0.00000,0.00000,0.00000,0.00000,0.00000,0.00000
-16.3560,-20.1870,0.00000,0.00000,0.00000,0.00000,0.00000,0.00000,0.00000
-16.3460,-20.1770,0.00000,0.00000,0.00000,0.00000,0.00000,0.00000,0.00000
-16.3360,-20.1670,0.00000,0.00000,0.00000,0.00000,0.00000,0.00000,0.00000
-16.3260,-20.1570,0.00000,0.00000,0.00000,0.00000,0.00000,0.00000,0.00000
-16.3160,-20.1470,0.00000,0.00000,0.00000,0.00000,0.00000,0.00000,0.00000
-16.3060,-20.1370,0.00000,0.00000,0.00000,0.00000,0.00000,0.00000,0.00000
-16.2960,-20.1270,0.00000,0.00000,0.00000,0.00000,0.00000,0.00000,0.00000
-16.2860,-20.1170,0.00000,0.00000,0.00000,0.00000,0.00000,0.00000,0.00000
-16.2760,-20.1070,0.00000,0.00000,0.00000,0.00000,0.00000,0.00000,0.00000
-16.2660,-20.0970,0.00000,0.00000,0.00000,0.00000,0.00000,0.00000,0.00000
-16.2560,-20.0870,0.00000,0.00000,0.00000,0.00000,0.00000,0.00000,0.00000
-16.2460,-20.0770,0.00000,0.00000,0.00000,0.00000,0.00000,0.00000,0.00000
-16.2360,-20.0670,0.00000,0.00000,0.00000,0.00000,0.00000,0.00000,0.00000
-16.2260,-20.0570,0.00000,0.00000,0.00000,0.00000,0.00000,0.00000,0.00000
-16.2160,-20.0470,0.00000,0.00000,0.00000,0.00000,0.00000,0.00000,0.00000
-16.2060,-20.0370,0.00000,0.00000,0.00000,0.00000,0.00000,0.00000,0.00000
-16.1960,-20.0270,0.00000,0.00000,0.00000,0.00000,0.00000,0.00000,0.00000
-16.1860,-20.0170,0.00000,0.00000,0.00000,0.00000,0.00000,0.00000,0.00000
-16.1760,-20.0070,0.00000,0.00000,0.00000,0.00000,0.00000,0.00000,0.00000
-16.1660,-19.9970,0.00000,0.00000,0.00000,0.00000,0.00000,0.00000,0.00000
-16.1560,-19.9870,0.00000,0.00000,0.00000,0.00000,0.00000,0.00000,0.00000
-16.1460,-19.9770,0.00000,0.00000,0.00000,0.00000,0.00000,0.00000,0.00000
-16.1360,-19.9670,0.00000,0.00000,0.00000,0.00000,0.00000,0.00000,0.00000
-16.1260,-19.9570,0.00000,0.00000,0.00000,0.00000,0.00000,0.00000,0.00000
-16.1160,-19.9470,0.00000,0.00000,0.00000,0.00000,0.00000,0.00000,0.00000
-16.1060,-19.9370,0.00000,0.00000,0.00000,0.00000,0.00000,0.00000,0.00000
-16.0960,-19.9270,0.00000,0.00000,0.00000,0.00000,0.00000,0.00000,0.00000
-16.0860,-19.9170,0.00000,0.00000,0.00000,0.00000,0.00000,0.00000,0.00000
-16.0760,-19.9070,0.00000,0.00000,0.00000,0.00000,0.00000,0.00000,0.00000
-16.0660,-19.8970,0.00000,0.00000,0.00000,0.00000,0.00000,0.00000,0.00000
-16.0560,-19.8870,0.00000,0.00000,0.00000,0.00000,0.00000,0.00000,0.00000
-16.0460,-19.8770,0.00000,0.00000,0.00000,0.00000,0.00000,0.00000,0.00000
-16.0360,-19.8670,0.00000,0.00000,0.00000,0.00000,0.00000,0.00000,0.00000
-16.0260,-19.8570,0.00000,0.00000,0.00000,0.00000,0.00000,0.00000,0.00000
-16.0160,-19.8470,0.00000,0.00000,0.00000,0.00000,0.00000,0.00000,0.00000
-16.0060,-19.8370,0.00000,0.00000,0.00000,0.00000,0.00000,0.00000,0.00000
-15.9960,-19.8270,0.00000,0.00000,0.00000,0.00000,0.00000,0.00000,0.00000
-15.9860,-19.8170,0.00000,0.00000,0.00000,0.00000,0.00000,0.00000,0.00000
-15.9760,-19.8070,0.00000,0.00000,0.00000,0.00000,0.00000,0.00000,0.00000
-15.9660,-19.7970,0.00000,0.00000,0.00000,0.00000,0.00000,0.00000,0.00000
-15.9560,-19.7870,0.00000,0.00000,0.00000,0.00000,0.00000,0.00000,0.00000
-15.9460,-19.7770,0.00000,0.00000,0.00000,0.00000,0.00000,0.00000,0.00000
-15.9360,-19.7670,0.00000,0.00000,0.00000,0.00000,0.00000,0.00000,0.00000
-15.9260,-19.7570,0.00000,0.00000,0.00000,0.00000,0.00000,0.00000,0.00000
-15.9160,-19.7470,0.00000,0.00000,0.00000,0.00000,0.00000,0.00000,0.00000
-15.9060,-19.7370,0.00000,0.00000,0.00000,0.00000,0.00000,0.00000,0.00000
-15.8960,-19.7270,0.00000,0.00000,0.00000,0.00000,0.00000,0.00000,0.00000
-15.8860,-19.7170,0.00000,0.00000,0.00000,0.00000,0.00000,0.00000,0.00000
-15.8760,-19.7070,0.00000,0.00000,0.00000,0.00000,0.00000,0.00000,0.00000
-15.8660,-19.6970,0.00000,0.00000,0.00000,0.00000,0.00000,0.00000,0.00000
-15.8560,-19.6870,0.00000,0.00000,0.00000,0.00000,0.00000,0.00000,0.00000
-15.8460,-19.6770,0.00000,0.00000,0.00000,0.00000,0.00000,0.00000,0.00000
-15.8360,-19.6670,0.00000,0.00000,0.00000,0.00000,0.00000,0.00000,0.00000
-15.8260,-19.6570,0.00000,0.00000,0.00000,0.00000,0.00000,0.00000,0.00000
-15.8160,-19.6470,0.00000,0.00000,0.00000,0.00000,0.00000,0.00000,0.00000
-15.8060,-19.6370,0.00000,0.00000,0.00000,0.00000,0.00000,0.00000,0.00000
-15.7960,-19.6270,0.00000,0.00000,0.00000,0.00000,0.00000,0.00000,0.00000
-15.7860,-19.6170,0.00000,0.00000,0.00000,0.00000,0.00000,0.00000,0.00000
-15.7760,-19.6070,0.00000,0.00000,0.00000,0.00000,0.00000,0.00000,0.00000
-15.7660,-19.5970,0.00000,0.00000,0.00000,0.00000,0.00000,0.00000,0.00000
-15.7560,-19.5870,0.00000,0.00000,0.00000,0.00000,0.00000,0.00000,0.00000
-15.7460,-19.5770,0.00000,0.00000,0.00000,0.00000,0.00000,0.00000,0.00000
-15.7360,-19.5670,0.00000,0.00000,0.00000,0.00000,0.00000,0.00000,0.00000
-15.7260,-19.5570,0.00000,0.00000,0.00000,0.00000,0.00000,0.00000,0.00000
-15.7160,-19.5470,0.00000,0.00000,0.00000,0.00000,0.00000,0.00000,0.00000
-15.7060,-19.5370,0.00000,0.00000,0.00000,0.00000,0.00000,0.00000,0.00000
-15.6960,-19.5270,0.00000,0.00000,0.00000,0.00000,0.00000,0.00000,0.00000
-15.6860,-19.5170,0.00000,0.00000,0.00000,0.00000,0.00000,0.00000,0.00000
-15.6760,-19.5070,0.00000,0.00000,0.00000,0.00000,0.00000,0.00000,0.00000
-15.6660,-19.4970,0.00000,0.00000,0.00000,0.00000,0.00000,0.00000,0.00000
-15.6560,-19.4870,0.00000,0.00000,0.00000,0.00000,0.00000,0.00000,0.00000
-15.6460,-19.4770,0.00000,0.00000,0.00000,0.00000,0.00000,0.00000,0.00000
-15.6360,-19.4670,0.00000,0.00000,0.00000,0.00000,0.00000,0.00000,0.00000
-15.6260,-19.4570,0.00000,0.00000,0.00000,0.00000,0.00000,0.00000,0.00000
-15.6160,-19.4470,0.00000,0.00000,0.00000,0.00000,0.00000,0.00000,0.00000
-15.6060,-19.4370,0.00000,0.00000,0.00000,0.00000,0.00000,0.00000,0.00000
-15.5960,-19.4270,0.00000,0.00000,0.00000,0.00000,0.00000,0.00000,0.00000
-15.5860,-19.4170,0.00000,0.00000,0.00000,0.00000,0.00000,0.00000,0.00000
-15.5760,-19.4070,0.00000,0.00000,0.00000,0.00000,0.00000,0.00000,0.00000
-15.5660,-19.3970,0.00000,0.00000,0.00000,0.00000,0.00000,0.00000,0.00000
-15.5560,-19.3870,0.00000,0.00000,0.00000,0.00000,0.00000,0.00000,0.00000
-15.5460,-19.3770,0.00000,0.00000,0.00000,0.00000,0.00000,0.00000,0.00000
-15.5360,-19.3670,0.00000,0.00000,0.00000,0.00000,0.00000,0.00000,0.00000
-15.5260,-19.3570,0.00000,0.00000,0.00000,0.00000,0.00000,0.00000,0.00000
-15.5160,-19.3470,0.00000,0.00000,0.00000,0.00000,0.00000,0.00000,0.00000
-15.5060,-19.3370,0.00000,0.00000,0.00000,0.00000,0.00000,0.00000,0.00000
-15.4960,-19.3270,0.00000,0.00000,0.00000,0.00000,0.00000,0.00000,0.00000
-15.4860,-19.3170,0.00000,0.00000,0.00000,0.00000,0.00000,0.00000,0.00000
-15.4760,-19.3070,0.00000,0.00000,0.00000,0.00000,0.00000,0.00000,0.00000
-15.4660,-19.2970,0.00000,0.00000,0.00000,0.00000,0.00000,0.00000,0.00000
-15.4560,-19.2870,0.00000,0.00000,0.00000,0.00000,0.00000,0.00000,0.00000
-15.4460,-19.2770,0.00000,0.00000,0.00000,0.00000,0.00000,0.00000,0.00000
-15.4360,-19.2670,0.00000,0.00000,0.00000,0.00000,0.00000,0.00000,0.00000
-15.4260,-19.2570,0.00000,0.00000,0.00000,0.00000,0.00000,0.00000,0.00000
-15.4160,-19.2470,0.00000,0.00000,0.00000,0.00000,0.00000,0.00000,0.00000
-15.4060,-19.2370,0.00000,0.00000,0.00000,0.00000,0.00000,0.00000,0.00000
-15.3960,-19.2270,0.00000,0.00000,0.00000,0.00000,0.00000,0.00000,0.00000
-15.3860,-19.2170,0.00000,0.00000,0.00000,0.00000,0.00000,0.00000,0.00000
-15.3760,-19.2070,0.00000,0.00000,0.00000,0.00000,0.00000,0.00000,0.00000
-15.3660,-19.1970,0.00000,0.00000,0.00000,0.00000,0.00000,0.00000,0.00000
-15.3560,-19.1870,0.00000,0.00000,0.00000,0.00000,0.00000,0.00000,0.00000
-15.3460,-19.1770,0.00000,0.00000,0.00000,0.00000,0.00000,0.00000,0.00000
-15.3360,-19.1670,0.00000,0.00000,0.00000,0.00000,0.00000,0.00000,0.00000
-15.3260,-19.1570,0.00000,0.00000,0.00000,0.00000,0.00000,0.00000,0.00000
-15.3160,-19.1470,0.00000,0.00000,0.00000,0.00000,0.00000,0.00000,0.00000
-15.3060,-19.1370,0.00000,0.00000,0.00000,0.00000,0.00000,0.00000,0.00000
-15.2960,-19.1270,0.00000,0.00000,0.00000,0.00000,0.00000,0.00000,0.00000
-15.2860,-19.1170,0.00000,0.00000,0.00000,0.00000,0.00000,0.00000,0.00000
-15.2760,-19.1070,0.00000,0.00000,0.00000,0.00000,0.00000,0.00000,0.00000
-15.2660,-19.0970,0.00000,0.00000,0.00000,0.00000,0.00000,0.00000,0.00000
-15.2560,-19.0870,0.00000,0.00000,0.00000,0.00000,0.00000,0.00000,0.00000
-15.2460,-19.0770,0.00000,0.00000,0.00000,0.00000,0.00000,0.00000,0.00000
-15.2360,-19.0670,0.00000,0.00000,0.00000,0.00000,0.00000,0.00000,0.00000
-15.2260,-19.0570,0.00000,0.00000,0.00000,0.00000,0.00000,0.00000,0.00000
-15.2160,-19.0470,0.00000,0.00000,0.00000,0.00000,0.00000,0.00000,0.00000
-15.2060,-19.0370,0.00000,0.00000,0.00000,0.00000,0.00000,0.00000,0.00000
-15.1960,-19.0270,0.00000,0.00000,0.00000,0.00000,0.00000,0.00000,0.00000
-15.1860,-19.0170,0.00000,0.00000,0.00000,0.00000,0.00000,0.00000,0.00000
-15.1760,-19.0070,0.00000,0.00000,0.00000,0.00000,0.00000,0.00000,0.00000
-15.1660,-18.9970,0.00000,0.00000,0.00000,0.00000,0.00000,0.00000,0.00000
-15.1560,-18.9870,0.00000,0.00000,0.00000,0.00000,0.00000,0.00000,0.00000
-15.1460,-18.9770,0.00000,0.00000,0.00000,0.00000,0.00000,0.00000,0.00000
-15.1360,-18.9670,0.00000,0.00000,0.00000,0.00000,0.00000,0.00000,0.00000
-15.1260,-18.9570,0.00000,0.00000,0.00000,0.00000,0.00000,0.00000,0.00000
-15.1160,-18.9470,0.00000,0.00000,0.00000,0.00000,0.00000,0.00000,0.00000
-15.1060,-18.9370,0.00000,0.00000,0.00000,0.00000,0.00000,0.00000,0.00000
-15.0960,-18.9270,0.00000,0.00000,0.00000,0.00000,0.00000,0.00000,0.00000
-15.0860,-18.9170,0.00000,0.00000,0.00000,0.00000,0.00000,0.00000,0.00000
-15.0760,-18.9070,0.00000,0.00000,0.00000,0.00000,0.00000,0.00000,0.00000
-15.0660,-18.8970,0.00000,0.00000,0.00000,0.00000,0.00000,0.00000,0.00000
-15.0560,-18.8870,0.00000,0.00000,0.00000,0.00000,0.00000,0.00000,0.00000
-15.0460,-18.8770,0.00000,0.00000,0.00000,0.00000,0.00000,0.00000,0.00000
-15.0360,-18.8670,0.00000,0.00000,0.00000,0.00000,0.00000,0.00000,0.00000
-15.0260,-18.8570,0.00000,0.00000,0.00000,0.00000,0.00000,0.00000,0.00000
-15.0160,-18.8470,0.00000,0.00000,0.00000,0.00000,0.00000,0.00000,0.00000
-15.0060,-18.8370,0.00000,0.00000,0.00000,0.00000,0.00000,0.00000,0.00000
-14.9960,-18.8270,0.00000,0.00000,0.00000,0.00000,0.00000,0.00000,0.00000
-14.9860,-18.8170,0.00000,0.00000,0.00000,0.00000,0.00000,0.00000,0.00000
-14.9760,-18.8070,0.00000,0.00000,0.00000,0.00000,0.00000,0.00000,0.00000
-14.9660,-18.7970,0.00000,0.00000,0.00000,0.00000,0.00000,0.00000,0.00000
-14.9560,-18.7870,0.00000,0.00000,0.00000,0.00000,0.00000,0.00000,0.00000
-14.9460,-18.7770,0.00000,0.00000,0.00000,0.00000,0.00000,0.00000,0.00000
-14.9360,-18.7670,0.00000,0.00000,0.00000,0.00000,0.00000,0.00000,0.00000
-14.9260,-18.7570,0.00000,0.00000,0.00000,0.00000,0.00000,0.00000,0.00000
-14.9160,-18.7470,0.00000,0.00000,0.00000,0.00000,0.00000,0.00000,0.00000
-14.9060,-18.7370,0.00000,0.00000,0.00000,0.00000,0.00000,0.00000,0.00000
-14.8960,-18.7270,0.00000,0.00000,0.00000,0.00000,0.00000,0.00000,0.00000
-14.8860,-18.7170,0.00000,0.00000,0.00000,0.00000,0.00000,0.00000,0.00000
-14.8760,-18.7070,0.00000,0.00000,0.00000,0.00000,0.00000,0.00000,0.00000
-14.8660,-18.6970,0.00000,0.00000,0.00000,0.00000,0.00000,0.00000,0.00000
-14.8560,-18.6870,0.00000,0.00000,0.00000,0.00000,0.00000,0.00000,0.00000
-14.8460,-18.6770,0.00000,0.00000,0.00000,0.00000,0.00000,0.00000,0.00000
-14.8360,-18.6670,0.00000,0.00000,0.00000,0.00000,0.00000,0.00000,0.00000
-14.8260,-18.6570,0.00000,0.00000,0.00000,0.00000,0.00000,0.00000,0.00000
-14.8160,-18.6470,0.00000,0.00000,0.00000,0.00000,0.00000,0.00000,0.00000
-14.8060,-18.6370,0.00000,0.00000,0.00000,0.00000,0.00000,0.00000,0.00000
-14.7960,-18.6270,0.00000,0.00000,0.00000,0.00000,0.00000,0.00000,0.00000
-14.7860,-18.6170,0.00000,0.00000,0.00000,0.00000,0.00000,0.00000,0.00000
-14.7760,-18.6070,0.00000,0.00000,0.00000,0.00000,0.00000,0.00000,0.00000
-14.7660,-18.5970,0.00000,0.00000,0.00000,0.00000,0.00000,0.00000,0.00000
-14.7560,-18.5870,821.00000,25.40303,0.00110,13.98968,9.50334,0.00192,771.80739
-14.7460,-18.5770,0.00000,0.00000,0.00000,0.00000,0.00000,0.00000,0.00000
-14.7360,-18.5670,0.00000,0.00000,0.00000,0.00000,0.00000,0.00000,0.00000
-14.7260,-18.5570,0.00000,0.00000,0.00000,0.00000,0.00000,0.00000,0.00000
-14.7160,-18.5470,0.00000,0.00000,0.00000,0.00000,0.00000,0.00000,0.00000
-14.7060,-18.5370,0.00000,0.00000,0.00000,0.00000,0.00000,0.00000,0.00000
-14.6960,-18.5270,0.00000,0.00000,0.00000,0.00000,0.00000,0.00000,0.00000
-14.6860,-18.5170,0.00000,0.00000,0.00000,0.00000,0.00000,0.00000,0.00000
-14.6760,-18.5070,0.00000,0.00000,0.00000,0.00000,0.00000,0.00000,0.00000
-14.6660,-18.4970,0.00000,0.00000,0.00000,0.00000,0.00000,0.00000,0.00000
-14.6560,-18.4870,0.00000,0.00000,0.00000,0.00000,0.00000,0.00000,0.00000
-14.6460,-18.4770,0.00000,0.00000,0.00000,0.00000,0.00000,0.00000,0.00000
-14.6360,-18.4670,0.00000,0.00000,0.00000,0.00000,0.00000,0.00000,0.00000
-14.6260,-18.4570,0.00000,0.00000,0.00000,0.00000,0.00000,0.00000,0.00000
-14.6160,-18.4470,0.00000,0.00000,0.00000,0.00000,0.00000,0.00000,0.00000
-14.6060,-18.4370,0.00000,0.00000,0.00000,0.00000,0.00000,0.00000,0.00000
-14.5960,-18.4270,0.00000,0.00000,0.00000,0.00000,0.00000,0.00000,0.00000
-14.5860,-18.4170,0.00000,0.00000,0.00000,0.00000,0.00000,0.00000,0.00000
-14.5760,-18.4070,0.00000,0.00000,0.00000,0.00000,0.00000,0.00000,0.00000
-14.5660,-18.3970,0.00000,0.00000,0.00000,0.00000,0.00000,0.00000,0.00000
-14.5560,-18.3870,0.00000,0.00000,0.00000,0.00000,0.00000,0.00000,0.00000
-14.5460,-18.3770,0.00000,0.00000,0.00000,0.00000,0.00000,0.00000,0.00000
-14.5360,-18.3670,0.00000,0.00000,0.00000,0.00000,0.00000,0.00000,0.00000
-14.5260,-18.3570,0.00000,0.00000,0.00000,0.00000,0.00000,0.00000,0.00000
-14.5160,-18.3470,0.00000,0.00000,0.00000,0.00000,0.00000,0.00000,0.00000
-14.5060,-18.3370,0.00000,0.00000,0.00000,0.00000,0.00000,0.00000,0.00000
-14.4960,-18.3270,0.00000,0.00000,0.00000,0.00000,0.00000,0.00000,0.00000
-14.4860,-18.3170,0.00000,0.00000,0.00000,0.00000,0.00000,0.00000,0.00000
-14.4760,-18.3070,0.00000,0.00000,0.00000,0.00000,0.00000,0.00000,0.00000
-14.4660,-18.2970,0.00000,0.00000,0.00000,0.00000,0.00000,0.00000,0.00000
-14.4560,-18.2870,0.00000,0.00000,0.00000,0.00000,0.00000,0.00000,0.00000
-14.4460,-18.2770,0.00000,0.00000,0.00000,0.00000,0.00000,0.00000,0.00000
-14.4360,-18.2670,0.00000,0.00000,0.00000,0.00000,0.00000,0.00000,0.00000
-14.4260,-18.2570,0.00000,0.00000,0.00000,0.00000,0.00000,0.00000,0.00000
-14.4160,-18.2470,0.00000,0.00000,0.00000,0.00000,0.00000,0.00000,0.00000
-14.4060,-18.2370,0.00000,0.00000,0.00000,0.00000,0.00000,0.00000,0.00000
-14.3960,-18.2270,0.00000,0.00000,0.00000,0.00000,0.00000,0.00000,0.00000
-14.3860,-18.2170,0.00000,0.00000,0.00000,0.00000,0.00000,0.00000,0.00000
-14.3760,-18.2070,0.00000,0.00000,0.00000,0.00000,0.00000,0.00000,0.00000
-14.3660,-18.1970,0.00000,0.00000,0.00000,0.00000,0.00000,0.00000,0.00000
-14.3560,-18.1870,0.00000,0.00000,0.00000,0.00000,0.00000,0.00000,0.00000
-14.3460,-18.1770,0.00000,0.00000,0.00000,0.00000,0.00000,0.00000,0.00000
-14.3360,-18.1670,0.00000,0.00000,0.00000,0.00000,0.00000,0.00000,0.00000
-14.3260,-18.1570,0.00000,0.00000,0.00000,0.00000,0.00000,0.00000,0.00000
-14.3160,-18.1470,0.00000,0.00000,0.00000,0.00000,0.00000,0.00000,0.00000
-14.3060,-18.1370,0.00000,0.00000,0.00000,0.00000,0.00000,0.00000,0.00000
-14.2960,-18.1270,0.00000,0.00000,0.00000,0.00000,0.00000,0.00000,0.00000
-14.2860,-18.1170,0.00000,0.00000,0.00000,0.00000,0.00000,0.00000,0.00000
-14.2760,-18.1070,0.00000,0.00000,0.00000,0.00000,0.00000,0.00000,0.00000
-14.2660,-18.0970,0.00000,0.00000,0.00000,0.00000,0.00000,0.00000,0.00000
-14.2560,-18.0870,0.00000,0.00000,0.00000,0.00000,0.00000,0.00000,0.00000
-14.2460,-18.0770,0.00000,0.00000,0.00000,0.00000,0.00000,0.00000,0.00000
-14.2360,-18.0670,0.00000,0.00000,0.00000,0.00000,0.00000,0.00000,0.00000
-14.2260,-18.0570,0.00000,0.00000,0.00000,0.00000,0.00000,0.00000,0.00000
-14.2160,-18.0470,0.00000,0.00000,0.00000,0.00000,0.00000,0.00000,0.00000
-14.2060,-18.0370,0.00000,0.00000,0.00000,0.00000,0.00000,0.00000,0.00000
-14.1960,-18.0270,0.00000,0.00000,0.00000,0.00000,0.00000,0.00000,0.00000
-14.1860,-18.0170,0.00000,0.00000,0.00000,0.00000,0.00000,0.00000,0.00000
-14.1760,-18.0070,0.00000,0.00000,0.00000,0.00000,0.00000,0.00000,0.00000
-14.1660,-17.9970,0.00000,0.00000,0.00000,0.00000,0.00000,0.00000,0.00000
-14.1560,-17.9870,0.00000,0.00000,0.00000,0.00000,0.00000,0.00000,0.00000
-14.1460,-17.9770,0.00000,0.00000,0.00000,0.00000,0.00000,0.00000,0.00000
-14.1360,-17.9670,0.00000,0.00000,0.00000,0.00000,0.00000,0.00000,0.00000
-14.1260,-17.9570,0.00000,0.00000,0.00000,0.00000,0.00000,0.00000,0.00000
-14.1160,-17.9470,0.00000,0.00000,0.00000,0.00000,0.00000,0.00000,0.00000
-14.1060,-17.9370,0.00000,0.00000,0.00000,0.00000,0.00000,0.00000,0.00000
-14.0960,-17.9270,0.00000,0.00000,0.00000,0.00000,0.00000,0.00000,0.00000
-14.0860,-17.9170,0.00000,0.00000,0.00000,0.00000,0.00000,0.00000,0.00000
-14.0760,-17.9070,0.00000,0.00000,0.00000,0.00000,0.00000,0.00000,0.00000
-14.0660,-17.8970,0.00000,0.00000,0.00000,0.00000,0.00000,0.00000,0.00000
-14.0560,-17.8870,0.00000,0.00000,0.00000,0.00000,0.00000,0.00000,0.00000
-14.0460,-17.8770,0.00000,0.00000,0.00000,0.00000,0.00000,0.00000,0.00000
-14.0360,-17.8670,0.00000,0.00000,0.00000,0.00000,0.00000,0.00000,0.00000
-14.0260,-17.8570,0.00000,0.00000,0.00000,0.00000,0.00000,0.00000,0.00000
-14.0160,-17.8470,0.00000,0.00000,0.00000,0.00000,0.00000,0.00000,0.00000
-14.0060,-17.8370,0.00000,0.00000,0.00000,0.00000,0.00000,0.00000,0.00000
-13.9960,-17.8270,0.00000,0.00000,0.00000,0.00000,0.00000,0.00000,0.00000
-13.9860,-17.8170,0.00000,0.00000,0.00000,0.00000,0.00000,0.00000,0.00000
-13.9760,-17.8070,0.00000,0.00000,0.00000,0.00000,0.00000,0.00000,0.00000
-13.9660,-17.7970,0.00000,0.00000,0.00000,0.00000,0.00000,0.00000,0.00000
-13.9560,-17.7870,0.00000,0.00000,0.00000,0.00000,0.00000,0.00000,0.00000
-13.9460,-17.7770,0.00000,0.00000,0.00000,0.00000,0.00000,0.00000,0.00000
-13.9360,-17.7670,0.00000,0.00000,0.00000,0.00000,0.00000,0.00000,0.00000
-13.9260,-17.7570,0.00000,0.00000,0.00000,0.00000,0.00000,0.00000,0.00000
-13.9160,-17.7470,0.00000,0.00000,0.00000,0.00000,0.00000,0.00000,0.00000
-13.9060,-17.7370,0.00000,0.00000,0.00000,0.00000,0.00000,0.00000,0.00000
-13.8960,-17.7270,0.00000,0.00000,0.00000,0.00000,0.00000,0.00000,0.00000
-13.8860,-17.7170,0.00000,0.00000,0.00000,0.00000,0.00000,0.00000,0.00000
-13.8760,-17.7070,0.00000,0.00000,0.00000,0.00000,0.00000,0.00000,0.00000
-13.8660,-17.6970,0.00000,0.00000,0.00000,0.00000,0.00000,0.00000,0.00000
-13.8560,-17.6870,0.00000,0.00000,0.00000,0.00000,0.00000,0.00000,0.00000
-13.8460,-17.6770,0.00000,0.00000,0.00000,0.00000,0.00000,0.00000,0.00000
-13.8360,-17.6670,0.00000,0.00000,0.00000,0.00000,0.00000,0.00000,0.00000
-13.8260,-17.6570,0.00000,0.00000,0.00000,0.00000,0.00000,0.00000,0.00000
-13.8160,-17.6470,0.00000,0.00000,0.00000,0.00000,0.00000,0.00000,0.00000
-13.8060,-17.6370,0.00000,0.00000,0.00000,0.00000,0.00000,0.00000,0.00000
-13.7960,-17.6270,0.00000,0.00000,0.00000,0.00000,0.00000,0.00000,0.00000
-13.7860,-17.6170,0.00000,0.00000,0.00000,0.00000,0.00000,0.00000,0.00000
-13.7760,-17.6070,0.00000,0.00000,0.00000,0.00000,0.00000,0.00000,0.00000
-13.7660,-17.5970,0.00000,0.00000,0.00000,0.00000,0.00000,0.00000,0.00000
-13.7560,-17.5870,0.00000,0.00000,0.00000,0.00000,0.00000,0.00000,0.00000
-13.7460,-17.5770,0.00000,0.00000,0.00000,0.00000,0.00000,0.00000,0.00000
-13.7360,-17.5670,0.00000,0.00000,0.00000,0.00000,0.00000,0.00000,0.00000
-13.7260,-17.5570,0.00000,0.00000,0.00000,0.00000,0.00000,0.00000,0.00000
-13.7160,-17.5470,0.00000,0.00000,0.00000,0.00000,0.00000,0.00000,0.00000
-13.7060,-17.5370,0.00000,0.00000,0.00000,0.00000,0.00000,0.00000,0.00000
-13.6960,-17.5270,0.00000,0.00000,0.00000,0.00000,0.00000,0.00000,0.00000
-13.6860,-17.5170,0.00000,0.00000,0.00000,0.00000,0.00000,0.00000,0.00000
-13.6760,-17.5070,0.00000,0.00000,0.00000,0.00000,0.00000,0.00000,0.00000
-13.6660,-17.4970,0.00000,0.00000,0.00000,0.00000,0.00000,0.00000,0.00000
-13.6560,-17.4870,0.00000,0.00000,0.00000,0.00000,0.00000,0.00000,0.00000
-13.6460,-17.4770,0.00000,0.00000,0.00000,0.00000,0.00000,0.00000,0.00000
-13.6360,-17.4670,0.00000,0.00000,0.00000,0.00000,0.00000,0.00000,0.00000
-13.6260,-17.4570,0.00000,0.00000,0.00000,0.00000,0.00000,0.00000,0.00000
-13.6160,-17.4470,0.00000,0.00000,0.00000,0.00000,0.00000,0.00000,0.00000
-13.6060,-17.4370,0.00000,0.00000,0.00000,0.00000,0.00000,0.00000,0.00000
-13.5960,-17.4270,0.00000,0.00000,0.00000,0.00000,0.00000,0.00000,0.00000
-13.5860,-17.4170,0.00000,0.00000,0.00000,0.00000,0.00000,0.00000,0.00000
-13.5760,-17.4070,0.00000,0.00000,0.00000,0.00000,0.00000,0.00000,0.00000
-13.5660,-17.3970,0.00000,0.00000,0.00000,0.00000,0.00000,0.00000,0.00000
-13.5560,-17.3870,0.00000,0.00000,0.00000,0.00000,0.00000,0.00000,0.00000
-13.5460,-17.3770,0.00000,0.00000,0.00000,0.00000,0.00000,0.00000,0.00000
-13.5360,-17.3670,0.00000,0.00000,0.00000,0.00000,0.00000,0.00000,0.00000
-13.5260,-17.3570,0.00000,0.00000,0.00000,0.00000,0.00000,0.00000,0.00000
-13.5160,-17.3470,0.00000,0.00000,0.00000,0.00000,0.00000,0.00000,0.00000
-13.5060,-17.3370,0.00000,0.00000,0.00000,0.00000,0.00000,0.00000,0.00000
-13.4960,-17.3270,0.00000,0.00000,0.00000,0.00000,0.00000,0.00000,0.00000
-13.4860,-17.3170,0.00000,0.00000,0.00000,0.00000,0.00000,0.00000,0.00000
-13.4760,-17.3070,0.00000,0.00000,0.00000,0.00000,0.00000,0.00000,0.00000
-13.4660,-17.2970,0.00000,0.00000,0.00000,0.00000,0.00000,0.00000,0.00000
-13.4560,-17.2870,0.00000,0.00000,0.00000,0.00000,0.00000,0.00000,0.00000
-13.4460,-17.2770,0.00000,0.00000,0.00000,0.00000,0.00000,0.00000,0.00000
-13.4360,-17.2670,0.00000,0.00000,0.00000,0.00000,0.00000,0.00000,0.00000
-13.4260,-17.2570,0.00000,0.00000,0.00000,0.00000,0.00000,0.00000,0.00000
-13.4160,-17.2470,0.00000,0.00000,0.00000,0.00000,0.00000,0.00000,0.00000
-13.4060,-17.2370,0.00000,0.00000,0.00000,0.00000,0.00000,0.00000,0.00000
-13.3960,-17.2270,0.00000,0.00000,0.00000,0.00000,0.00000,0.00000,0.00000
-13.3860,-17.2170,0.00000,0.00000,0.00000,0.00000,0.00000,0.00000,0.00000
-13.3760,-17.2070,0.00000,0.00000,0.00000,0.00000,0.00000,0.00000,0.00000
-13.3660,-17.1970,0.00000,0.00000,0.00000,0.00000,0.00000,0.00000,0.00000
-13.3560,-17.1870,0.00000,0.00000,0.00000,0.00000,0.00000,0.00000,0.00000
-13.3460,-17.1770,0.00000,0.00000,0.00000,0.00000,0.00000,0.00000,0.00000
-13.3360,-17.1670,0.00000,0.00000,0.00000,0.00000,0.00000,0.00000,0.00000
-13.3260,-17.1570,0.00000,0.00000,0.00000,0.00000,0.00000,0.00000,0.00000
-13.3160,-17.1470,0.00000,0.00000,0.00000,0.00000,0.00000,0.00000,0.00000
-13.3060,-17.1370,0.00000,0.00000,0.00000,0.00000,0.00000,0.00000,0.00000
-13.2960,-17.1270,0.00000,0.00000,0.00000,0.00000,0.00000,0.00000,0.00000
-13.2860,-17.1170,0.00000,0.00000,0.00000,0.00000,0.00000,0.00000,0.00000
-13.2760,-17.1070,0.00000,0.00000,0.00000,0.00000,0.00000,0.00000,0.00000
-13.2660,-17.0970,0.00000,0.00000,0.00000,0.00000,0.00000,0.00000,0.00000
-13.2560,-17.0870,0.00000,0.00000,0.00000,0.00000,0.00000,0.00000,0.00000
-13.2460,-17.0770,0.00000,0.00000,0.00000,0.00000,0.00000,0.00000,0.00000
-13.2360,-17.0670,0.00000,0.00000,0.00000,0.00000,0.00000,0.00000,0.00000
-13.2260,-17.0570,0.00000,0.00000,0.00000,0.00000,0.00000,0.00000,0.00000
-13.2160,-17.0470,0.00000,0.00000,0.00000,0.00000,0.00000,0.00000,0.00000
-13.2060,-17.0370,0.00000,0.00000,0.00000,0.00000,0.00000,0.00000,0.00000
-13.1960,-17.0270,0.00000,0.00000,0.00000,0.00000,0.00000,0.00000,0.00000
-13.1860,-17.0170,0.00000,0.00000,0.00000,0.00000,0.00000,0.00000,0.00000
-13.1760,-17.0070,0.00000,0.00000,0.00000,0.00000,0.00000,0.00000,0.00000
-13.1660,-16.9970,0.00000,0.00000,0.00000,0.00000,0.00000,0.00000,0.00000
-13.1560,-16.9870,0.00000,0.00000,0.00000,0.00000,0.00000,0.00000,0.00000
-13.1460,-16.9770,0.00000,0.00000,0.00000,0.00000,0.00000,0.00000,0.00000
-13.1360,-16.9670,0.00000,0.00000,0.00000,0.00000,0.00000,0.00000,0.00000
-13.1260,-16.9570,0.00000,0.00000,0.00000,0.00000,0.00000,0.00000,0.00000
-13.1160,-16.9470,0.00000,0.00000,0.00000,0.00000,0.00000,0.00000,0.00000
-13.1060,-16.9370,0.00000,0.00000,0.00000,0.00000,0.00000,0.00000,0.00000
-13.0960,-16.9270,0.00000,0.00000,0.00000,0.00000,0.00000,0.00000,0.00000
-13.0860,-16.9170,0.00000,0.00000,0.00000,0.00000,0.00000,0.00000,0.00000
-13.0760,-16.9070,0.00000,0.00000,0.00000,0.00000,0.00000,0.00000,0.00000
-13.0660,-16.8970,0.00000,0.00000,0.00000,0.00000,0.00000,0.00000,0.00000
-13.0560,-16.8870,0.00000,0.00000,0.00000,0.00000,0.00000,0.00000,0.00000
-13.0460,-16.8770,0.00000,0.00000,0.00000,0.00000,0.00000,0.00000,0.00000
-13.0360,-16.8670,0.00000,0.00000,0.00000,0.00000,0.00000,0.00000,0.00000
-13.0260,-16.8570,0.00000,0.00000,0.00000,0.00000,0.00000,0.00000,0.00000
-13.0160,-16.8470,0.00000,0.00000,0.00000,0.00000,0.00000,0.00000,0.00000
-13.0060,-16.8370,0.00000,0.00000,0.00000,0.00000,0.00000,0.00000,0.00000
-12.9960,-16.8270,0.00000,0.00000,0.00000,0.00000,0.00000,0.00000,0.00000
-12.9860,-16.8170,0.00000,0.00000,0.00000,0.00000,0.00000,0.00000,0.00000
-12.9760,-16.8070,0.00000,0.00000,0.00000,0.00000,0.00000,0.00000,0.00000
-12.9660,-16.7970,0.00000,0.00000,0.00000,0.00000,0.00000,0.00000,0.00000
-12.9560,-16.7870,0.00000,0.00000,0.00000,0.00000,0.00000,0.00000,0.00000
-12.9460,-16.7770,0.00000,0.00000,0.00000,0.00000,0.00000,0.00000,0.00000
-12.9360,-16.7670,0.00000,0.00000,0.00000,0.00000,0.00000,0.00000,0.00000
-12.9260,-16.7570,0.00000,0.00000,0.00000,0.00000,0.00000,0.00000,0.00000
-12.9160,-16.7470,0.00000,0.00000,0.00000,0.00000,0.00000,0.00000,0.00000
-12.9060,-16.7370,0.00000,0.00000,0.00000,0.00000,0.00000,0.00000,0.00000
-12.8960,-16.7270,0.00000,0.00000,0.00000,0.00000,0.00000,0.00000,0.00000
-12.8860,-16.7170,0.00000,0.00000,0.00000,0.00000,0.00000,0.00000,0.00000
-12.8760,-16.7070,0.00000,0.00000,0.00000,0.00000,0.00000,0.00000,0.00000
-12.8660,-16.6970,0.00000,0.00000,0.00000,0.00000,0.00000,0.00000,0.00000
-12.8560,-16.6870,0.00000,0.00000,0.00000,0.00000,0.00000,0.00000,0.00000
-12.8460,-16.6770,0.00000,0.00000,0.00000,0.00000,0.00000,0.00000,0.00000
-12.8360,-16.6670,0.00000,0.00000,0.00000,0.00000,0.00000,0.00000,0.00000
-12.8260,-16.6570,0.00000,0.00000,0.00000,0.00000,0.00000,0.00000,0.00000
-12.8160,-16.6470,0.00000,0.00000,0.00000,0.00000,0.00000,0.00000,0.00000
-12.8060,-16.6370,0.00000,0.00000,0.00000,0.00000,0.00000,0.00000,0.00000
-12.7960,-16.6270,0.00000,0.00000,0.00000,0.00000,0.00000,0.00000,0.00000
-12.7860,-16.6170,0.00000,0.00000,0.00000,0.00000,0.00000,0.00000,0.00000
-12.7760,-16.6070,0.00000,0.00000,0.00000,0.00000,0.00000,0.00000,0.00000
-12.7660,-16.5970,0.00000,0.00000,0.00000,0.00000,0.00000,0.00000,0.00000
-12.7560,-16.5870,0.00000,0.00000,0.00000,0.00000,0.00000,0.00000,0.00000
-12.7460,-16.5770,0.00000,0.00000,0.00000,0.00000,0.00000,0.00000,0.00000
-12.7360,-16.5670,0.00000,0.00000,0.00000,0.00000,0.00000,0.00000,0.00000
-12.7260,-16.5570,0.00000,0.00000,0.00000,0.00000,0.00000,0.00000,0.00000
-12.7160,-16.5470,0.00000,0.00000,0.00000,0.00000,0.00000,0.00000,0.00000
-12.7060,-16.5370,0.00000,0.00000,0.00000,0.00000,0.00000,0.00000,0.00000
-12.6960,-16.5270,0.00000,0.00000,0.00000,0.00000,0.00000,0.00000,0.00000
-12.6860,-16.5170,0.00000,0.00000,0.00000,0.00000,0.00000,0.00000,0.00000
-12.6760,-16.5070,0.00000,0.00000,0.00000,0.00000,0.00000,0.00000,0.00000
-12.6660,-16.4970,0.00000,0.00000,0.00000,0.00000,0.00000,0.00000,0.00000
-12.6560,-16.4870,0.00000,0.00000,0.00000,0.00000,0.00000,0.00000,0.00000
-12.6460,-16.4770,0.00000,0.00000,0.00000,0.00000,0.00000,0.00000,0.00000
-12.6360,-16.4670,0.00000,0.00000,0.00000,0.00000,0.00000,0.00000,0.00000
-12.6260,-16.4570,0.00000,0.00000,0.00000,0.00000,0.00000,0.00000,0.00000
-12.6160,-16.4470,0.00000,0.00000,0.00000,0.00000,0.00000,0.00000,0.00000
-12.6060,-16.4370,0.00000,0.00000,0.00000,0.00000,0.00000,0.00000,0.00000
-12.5960,-16.4270,0.00000,0.00000,0.00000,0.00000,0.00000,0.00000,0.00000
-12.5860,-16.4170,0.00000,0.00000,0.00000,0.00000,0.00000,0.00000,0.00000
-12.5760,-16.4070,0.00000,0.00000,0.00000,0.00000,0.00000,0.00000,0.00000
-12.5660,-16.3970,0.00000,0.00000,0.00000,0.00000,0.00000,0.00000,0.00000
-12.5560,-16.3870,0.00000,0.00000,0.00000,0.00000,0.00000,0.00000,0.00000
-12.5460,-16.3770,0.00000,0.00000,0.00000,0.00000,0.00000,0.00000,0.00000
-12.5360,-16.3670,0.00000,0.00000,0.00000,0.00000,0.00000,0.00000,0.00000
-12.5260,-16.3570,0.00000,0.00000,0.00000,0.00000,0.00000,0.00000,0.00000
-12.5160,-16.3470,0.00000,0.00000,0.00000,0.00000,0.00000,0.00000,0.00000
-12.5060,-16.3370,0.00000,0.00000,0.00000,0.00000,0.00000,0.00000,0.00000
-12.4960,-16.3270,0.00000,0.00000,0.00000,0.00000,0.00000,0.00000,0.00000
-12.4860,-16.3170,0.00000,0.00000,0.00000,0.00000,0.00000,0.00000,0.00000
-12.4760,-16.3070,0.00000,0.00000,0.00000,0.00000,0.00000,0.00000,0.00000
-12.4660,-16.2970,0.00000,0.00000,0.00000,0.00000,0.00000,0.00000,0.00000
-12.4560,-16.2870,0.00000,0.00000,0.00000,0.00000,0.00000,0.00000,0.00000
-12.4460,-16.2770,0.00000,0.00000,0.00000,0.00000,0.00000,0.00000,0.00000
-12.4360,-16.2670,0.00000,0.00000,0.00000,0.00000,0.00000,0.00000,0.00000
-12.4260,-16.2570,0.00000,0.00000,0.00000,0.00000,0.00000,0.00000,0.00000
-12.4160,-16.2470,0.00000,0.00000,0.00000,0.00000,0.00000,0.00000,0.00000
-12.4060,-16.2370,0.00000,0.00000,0.00000,0.00000,0.00000,0.00000,0.00000
-12.3960,-16.2270,0.00000,0.00000,0.00000,0.00000,0.00000,0.00000,0.00000
-12.3860,-16.2170,0.00000,0.00000,0.00000,0.00000,0.00000,0.00000,0.00000
-12.3760,-16.2070,0.00000,0.00000,0.00000,0.00000,0.00000,0.00000,0.00000
-12.3660,-16.1970,0.00000,0.00000,0.00000,0.00000,0.00000,0.00000,0.00000
-12.3560,-16.1870,0.00000,0.00000,0.00000,0.00000,0.00000,0.00000,0.00000
-12.3460,-16.1770,0.00000,0.00000,0.00000,0.00000,0.00000,0.00000,0.00000
-12.3360,-16.1670,0.00000,0.00000,0.00000,0.00000,0.00000,0.00000,0.00000
-12.3260,-16.1570,0.00000,0.00000,0.00000,0.00000,0.00000,0.00000,0.00000
-12.3160,-16.1470,0.00000,0.00000,0.00000,0.00000,0.00000,0.00000,0.00000
-12.3060,-16.1370,0.00000,0.00000,0.00000,0.00000,0.00000,0.00000,0.00000
-12.2960,-16.1270,0.00000,0.00000,0.00000,0.00000,0.00000,0.00000,0.00000
-12.2860,-16.1170,0.00000,0.00000,0.00000,0.00000,0.00000,0.00000,0.00000
-12.2760,-16.1070,0.00000,0.00000,0.00000,0.00000,0.00000,0.00000,0.00000
-12.2660,-16.0970,0.00000,0.00000,0.00000,0.00000,0.00000,0.00000,0.00000
-12.2560,-16.0870,0.00000,0.00000,0.00000,0.00000,0.00000,0.00000,0.00000
-12.2460,-16.0770,0.00000,0.00000,0.00000,0.00000,0.00000,0.00000,0.00000
-12.2360,-16.0670,0.00000,0.00000,0.00000,0.00000,0.00000,0.00000,0.00000
-12.2260,-16.0570,0.00000,0.00000,0.00000,0.00000,0.00000,0.00000,0.00000
-12.2160,-16.0470,0.00000,0.00000,0.00000,0.00000,0.00000,0.00000,0.00000
-12.2060,-16.0370,0.00000,0.00000,0.00000,0.00000,0.00000,0.00000,0.00000
-12.1960,-16.0270,0.00000,0.00000,0.00000,0.00000,0.00000,0.00000,0.00000
-12.1860,-16.0170,0.00000,0.00000,0.00000,0.00000,0.00000,0.00000,0.00000
-12.1760,-16.0070,0.00000,0.00000,0.00000,0.00000,0.00000,0.00000,0.00000
-12.1660,-15.9970,0.00000,0.00000,0.00000,0.00000,0.00000,0.00000,0.00000
-12.1560,-15.9870,0.00000,0.00000,0.00000,0.00000,0.00000,0.00000,0.00000
-12.1460,-15.9770,0.00000,0.00000,0.00000,0.00000,0.00000,0.00000,0.00000
-12.1360,-15.9670,0.00000,0.00000,0.00000,0.00000,0.00000,0.00000,0.00000
-12.1260,-15.9570,0.00000,0.00000,0.00000,0.00000,0.00000,0.00000,0.00000
-12.1160,-15.9470,0.00000,0.00000,0.00000,0.00000,0.00000,0.00000,0.00000
-12.1060,-15.9370,0.00000,0.00000,0.00000,0.00000,0.00000,0.00000,0.00000
-12.0960,-15.9270,0.00000,0.00000,0.00000,0.00000,0.00000,0.00000,0.00000
-12.0860,-15.9170,0.00000,0.00000,0.00000,0.00000,0.00000,0.00000,0.00000
-12.0760,-15.9070,0.00000,0.00000,0.00000,0.00000,0.00000,0.00000,0.00000
-12.0660,-15.8970,0.00000,0.00000,0.00000,0.00000,0.00000,0.00000,0.00000
-12.0560,-15.8870,0.00000,0.00000,0.00000,0.00000,0.00000,0.00000,0.00000
-12.0460,-15.8770,0.00000,0.00000,0.00000,0.00000,0.00000,0.00000,0.00000
-12.0360,-15.8670,0.00000,0.00000,0.00000,0.00000,0.00000,0.00000,0.00000
-12.0260,-15.8570,0.00000,0.00000,0.00000,0.00000,0.00000,0.00000,0.00000
-12.0160,-15.8470,0.00000,0.00000,0.00000,0.00000,0.00000,0.00000,0.00000
-12.0060,-15.8370,0.00000,0.00000,0.00000,0.00000,0.00000,0.00000,0.00000
-11.9960,-15.8270,0.00000,0.00000,0.00000,0.00000,0.00000,0.00000,0.00000
-11.9860,-15.8170,0.00000,0.00000,0.00000,0.00000,0.00000,0.00000,0.00000
-11.9760,-15.8070,0.00000,0.00000,0.00000,0.00000,0.00000,0.00000,0.00000
-11.9660,-15.7970,0.00000,0.00000,0.00000,0.00000,0.00000,0.00000,0.00000
-11.9560,-15.7870,0.00000,0.00000,0.00000,0.00000,0.00000,0.00000,0.00000
-11.9460,-15.7770,0.00000,0.00000,0.00000,0.00000,0.00000,0.00000,0.00000
-11.9360,-15.7670,0.00000,0.00000,0.00000,0.00000,0.00000,0.00000,0.00000
-11.9260,-15.7570,0.00000,0.00000,0.00000,0.00000,0.00000,0.00000,0.00000
-11.9160,-15.7470,0.00000,0.00000,0.00000,0.00000,0.00000,0.00000,0.00000
-11.9060,-15.7370,0.00000,0.00000,0.00000,0.00000,0.00000,0.00000,0.00000
-11.8960,-15.7270,0.00000,0.00000,0.00000,0.00000,0.00000,0.00000,0.00000
-11.8860,-15.7170,0.00000,0.00000,0.00000,0.00000,0.00000,0.00000,0.00000
-11.8760,-15.7070,0.00000,0.00000,0.00000,0.00000,0.00000,0.00000,0.00000
-11.8660,-15.6970,0.00000,0.00000,0.00000,0.00000,0.00000,0.00000,0.00000
-11.8560,-15.6870,0.00000,0.00000,0.00000,0.00000,0.00000,0.00000,0.00000
-11.8460,-15.6770,0.00000,0.00000,0.00000,0.00000,0.00000,0.00000,0.00000
-11.8360,-15.6670,0.00000,0.00000,0.00000,0.00000,0.00000,0.00000,0.00000
-11.8260,-15.6570,0.00000,0.00000,0.00000,0.00000,0.00000,0.00000,0.00000
-11.8160,-15.6470,0.00000,0.00000,0.00000,0.00000,0.00000,0.00000,0.00000
-11.8060,-15.6370,0.00000,0.00000,0.00000,0.00000,0.00000,0.00000,0.00000
-11.7960,-15.6270,0.00000,0.00000,0.00000,0.00000,0.00000,0.00000,0.00000
-11.7860,-15.6170,0.00000,0.00000,0.00000,0.00000,0.00000,0.00000,0.00000
-11.7760,-15.6070,0.00000,0.00000,0.00000,0.00000,0.00000,0.00000,0.00000
-11.7660,-15.5970,0.00000,0.00000,0.00000,0.00000,0.00000,0.00000,0.00000
-11.7560,-15.5870,0.00000,0.00000,0.00000,0.00000,0.00000,0.00000,0.00000
-11.7460,-15.5770,0.00000,0.00000,0.00000,0.00000,0.00000,0.00000,0.00000
-11.7360,-15.5670,0.00009,0.00002,0.00003,0.00004,0.00001,0.00000,0.00000
-11.7260,-15.5570,11.00000,1.88846,3.78098,4.55845,0.69077,0.00175,0.00382
-11.7160,-15.5470,21.10000,3.66758,7.31262,8.82144,1.22530,0.00285,0.00612
-11.7060,-15.5370,22.40000,3.91300,7.80320,9.41021,1.17980,0.00244,0.00531
-11.6960,-15.5270,32.90000,5.74947,11.60415,13.89470,1.52540,0.00265,0.00638
-11.6860,-15.5170,47.40000,8.28601,16.80498,20.20310,1.89463,0.00248,0.00713
-11.6760,-15.5070,110.00000,19.26001,39.31040,47.31534,3.73991,0.00266,0.01226
-11.6660,-15.4970,0.00000,0.00000,0.00000,0.00000,0.00000,0.00000,0.00000
-11.6560,-15.4870,0.00000,0.00000,0.00000,0.00000,0.00000,0.00000,0.00000
-11.6460,-15.4770,0.00000,0.00000,0.00000,0.00000,0.00000,0.00000,0.00000
-11.6360,-15.4670,0.00000,0.00000,0.00000,0.00000,0.00000,0.00000,0.00000
-11.6260,-15.4570,3.93000,0.81458,0.02313,0.03713,3.04152,0.01054,0.00025
-11.6160,-15.4470,82.10000,16.97494,0.29022,0.44324,64.29993,0.11276,0.00278
-11.6060,-15.4370,0.00000,0.00000,0.00000,0.00000,0.00000,0.00000,0.00000
-11.5960,-15.4270,0.00000,0.00000,0.00000,0.00000,0.00000,0.00000,0.00000
-11.5860,-15.4170,0.00000,0.00000,0.00000,0.00000,0.00000,0.00000,0.00000
-11.5760,-15.4070,0.00000,0.00000,0.00000,0.00000,0.00000,0.00000,0.00000
-11.5660,-15.3970,0.00000,0.00000,0.00000,0.00000,0.00000,0.00000,0.00000
-11.5560,-15.3870,0.00000,0.00000,0.00000,0.00000,0.00000,0.00000,0.00000
-11.5460,-15.3770,956.00000,202.03086,6.69870,8.23907,738.50882,0.16679,0.00530
-11.5360,-15.3670,0.00000,0.00000,0.00000,0.00000,0.00000,0.00000,0.00000
-11.5260,-15.3570,0.00000,0.00000,0.00000,0.00000,0.00000,0.00000,0.00000
-11.5160,-15.3470,0.00000,0.00000,0.00000,0.00000,0.00000,0.00000,0.00000
-11.5060,-15.3370,0.00000,0.00000,0.00000,0.00000,0.00000,0.00000,0.00000
-11.4960,-15.3270,0.00000,0.00000,0.00000,0.00000,0.00000,0.00000,0.00000
-11.4860,-15.3170,0.00000,0.00000,0.00000,0.00000,0.00000,0.00000,0.00000
-11.4760,-15.3070,0.00000,0.00000,0.00000,0.00000,0.00000,0.00000,0.00000
-11.4660,-15.2970,0.00000,0.00000,0.00000,0.00000,0.00000,0.00000,0.00000
-11.4560,-15.2870,0.00000,0.00000,0.00000,0.00000,0.00000,0.00000,0.00000
-11.4460,-15.2770,0.00000,0.00000,0.00000,0.00000,0.00000,0.00000,0.00000
-11.4360,-15.2670,0.00000,0.00000,0.00000,0.00000,0.00000,0.00000,0.00000
-11.4260,-15.2570,0.00000,0.00000,0.00000,0.00000,0.00000,0.00000,0.00000
-11.4160,-15.2470,0.00000,0.00000,0.00000,0.00000,0.00000,0.00000,0.00000
-11.4060,-15.2370,179.00000,27.29907,0.00075,0.20366,142.76995,0.00004,9.00506
-11.3960,-15.2270,0.00000,0.00000,0.00000,0.00000,0.00000,0.00000,0.00000
-11.3860,-15.2170,0.00000,0.00000,0.00000,0.00000,0.00000,0.00000,0.00000
-11.3760,-15.2070,0.00000,0.00000,0.00000,0.00000,0.00000,0.00000,0.00000
-11.3660,-15.1970,105.00000,19.61199,0.86413,1.06198,83.61762,0.06932,0.00138
-11.3560,-15.1870,136.00000,24.97929,1.03517,1.27334,108.70410,0.04712,0.00075
-11.3460,-15.1770,0.00000,0.00000,0.00000,0.00000,0.00000,0.00000,0.00000
-11.3360,-15.1670,0.00000,0.00000,0.00000,0.00000,0.00000,0.00000,0.00000
-11.3260,-15.1570,132.00000,24.64113,0.25567,0.31783,106.95737,0.02129,0.00032
-11.3160,-15.1470,101.00000,18.22071,0.20279,0.27558,82.08148,0.01270,0.00119
-11.3060,-15.1370,294.00000,59.37066,2.00643,2.49288,229.10294,0.00425,0.02242
-11.2960,-15.1270,0.00000,0.00000,0.00000,0.00000,0.00000,0.00000,0.00000
-11.2860,-15.1170,0.00000,0.00000,0.00000,0.00000,0.00000,0.00000,0.00000
-11.2760,-15.1070,0.00000,0.00000,0.00000,0.00000,0.00000,0.00000,0.00000
-11.2660,-15.0970,0.00000,0.00000,0.00000,0.00000,0.00000,0.00000,0.00000
-11.2560,-15.0870,459.00000,75.16867,0.00321,0.26192,370.63132,0.00002,12.64599
-11.2460,-15.0770,0.00000,0.00000,0.00000,0.00000,0.00000,0.00000,0.00000
-11.2360,-15.0670,0.00000,0.00000,0.00000,0.00000,0.00000,0.00000,0.00000
-11.2260,-15.0570,95.70000,17.76253,0.11570,0.16445,77.57540,0.00016,0.00666
-11.2160,-15.0470,59.10000,10.56106,0.07733,0.11735,48.36809,0.00005,0.00434
-11.2060,-15.0370,0.00000,0.00000,0.00000,0.00000,0.00000,0.00000,0.00000
-11.1960,-15.0270,0.00000,0.00000,0.00000,0.00000,0.00000,0.00000,0.00000
-11.1860,-15.0170,0.00000,0.00000,0.00000,0.00000,0.00000,0.00000,0.00000
-11.1760,-15.0070,0.00000,0.00000,0.00000,0.00000,0.00000,0.00000,0.00000
-11.1660,-14.9970,0.00000,0.00000,0.00000,0.00000,0.00000,0.00000,0.00000
-11.1560,-14.9870,0.00000,0.00000,0.00000,0.00000,0.00000,0.00000,0.00000
-11.1460,-14.9770,0.00000,0.00000,0.00000,0.00000,0.00000,0.00000,0.00000
-11.1360,-14.9670,0.00000,0.00000,0.00000,0.00000,0.00000,0.00000,0.00000
-11.1260,-14.9570,0.00000,0.00000,0.00000,0.00000,0.00000,0.00000,0.00000
-11.1160,-14.9470,0.00000,0.00000,0.00000,0.00000,0.00000,0.00000,0.00000
-11.1060,-14.9370,0.00000,0.00000,0.00000,0.00000,0.00000,0.00000,0.00000
-11.0960,-14.9270,0.00000,0.00000,0.00000,0.00000,0.00000,0.00000,0.00000
-11.0860,-14.9170,0.00000,0.00000,0.00000,0.00000,0.00000,0.00000,0.00000
-11.0760,-14.9070,0.00000,0.00000,0.00000,0.00000,0.00000,0.00000,0.00000
-11.0660,-14.8970,0.00000,0.00000,0.00000,0.00000,0.00000,0.00000,0.00000
-11.0560,-14.8870,0.00000,0.00000,0.00000,0.00000,0.00000,0.00000,0.00000
-11.0460,-14.8770,0.00000,0.00000,0.00000,0.00000,0.00000,0.00000,0.00000
-11.0360,-14.8670,0.00000,0.00000,0.00000,0.00000,0.00000,0.00000,0.00000
-11.0260,-14.8570,0.00000,0.00000,0.00000,0.00000,0.00000,0.00000,0.00000
-11.0160,-14.8470,0.00000,0.00000,0.00000,0.00000,0.00000,0.00000,0.00000
-11.0060,-14.8370,0.00000,0.00000,0.00000,0.00000,0.00000,0.00000,0.00000
-10.9960,-14.8270,0.00000,0.00000,0.00000,0.00000,0.00000,0.00000,0.00000
-10.9860,-14.8170,0.00000,0.00000,0.00000,0.00000,0.00000,0.00000,0.00000
-10.9760,-14.8070,0.00000,0.00000,0.00000,0.00000,0.00000,0.00000,0.00000
-10.9660,-14.7970,0.00000,0.00000,0.00000,0.00000,0.00000,0.00000,0.00000
-10.9560,-14.7870,0.00000,0.00000,0.00000,0.00000,0.00000,0.00000,0.00000
-10.9460,-14.7770,0.00000,0.00000,0.00000,0.00000,0.00000,0.00000,0.00000
-10.9360,-14.7670,0.00000,0.00000,0.00000,0.00000,0.00000,0.00000,0.00000
-10.9260,-14.7570,0.00000,0.00000,0.00000,0.00000,0.00000,0.00000,0.00000
-10.9160,-14.7470,0.00000,0.00000,0.00000,0.00000,0.00000,0.00000,0.00000
-10.9060,-14.7370,0.00000,0.00000,0.00000,0.00000,0.00000,0.00000,0.00000
-10.8960,-14.7270,0.00000,0.00000,0.00000,0.00000,0.00000,0.00000,0.00000
-10.8860,-14.7170,0.00000,0.00000,0.00000,0.00000,0.00000,0.00000,0.00000
-10.8760,-14.7070,8.33000,1.39745,2.40652,3.77483,0.01666,0.69211,0.00381
-10.8660,-14.6970,32.70000,5.21045,9.50399,14.88811,0.18790,2.72220,0.01511
-10.8560,-14.6870,46.30000,6.96562,13.50905,21.23575,0.44863,3.86343,0.02177
-10.8460,-14.6770,95.10000,13.31783,27.89532,44.00542,1.43027,7.96867,0.04564
-10.8360,-14.6670,0.00000,0.00000,0.00000,0.00000,0.00000,0.00000,0.00000
-10.8260,-14.6570,0.00000,0.00000,0.00000,0.00000,0.00000,0.00000,0.00000
-10.8160,-14.6470,0.00000,0.00000,0.00000,0.00000,0.00000,0.00000,0.00000
-10.8060,-14.6370,0.00000,0.00000,0.00000,0.00000,0.00000,0.00000,0.00000
-10.7960,-14.6270,0.00000,0.00000,0.00000,0.00000,0.00000,0.00000,0.00000
-10.7860,-14.6170,0.00000,0.00000,0.00000,0.00000,0.00000,0.00000,0.00000
-10.7760,-14.6070,0.00000,0.00000,0.00000,0.00000,0.00000,0.00000,0.00000
-10.7660,-14.5970,0.00000,0.00000,0.00000,0.00000,0.00000,0.00000,0.00000
-10.7560,-14.5870,0.00000,0.00000,0.00000,0.00000,0.00000,0.00000,0.00000
-10.7460,-14.5770,0.00000,0.00000,0.00000,0.00000,0.00000,0.00000,0.00000
-10.7360,-14.5670,0.00000,0.00000,0.00000,0.00000,0.00000,0.00000,0.00000
-10.7260,-14.5570,0.00000,0.00000,0.00000,0.00000,0.00000,0.00000,0.00000
-10.7160,-14.5470,0.00000,0.00000,0.00000,0.00000,0.00000,0.00000,0.00000
-10.7060,-14.5370,0.00000,0.00000,0.00000,0.00000,0.00000,0.00000,0.00000
-10.6960,-14.5270,0.00000,0.00000,0.00000,0.00000,0.00000,0.00000,0.00000
-10.6860,-14.5170,0.00000,0.00000,0.00000,0.00000,0.00000,0.00000,0.00000
-10.6760,-14.5070,0.00000,0.00000,0.00000,0.00000,0.00000,0.00000,0.00000
-10.6660,-14.4970,0.00000,0.00000,0.00000,0.00000,0.00000,0.00000,0.00000
-10.6560,-14.4870,0.00000,0.00000,0.00000,0.00000,0.00000,0.00000,0.00000
-10.6460,-14.4770,0.00000,0.00000,0.00000,0.00000,0.00000,0.00000,0.00000
-10.6360,-14.4670,0.00000,0.00000,0.00000,0.00000,0.00000,0.00000,0.00000
-10.6260,-14.4570,0.00000,0.00000,0.00000,0.00000,0.00000,0.00000,0.00000
-10.6160,-14.4470,0.00000,0.00000,0.00000,0.00000,0.00000,0.00000,0.00000
-10.6060,-14.4370,0.00000,0.00000,0.00000,0.00000,0.00000,0.00000,0.00000
-10.5960,-14.4270,0.00000,0.00000,0.00000,0.00000,0.00000,0.00000,0.00000
-10.5860,-14.4170,0.00000,0.00000,0.00000,0.00000,0.00000,0.00000,0.00000
-10.5760,-14.4070,0.00000,0.00000,0.00000,0.00000,0.00000,0.00000,0.00000
-10.5660,-14.3970,0.00000,0.00000,0.00000,0.00000,0.00000,0.00000,0.00000
-10.5560,-14.3870,0.00000,0.00000,0.00000,0.00000,0.00000,0.00000,0.00000
-10.5460,-14.3770,0.00000,0.00000,0.00000,0.00000,0.00000,0.00000,0.00000
-10.5360,-14.3670,0.00000,0.00000,0.00000,0.00000,0.00000,0.00000,0.00000
-10.5260,-14.3570,0.00000,0.00000,0.00000,0.00000,0.00000,0.00000,0.00000
-10.5160,-14.3470,0.00000,0.00000,0.00000,0.00000,0.00000,0.00000,0.00000
-10.5060,-14.3370,0.00000,0.00000,0.00000,0.00000,0.00000,0.00000,0.00000
-10.4960,-14.3270,0.00000,0.00000,0.00000,0.00000,0.00000,0.00000,0.00000
-10.4860,-14.3170,0.00000,0.00000,0.00000,0.00000,0.00000,0.00000,0.00000
-10.4760,-14.3070,0.00000,0.00000,0.00000,0.00000,0.00000,0.00000,0.00000
-10.4660,-14.2970,0.00000,0.00000,0.00000,0.00000,0.00000,0.00000,0.00000
-10.4560,-14.2870,0.00000,0.00000,0.00000,0.00000,0.00000,0.00000,0.00000
-10.4460,-14.2770,0.00000,0.00000,0.00000,0.00000,0.00000,0.00000,0.00000
-10.4360,-14.2670,0.00000,0.00000,0.00000,0.00000,0.00000,0.00000,0.00000
-10.4260,-14.2570,0.00000,0.00000,0.00000,0.00000,0.00000,0.00000,0.00000
-10.4160,-14.2470,0.00000,0.00000,0.00000,0.00000,0.00000,0.00000,0.00000
-10.4060,-14.2370,0.00000,0.00000,0.00000,0.00000,0.00000,0.00000,0.00000
-10.3960,-14.2270,0.00000,0.00000,0.00000,0.00000,0.00000,0.00000,0.00000
-10.3860,-14.2170,0.00000,0.00000,0.00000,0.00000,0.00000,0.00000,0.00000
-10.3760,-14.2070,0.00000,0.00000,0.00000,0.00000,0.00000,0.00000,0.00000
-10.3660,-14.1970,0.00000,0.00000,0.00000,0.00000,0.00000,0.00000,0.00000
-10.3560,-14.1870,0.00000,0.00000,0.00000,0.00000,0.00000,0.00000,0.00000
-10.3460,-14.1770,0.00000,0.00000,0.00000,0.00000,0.00000,0.00000,0.00000
-10.3360,-14.1670,0.00000,0.00000,0.00000,0.00000,0.00000,0.00000,0.00000
-10.3260,-14.1570,0.00000,0.00000,0.00000,0.00000,0.00000,0.00000,0.00000
-10.3160,-14.1470,0.00000,0.00000,0.00000,0.00000,0.00000,0.00000,0.00000
-10.3060,-14.1370,0.00000,0.00000,0.00000,0.00000,0.00000,0.00000,0.00000
-10.2960,-14.1270,0.00000,0.00000,0.00000,0.00000,0.00000,0.00000,0.00000
-10.2860,-14.1170,0.00000,0.00000,0.00000,0.00000,0.00000,0.00000,0.00000
-10.2760,-14.1070,0.00000,0.00000,0.00000,0.00000,0.00000,0.00000,0.00000
-10.2660,-14.0970,0.00000,0.00000,0.00000,0.00000,0.00000,0.00000,0.00000
-10.2560,-14.0870,12.90000,1.99462,3.09527,6.48276,0.08685,1.14802,0.00004
-10.2460,-14.0770,27.90000,3.97794,6.81658,14.24647,0.21331,2.50539,0.00008
-10.2360,-14.0670,38.90000,5.06420,9.63939,20.13466,0.33118,3.50372,0.00009
-10.2260,-14.0570,30.90000,3.90441,7.70862,16.07257,0.23506,2.81570,0.00006
-10.2160,-14.0470,32.60000,4.00414,8.17465,17.04123,0.21401,3.00448,0.00005
-10.2060,-14.0370,40.80000,4.84383,10.30183,21.43010,0.23008,3.79741,0.00005
-10.1960,-14.0270,14.60000,1.64360,3.71187,7.72314,0.08250,1.37821,0.00001
-10.1860,-14.0170,0.00000,0.00000,0.00000,0.00000,0.00000,0.00000,0.00000
-10.1760,-14.0070,0.00000,0.00000,0.00000,0.00000,0.00000,0.00000,0.00000
-10.1660,-13.9970,0.00000,0.00000,0.00000,0.00000,0.00000,0.00000,0.00000
-10.1560,-13.9870,0.00000,0.00000,0.00000,0.00000,0.00000,0.00000,0.00000
-10.1460,-13.9770,0.00000,0.00000,0.00000,0.00000,0.00000,0.00000,0.00000
-10.1360,-13.9670,0.00000,0.00000,0.00000,0.00000,0.00000,0.00000,0.00000
-10.1260,-13.9570,0.00000,0.00000,0.00000,0.00000,0.00000,0.00000,0.00000
-10.1160,-13.9470,0.00000,0.00000,0.00000,0.00000,0.00000,0.00000,0.00000
-10.1060,-13.9370,0.00000,0.00000,0.00000,0.00000,0.00000,0.00000,0.00000
-10.0960,-13.9270,0.00000,0.00000,0.00000,0.00000,0.00000,0.00000,0.00000
-10.0860,-13.9170,0.00000,0.00000,0.00000,0.00000,0.00000,0.00000,0.00000
-10.0760,-13.9070,0.00000,0.00000,0.00000,0.00000,0.00000,0.00000,0.00000
-10.0660,-13.8970,0.00000,0.00000,0.00000,0.00000,0.00000,0.00000,0.00000
-10.0560,-13.8870,0.00000,0.00000,0.00000,0.00000,0.00000,0.00000,0.00000
-10.0460,-13.8770,0.00000,0.00000,0.00000,0.00000,0.00000,0.00000,0.00000
-10.0360,-13.8670,0.00000,0.00000,0.00000,0.00000,0.00000,0.00000,0.00000
-10.0260,-13.8570,0.00000,0.00000,0.00000,0.00000,0.00000,0.00000,0.00000
-10.0160,-13.8470,0.00000,0.00000,0.00000,0.00000,0.00000,0.00000,0.00000
-10.0060,-13.8370,0.00000,0.00000,0.00000,0.00000,0.00000,0.00000,0.00000
-9.9960,-13.8270,0.00000,0.00000,0.00000,0.00000,0.00000,0.00000,0.00000
-9.9860,-13.8170,0.00000,0.00000,0.00000,0.00000,0.00000,0.00000,0.00000
-9.9760,-13.8070,0.00000,0.00000,0.00000,0.00000,0.00000,0.00000,0.00000
-9.9660,-13.7970,0.00000,0.00000,0.00000,0.00000,0.00000,0.00000,0.00000
-9.9560,-13.7870,0.00000,0.00000,0.00000,0.00000,0.00000,0.00000,0.00000
-9.9460,-13.7770,0.00000,0.00000,0.00000,0.00000,0.00000,0.00000,0.00000
-9.9360,-13.7670,0.00000,0.00000,0.00000,0.00000,0.00000,0.00000,0.00000
-9.9260,-13.7570,0.00000,0.00000,0.00000,0.00000,0.00000,0.00000,0.00000
-9.9160,-13.7470,0.00000,0.00000,0.00000,0.00000,0.00000,0.00000,0.00000
-9.9060,-13.7370,0.00000,0.00000,0.00000,0.00000,0.00000,0.00000,0.00000
-9.8960,-13.7270,0.00000,0.00000,0.00000,0.00000,0.00000,0.00000,0.00000
-9.8860,-13.7170,0.00000,0.00000,0.00000,0.00000,0.00000,0.00000,0.00000
-9.8760,-13.7070,0.00000,0.00000,0.00000,0.00000,0.00000,0.00000,0.00000
-9.8660,-13.6970,0.00000,0.00000,0.00000,0.00000,0.00000,0.00000,0.00000
-9.8560,-13.6870,0.00000,0.00000,0.00000,0.00000,0.00000,0.00000,0.00000
-9.8460,-13.6770,0.00000,0.00000,0.00000,0.00000,0.00000,0.00000,0.00000
-9.8360,-13.6670,0.00000,0.00000,0.00000,0.00000,0.00000,0.00000,0.00000
-9.8260,-13.6570,0.00000,0.00000,0.00000,0.00000,0.00000,0.00000,0.00000
-9.8160,-13.6470,0.00000,0.00000,0.00000,0.00000,0.00000,0.00000,0.00000
-9.8060,-13.6370,0.00000,0.00000,0.00000,0.00000,0.00000,0.00000,0.00000
-9.7960,-13.6270,0.00000,0.00000,0.00000,0.00000,0.00000,0.00000,0.00000
-9.7860,-13.6170,0.00000,0.00000,0.00000,0.00000,0.00000,0.00000,0.00000
-9.7760,-13.6070,0.00000,0.00000,0.00000,0.00000,0.00000,0.00000,0.00000
-9.7660,-13.5970,0.00000,0.00000,0.00000,0.00000,0.00000,0.00000,0.00000
-9.7560,-13.5870,0.00000,0.00000,0.00000,0.00000,0.00000,0.00000,0.00000
-9.7460,-13.5770,0.00000,0.00000,0.00000,0.00000,0.00000,0.00000,0.00000
-9.7360,-13.5670,0.00000,0.00000,0.00000,0.00000,0.00000,0.00000,0.00000
-9.7260,-13.5570,0.00000,0.00000,0.00000,0.00000,0.00000,0.00000,0.00000
-9.7160,-13.5470,0.00000,0.00000,0.00000,0.00000,0.00000,0.00000,0.00000
-9.7060,-13.5370,0.00000,0.00000,0.00000,0.00000,0.00000,0.00000,0.00000
-9.6960,-13.5270,0.00000,0.00000,0.00000,0.00000,0.00000,0.00000,0.00000
-9.6860,-13.5170,0.00000,0.00000,0.00000,0.00000,0.00000,0.00000,0.00000
-9.6760,-13.5070,0.00000,0.00000,0.00000,0.00000,0.00000,0.00000,0.00000
-9.6660,-13.4970,0.00000,0.00000,0.00000,0.00000,0.00000,0.00000,0.00000
-9.6560,-13.4870,0.00000,0.00000,0.00000,0.00000,0.00000,0.00000,0.00000
-9.6460,-13.4770,0.00000,0.00000,0.00000,0.00000,0.00000,0.00000,0.00000
-9.6360,-13.4670,0.00000,0.00000,0.00000,0.00000,0.00000,0.00000,0.00000
-9.6260,-13.4570,0.00000,0.00000,0.00000,0.00000,0.00000,0.00000,0.00000
-9.6160,-13.4470,0.00000,0.00000,0.00000,0.00000,0.00000,0.00000,0.00000
-9.6060,-13.4370,0.00000,0.00000,0.00000,0.00000,0.00000,0.00000,0.00000
-9.5960,-13.4270,0.00000,0.00000,0.00000,0.00000,0.00000,0.00000,0.00000
-9.5860,-13.4170,0.00000,0.00000,0.00000,0.00000,0.00000,0.00000,0.00000
-9.5760,-13.4070,0.00000,0.00000,0.00000,0.00000,0.00000,0.00000,0.00000
-9.5660,-13.3970,0.00000,0.00000,0.00000,0.00000,0.00000,0.00000,0.00000
-9.5560,-13.3870,0.00000,0.00000,0.00000,0.00000,0.00000,0.00000,0.00000
-9.5460,-13.3770,0.00000,0.00000,0.00000,0.00000,0.00000,0.00000,0.00000
-9.5360,-13.3670,0.00000,0.00000,0.00000,0.00000,0.00000,0.00000,0.00000
-9.5260,-13.3570,0.00000,0.00000,0.00000,0.00000,0.00000,0.00000,0.00000
-9.5160,-13.3470,0.00000,0.00000,0.00000,0.00000,0.00000,0.00000,0.00000
-9.5060,-13.3370,0.00000,0.00000,0.00000,0.00000,0.00000,0.00000,0.00000
-9.4960,-13.3270,0.00000,0.00000,0.00000,0.00000,0.00000,0.00000,0.00000
-9.4860,-13.3170,0.00000,0.00000,0.00000,0.00000,0.00000,0.00000,0.00000
-9.4760,-13.3070,0.00000,0.00000,0.00000,0.00000,0.00000,0.00000,0.00000
-9.4660,-13.2970,0.00000,0.00000,0.00000,0.00000,0.00000,0.00000,0.00000
-9.4560,-13.2870,0.00000,0.00000,0.00000,0.00000,0.00000,0.00000,0.00000
-9.4460,-13.2770,0.00000,0.00000,0.00000,0.00000,0.00000,0.00000,0.00000
-9.4360,-13.2670,0.00000,0.00000,0.00000,0.00000,0.00000,0.00000,0.00000
-9.4260,-13.2570,0.00000,0.00000,0.00000,0.00000,0.00000,0.00000,0.00000
-9.4160,-13.2470,0.00000,0.00000,0.00000,0.00000,0.00000,0.00000,0.00000
-9.4060,-13.2370,0.00000,0.00000,0.00000,0.00000,0.00000,0.00000,0.00000
-9.3960,-13.2270,0.00000,0.00000,0.00000,0.00000,0.00000,0.00000,0.00000
-9.3860,-13.2170,0.00000,0.00000,0.00000,0.00000,0.00000,0.00000,0.00000
-9.3760,-13.2070,0.00000,0.00000,0.00000,0.00000,0.00000,0.00000,0.00000
-9.3660,-13.1970,0.00000,0.00000,0.00000,0.00000,0.00000,0.00000,0.00000
-9.3560,-13.1870,0.00000,0.00000,0.00000,0.00000,0.00000,0.00000,0.00000
-9.3460,-13.1770,0.00000,0.00000,0.00000,0.00000,0.00000,0.00000,0.00000
-9.3360,-13.1670,0.00000,0.00000,0.00000,0.00000,0.00000,0.00000,0.00000
-9.3260,-13.1570,0.00000,0.00000,0.00000,0.00000,0.00000,0.00000,0.00000
-9.3160,-13.1470,0.00000,0.00000,0.00000,0.00000,0.00000,0.00000,0.00000
-9.3060,-13.1370,0.00000,0.00000,0.00000,0.00000,0.00000,0.00000,0.00000
-9.2960,-13.1270,0.00000,0.00000,0.00000,0.00000,0.00000,0.00000,0.00000
-9.2860,-13.1170,0.00000,0.00000,0.00000,0.00000,0.00000,0.00000,0.00000
-9.2760,-13.1070,0.00000,0.00000,0.00000,0.00000,0.00000,0.00000,0.00000
-9.2660,-13.0970,0.00000,0.00000,0.00000,0.00000,0.00000,0.00000,0.00000
-9.2560,-13.0870,0.00000,0.00000,0.00000,0.00000,0.00000,0.00000,0.00000
-9.2460,-13.0770,0.00000,0.00000,0.00000,0.00000,0.00000,0.00000,0.00000
-9.2360,-13.0670,0.00000,0.00000,0.00000,0.00000,0.00000,0.00000,0.00000
-9.2260,-13.0570,0.00000,0.00000,0.00000,0.00000,0.00000,0.00000,0.00000
-9.2160,-13.0470,0.00000,0.00000,0.00000,0.00000,0.00000,0.00000,0.00000
-9.2060,-13.0370,0.00000,0.00000,0.00000,0.00000,0.00000,0.00000,0.00000
-9.1960,-13.0270,0.00000,0.00000,0.00000,0.00000,0.00000,0.00000,0.00000
-9.1860,-13.0170,0.00000,0.00000,0.00000,0.00000,0.00000,0.00000,0.00000
-9.1760,-13.0070,0.00000,0.00000,0.00000,0.00000,0.00000,0.00000,0.00000
-9.1660,-12.9970,0.00000,0.00000,0.00000,0.00000,0.00000,0.00000,0.00000
-9.1560,-12.9870,0.00000,0.00000,0.00000,0.00000,0.00000,0.00000,0.00000
-9.1460,-12.9770,0.00000,0.00000,0.00000,0.00000,0.00000,0.00000,0.00000
-9.1360,-12.9670,0.00000,0.00000,0.00000,0.00000,0.00000,0.00000,0.00000
-9.1260,-12.9570,0.00000,0.00000,0.00000,0.00000,0.00000,0.00000,0.00000
-9.1160,-12.9470,0.00000,0.00000,0.00000,0.00000,0.00000,0.00000,0.00000
-9.1060,-12.9370,0.00000,0.00000,0.00000,0.00000,0.00000,0.00000,0.00000
-9.0960,-12.9270,0.25100,0.04353,0.03972,0.16438,0.00086,0.00134,0.00002
-9.0860,-12.9170,19.20000,3.17015,3.06628,12.66889,0.07397,0.10577,0.00118
-9.0760,-12.9070,17.10000,2.76694,2.75999,11.38225,0.06105,0.09602,0.00103
-9.0660,-12.8970,15.40000,2.42931,2.48722,10.28717,0.05036,0.08750,0.00090
-9.0560,-12.8870,14.00000,2.15340,2.27892,9.39281,0.04169,0.08050,0.00080
-9.0460,-12.8770,12.90000,1.93628,2.11403,8.69764,0.03477,0.07516,0.00071
-9.0360,-12.8670,12.20000,1.77566,1.99249,8.23335,0.02925,0.07150,0.00065
-9.0260,-12.8570,11.60000,1.65033,1.91420,7.89110,0.02457,0.06881,0.00059
-9.0160,-12.8470,11.10000,1.52947,1.83288,7.56987,0.02065,0.06599,0.00053
-9.0060,-12.8370,11.30000,1.51431,1.87951,7.73280,0.01823,0.06673,0.00049
-8.9960,-12.8270,11.80000,1.54280,1.97828,8.14140,0.01629,0.06942,0.00046
-8.9860,-12.8170,12.60000,1.59415,2.10827,8.71904,0.01438,0.07349,0.00044
-8.9760,-12.8070,13.60000,1.66833,2.28914,9.45349,0.01235,0.07868,0.00041
-8.9660,-12.7970,14.80000,1.76336,2.51048,10.34593,0.01005,0.08501,0.00037
-8.9560,-12.7870,16.20000,1.87615,2.76193,11.41572,0.00729,0.09252,0.00033
-8.9460,-12.7770,19.10000,2.20163,3.21962,13.42625,0.00829,0.10275,0.00028
-8.9360,-12.7670,22.80000,4.27610,3.16794,15.17946,0.08517,0.02035,-0.00025
-8.9260,-12.7570,28.40000,5.17960,4.06121,18.86033,0.09578,0.03025,0.00290
-8.9160,-12.7470,41.70000,6.85040,6.50225,27.91266,0.12092,0.08020,0.02161
-8.9060,-12.7370,38.00000,6.16637,5.90949,25.52501,0.09877,0.07278,0.01968
-8.8960,-12.7270,32.70000,5.20016,5.12439,22.06144,0.07756,0.06277,0.01710
-8.8860,-12.7170,28.50000,4.44369,4.48971,19.32427,0.06139,0.05465,0.01502
-8.8760,-12.7070,25.40000,3.86819,4.00683,17.26116,0.04923,0.04866,0.01342
-8.8660,-12.6970,16.70000,2.57026,2.58397,11.36923,0.02965,0.02676,0.00749
-8.8560,-12.6870,20.50000,2.97333,3.29170,14.10955,0.03077,0.04052,0.01090
-8.8460,-12.6770,20.00000,2.78751,3.24199,13.81190,0.02605,0.04176,0.01034
-8.8360,-12.6670,20.90000,2.80804,3.41441,14.47791,0.02410,0.04498,0.00985
-8.8260,-12.6570,20.70000,2.67243,3.41992,14.40667,0.02104,0.04707,0.00868
-8.8160,-12.6470,19.80000,2.43362,3.31224,13.84936,0.01741,0.04766,0.00745
-8.8060,-12.6370,18.70000,2.19150,3.17256,13.19375,0.01418,0.04700,0.00639
-8.7960,-12.6270,17.80000,1.97405,3.03712,12.61575,0.01158,0.04510,0.00563
-8.7860,-12.6170,7.54000,0.91026,1.20878,5.36876,0.00397,0.01099,0.00209
-8.7760,-12.6070,4.61000,0.56363,0.71583,3.30240,0.00161,0.00403,0.00136
-8.7660,-12.5970,1.60000,0.19668,0.24239,1.15474,0.00028,0.00058,0.00050
-8.7560,-12.5870,17.90000,2.12990,2.86175,12.77134,0.00974,0.04830,0.02859
-8.7460,-12.5770,98.50000,11.18866,15.61052,71.02643,0.06047,0.09374,0.04831
-8.7360,-12.5670,61.00000,6.80099,9.62193,44.09217,0.05154,0.07513,0.02942
-8.7260,-12.5570,97.60000,10.46023,15.51855,70.80519,0.10935,0.19424,0.05844
-8.7160,-12.5470,59.00000,6.03038,9.49927,43.00395,0.04408,0.11208,0.03850
-8.7060,-12.5370,47.00000,4.72285,7.59200,34.32706,0.02919,0.07411,0.02420
-8.6960,-12.5270,41.20000,4.25084,6.64961,30.03277,0.01871,0.01063,0.00517
-8.6860,-12.5170,0.00004,0.00000,0.00001,0.00003,0.00000,-0.00000,0.00000
-8.6760,-12.5070,0.00000,0.00000,0.00000,0.00000,0.00000,0.00000,0.00000
-8.6660,-12.4970,0.00000,0.00000,0.00000,0.00000,0.00000,0.00000,0.00000
-8.6560,-12.4870,0.00000,0.00000,0.00000,0.00000,0.00000,0.00000,0.00000
-8.6460,-12.4770,0.00000,0.00000,0.00000,0.00000,0.00000,0.00000,0.00000
-8.6360,-12.4670,0.00000,0.00000,0.00000,0.00000,0.00000,0.00000,0.00000
-8.6260,-12.4570,3.60000,0.40812,0.60842,2.53966,0.01017,0.00068,0.01093
-8.6160,-12.4470,8.79000,0.94339,1.49726,6.23969,0.02359,0.00129,0.02658
-8.6060,-12.4370,13.20000,1.33839,2.28100,9.46017,0.03337,0.00137,0.03988
-8.5960,-12.4270,29.30000,2.82478,5.09513,21.12549,0.06266,0.00172,0.08770
-8.5860,-12.4170,65.70000,6.15005,11.45349,47.39177,0.10509,0.00224,0.18780
-8.5760,-12.4070,143.00000,13.05571,25.17156,103.38692,0.17096,0.00287,0.39101
-8.5660,-12.3970,0.00000,0.00000,0.00000,0.00000,0.00000,0.00000,0.00000
-8.5560,-12.3870,0.00000,0.00000,0.00000,0.00000,0.00000,0.00000,0.00000
-8.5460,-12.3770,0.00000,0.00000,0.00000,0.00000,0.00000,0.00000,0.00000
-8.5360,-12.3670,0.00000,0.00000,0.00000,0.00000,0.00000,0.00000,0.00000
-8.5260,-12.3570,0.00000,0.00000,0.00000,0.00000,0.00000,0.00000,0.00000
-8.5160,-12.3470,0.00000,0.00000,0.00000,0.00000,0.00000,0.00000,0.00000
-8.5060,-12.3370,0.00000,0.00000,0.00000,0.00000,0.00000,0.00000,0.00000
-8.4960,-12.3270,0.00000,0.00000,0.00000,0.00000,0.00000,0.00000,0.00000
-8.4860,-12.3170,0.00000,0.00000,0.00000,0.00000,0.00000,0.00000,0.00000
-8.4760,-12.3070,0.00000,0.00000,0.00000,0.00000,0.00000,0.00000,0.00000
-8.4660,-12.2970,0.00000,0.00000,0.00000,0.00000,0.00000,0.00000,0.00000
-8.4560,-12.2870,0.00000,0.00000,0.00000,0.00000,0.00000,0.00000,0.00000
-8.4460,-12.2770,0.00000,0.00000,0.00000,0.00000,0.00000,0.00000,0.00000
-8.4360,-12.2670,0.00000,0.00000,0.00000,0.00000,0.00000,0.00000,0.00000
-8.4260,-12.2570,0.00000,0.00000,0.00000,0.00000,0.00000,0.00000,0.00000
-8.4160,-12.2470,0.00000,0.00000,0.00000,0.00000,0.00000,0.00000,0.00000
-8.4060,-12.2370,0.00000,0.00000,0.00000,0.00000,0.00000,0.00000,0.00000
-8.3960,-12.2270,0.00000,0.00000,0.00000,0.00000,0.00000,0.00000,0.00000
-8.3860,-12.2170,0.00000,0.00000,0.00000,0.00000,0.00000,0.00000,0.00000
-8.3760,-12.2070,0.00000,0.00000,0.00000,0.00000,0.00000,0.00000,0.00000
-8.3660,-12.1970,0.00000,0.00000,0.00000,0.00000,0.00000,0.00000,0.00000
-8.3560,-12.1870,0.00000,0.00000,0.00000,0.00000,0.00000,0.00000,0.00000
-8.3460,-12.1770,0.00000,0.00000,0.00000,0.00000,0.00000,0.00000,0.00000
-8.3360,-12.1670,0.00000,0.00000,0.00000,0.00000,0.00000,0.00000,0.00000
-8.3260,-12.1570,0.00000,0.00000,0.00000,0.00000,0.00000,0.00000,0.00000
-8.3160,-12.1470,0.00000,0.00000,0.00000,0.00000,0.00000,0.00000,0.00000
-8.3060,-12.1370,0.00000,0.00000,0.00000,0.00000,0.00000,0.00000,0.00000
-8.2960,-12.1270,0.00000,0.00000,0.00000,0.00000,0.00000,0.00000,0.00000
-8.2860,-12.1170,0.00000,0.00000,0.00000,0.00000,0.00000,0.00000,0.00000
-8.2760,-12.1070,0.00000,0.00000,0.00000,0.00000,0.00000,0.00000,0.00000
-8.2660,-12.0970,0.00000,0.00000,0.00000,0.00000,0.00000,0.00000,0.00000
-8.2560,-12.0870,0.00000,0.00000,0.00000,0.00000,0.00000,0.00000,0.00000
-8.2460,-12.0770,0.00000,0.00000,0.00000,0.00000,0.00000,0.00000,0.00000
-8.2360,-12.0670,0.00000,0.00000,0.00000,0.00000,0.00000,0.00000,0.00000
-8.2260,-12.0570,0.00000,0.00000,0.00000,0.00000,0.00000,0.00000,0.00000
-8.2160,-12.0470,0.00000,0.00000,0.00000,0.00000,0.00000,0.00000,0.00000
-8.2060,-12.0370,0.00000,0.00000,0.00000,0.00000,0.00000,0.00000,0.00000
-8.1960,-12.0270,0.00000,0.00000,0.00000,0.00000,0.00000,0.00000,0.00000
-8.1860,-12.0170,0.00000,0.00000,0.00000,0.00000,0.00000,0.00000,0.00000
-8.1760,-12.0070,0.00000,0.00000,0.00000,0.00000,0.00000,0.00000,0.00000
-8.1660,-11.9970,0.00000,0.00000,0.00000,0.00000,0.00000,0.00000,0.00000
-8.1560,-11.9870,0.00000,0.00000,0.00000,0.00000,0.00000,0.00000,0.00000
-8.1460,-11.9770,0.00000,0.00000,0.00000,0.00000,0.00000,0.00000,0.00000
-8.1360,-11.9670,0.00000,0.00000,0.00000,0.00000,0.00000,0.00000,0.00000
-8.1260,-11.9570,0.00000,0.00000,0.00000,0.00000,0.00000,0.00000,0.00000
-8.1160,-11.9470,0.00000,0.00000,0.00000,0.00000,0.00000,0.00000,0.00000
-8.1060,-11.9370,0.00000,0.00000,0.00000,0.00000,0.00000,0.00000,0.00000
-8.0960,-11.9270,0.00000,0.00000,0.00000,0.00000,0.00000,0.00000,0.00000
-8.0860,-11.9170,0.00000,0.00000,0.00000,0.00000,0.00000,0.00000,0.00000
-8.0760,-11.9070,0.00000,0.00000,0.00000,0.00000,0.00000,0.00000,0.00000
-8.0660,-11.8970,0.00000,0.00000,0.00000,0.00000,0.00000,0.00000,0.00000
-8.0560,-11.8870,0.00000,0.00000,0.00000,0.00000,0.00000,0.00000,0.00000
-8.0460,-11.8770,0.00000,0.00000,0.00000,0.00000,0.00000,0.00000,0.00000
-8.0360,-11.8670,0.00000,0.00000,0.00000,0.00000,0.00000,0.00000,0.00000
-8.0260,-11.8570,0.00000,0.00000,0.00000,0.00000,0.00000,0.00000,0.00000
-8.0160,-11.8470,0.00000,0.00000,0.00000,0.00000,0.00000,0.00000,0.00000
-8.0060,-11.8370,0.00000,0.00000,0.00000,0.00000,0.00000,0.00000,0.00000
-7.9960,-11.8270,0.00000,0.00000,0.00000,0.00000,0.00000,0.00000,0.00000
-7.9860,-11.8170,0.00000,0.00000,0.00000,0.00000,0.00000,0.00000,0.00000
-7.9760,-11.8070,0.00000,0.00000,0.00000,0.00000,0.00000,0.00000,0.00000
-7.9660,-11.7970,0.00000,0.00000,0.00000,0.00000,0.00000,0.00000,0.00000
-7.9560,-11.7870,0.00000,0.00000,0.00000,0.00000,0.00000,0.00000,0.00000
-7.9460,-11.7770,0.00000,0.00000,0.00000,0.00000,0.00000,0.00000,0.00000
-7.9360,-11.7670,0.00000,0.00000,0.00000,0.00000,0.00000,0.00000,0.00000
-7.9260,-11.7570,0.00000,0.00000,0.00000,0.00000,0.00000,0.00000,0.00000
-7.9160,-11.7470,0.00000,0.00000,0.00000,0.00000,0.00000,0.00000,0.00000
-7.9060,-11.7370,0.00000,0.00000,0.00000,0.00000,0.00000,0.00000,0.00000
-7.8960,-11.7270,0.00000,0.00000,0.00000,0.00000,0.00000,0.00000,0.00000
-7.8860,-11.7170,0.00000,0.00000,0.00000,0.00000,0.00000,0.00000,0.00000
-7.8760,-11.7070,0.00000,0.00000,0.00000,0.00000,0.00000,0.00000,0.00000
-7.8660,-11.6970,0.00000,0.00000,0.00000,0.00000,0.00000,0.00000,0.00000
-7.8560,-11.6870,0.00000,0.00000,0.00000,0.00000,0.00000,0.00000,0.00000
-7.8460,-11.6770,0.00000,0.00000,0.00000,0.00000,0.00000,0.00000,0.00000
-7.8360,-11.6670,0.00000,0.00000,0.00000,0.00000,0.00000,0.00000,0.00000
-7.8260,-11.6570,0.00000,0.00000,0.00000,0.00000,0.00000,0.00000,0.00000
-7.8160,-11.6470,0.00000,0.00000,0.00000,0.00000,0.00000,0.00000,0.00000
-7.8060,-11.6370,0.00000,0.00000,0.00000,0.00000,0.00000,0.00000,0.00000
-7.7960,-11.6270,0.00000,0.00000,0.00000,0.00000,0.00000,0.00000,0.00000
-7.7860,-11.6170,0.00000,0.00000,0.00000,0.00000,0.00000,0.00000,0.00000
-7.7760,-11.6070,0.00000,0.00000,0.00000,0.00000,0.00000,0.00000,0.00000
-7.7660,-11.5970,0.00000,0.00000,0.00000,0.00000,0.00000,0.00000,0.00000
-7.7560,-11.5870,0.00000,0.00000,0.00000,0.00000,0.00000,0.00000,0.00000
-7.7460,-11.5770,0.00000,0.00000,0.00000,0.00000,0.00000,0.00000,0.00000
-7.7360,-11.5670,0.00000,0.00000,0.00000,0.00000,0.00000,0.00000,0.00000
-7.7260,-11.5570,0.00000,0.00000,0.00000,0.00000,0.00000,0.00000,0.00000
-7.7160,-11.5470,0.00000,0.00000,0.00000,0.00000,0.00000,0.00000,0.00000
-7.7060,-11.5370,0.00000,0.00000,0.00000,0.00000,0.00000,0.00000,0.00000
-7.6960,-11.5270,0.00000,0.00000,0.00000,0.00000,0.00000,0.00000,0.00000
-7.6860,-11.5170,0.00002,0.00001,0.00000,0.00001,0.00000,0.00000,0.00000
-7.6760,-11.5070,0.68900,0.20213,0.00055,0.43853,0.00410,0.00014,0.04316
-7.6660,-11.4970,4.48000,1.31528,0.00339,2.85080,0.02496,0.00085,0.28179
-7.6560,-11.4870,7.60000,2.23347,0.00544,4.84735,0.03926,0.00133,0.47769
-7.6460,-11.4770,10.00000,2.94286,0.00676,6.38639,0.04765,0.00161,0.62983
-7.6360,-11.4670,9.50000,2.78507,0.00618,6.06257,0.04278,0.00140,0.60196
-7.6260,-11.4570,9.58000,2.80240,0.00586,6.11973,0.03980,0.00131,0.60593
-7.6160,-11.4470,9.06000,2.65523,0.00504,5.79189,0.03321,0.00116,0.56726
-7.6060,-11.4370,10.20000,2.99201,0.00524,6.54363,0.03337,0.00124,0.63647
-7.5960,-11.4270,11.50000,3.36179,0.00539,7.36983,0.03296,0.00131,0.71031
-7.5860,-11.4170,13.20000,3.86075,0.00564,8.48402,0.03264,0.00141,0.81082
-7.5760,-11.4070,14.60000,4.24481,0.00571,9.36728,0.03168,0.00143,0.89340
-7.5660,-11.3970,13.80000,3.98951,0.00516,8.87839,0.02905,0.00121,0.85613
-7.5560,-11.3870,13.50000,3.89968,0.00478,8.74000,0.02679,0.00104,0.85320
-7.5460,-11.3770,14.20000,4.07369,0.00465,9.19493,0.02574,0.00092,0.90303
-7.5360,-11.3670,16.00000,4.57694,0.00488,10.38809,0.02609,0.00081,1.02476
-7.5260,-11.3570,17.80000,5.04261,0.00479,11.52424,0.02646,0.00073,1.14174
-7.5160,-11.3470,13.80000,3.91535,0.00274,8.96357,0.01804,0.00049,0.89735
-7.5060,-11.3370,9.81000,2.79936,0.00103,6.34802,0.00791,0.00017,0.64828
-7.4960,-11.3270,0.02120,0.00609,0.00000,0.01370,0.00000,0.00000,0.00142
-7.4860,-11.3170,3.64000,1.01394,0.00326,2.37082,0.01715,0.00040,0.23173
-7.4760,-11.3070,10.70000,2.97367,0.00921,6.98123,0.04311,0.00114,0.67566
-7.4660,-11.2970,26.90000,7.50555,0.01639,17.64881,0.06621,0.00199,1.65300
-7.4560,-11.2870,32.70000,9.07760,0.01671,21.52928,0.06535,0.00200,1.99750
-7.4460,-11.2770,36.70000,10.01787,0.01763,24.37986,0.05629,0.00212,2.23510
-7.4360,-11.2670,43.80000,11.73314,0.01893,29.29216,0.04938,0.00221,2.64030
-7.4260,-11.2570,30.70000,8.22373,0.01182,20.59722,0.02771,0.00101,1.86210
-7.4160,-11.2470,0.01560,0.00411,0.00000,0.01053,0.00000,0.00000,0.00097
-7.4060,-11.2370,0.00000,0.00000,0.00000,0.00000,0.00000,0.00000,0.00000
-7.3960,-11.2270,0.00000,0.00000,0.00000,0.00000,0.00000,0.00000,0.00000
-7.3860,-11.2170,0.00000,0.00000,0.00000,0.00000,0.00000,0.00000,0.00000
-7.3760,-11.2070,12.90000,3.31357,0.00479,8.72827,0.01712,0.00056,0.80880
-7.3660,-11.1970,57.00000,13.96043,0.02510,39.25757,0.08828,0.00192,3.61364
-7.3560,-11.1870,64.00000,15.66173,0.03069,44.02774,0.09392,0.00270,4.05862
-7.3460,-11.1770,38.30000,9.65867,0.02285,26.09533,0.07037,0.00161,2.41500
-7.3360,-11.1670,5.45000,1.39379,0.00339,3.70800,0.01048,0.00016,0.33242
-7.3260,-11.1570,0.00000,0.00000,0.00000,0.00000,0.00000,0.00000,0.00000
-7.3160,-11.1470,7.33000,1.84628,0.00502,5.00651,0.02176,0.00023,0.44658
-7.3060,-11.1370,16.70000,4.08770,0.01074,11.45092,0.03245,0.00148,1.15610
-7.2960,-11.1270,55.50000,13.50277,0.02862,37.68398,0.06978,0.00688,4.19710
-7.2860,-11.1170,81.80000,19.61177,0.04184,55.41861,0.09579,0.00828,6.53700
-7.2760,-11.1070,19.30000,4.55704,0.00921,13.25532,0.02542,0.00169,1.47818
-7.2660,-11.0970,0.05490,0.01270,0.00002,0.03801,0.00006,0.00000,0.00408
-7.2560,-11.0870,0.00000,0.00000,0.00000,0.00000,0.00000,0.00000,0.00000
-7.2460,-11.0770,93.80000,21.73568,0.02664,65.24899,0.10780,0.00647,6.65900
-7.2360,-11.0670,38.60000,8.73825,0.01002,26.92448,0.04876,0.00280,2.83462
-7.2260,-11.0570,33.10000,7.34479,0.00731,23.24704,0.04872,0.00210,2.46662
-7.2160,-11.0470,18.70000,4.05279,0.00308,13.15294,0.03453,0.00110,1.40112
-7.2060,-11.0370,11.10000,2.59386,0.00394,7.68193,0.01091,0.00025,0.81320
-7.1960,-11.0270,24.50000,5.64141,0.01213,17.01935,0.02186,0.00093,1.80306
-7.1860,-11.0170,33.20000,7.52896,0.01770,23.10767,0.02872,0.00168,2.43481
-7.1760,-11.0070,41.10000,9.29316,0.01296,28.76527,0.04256,0.00189,2.98968
-7.1660,-10.9970,44.60000,9.96616,0.01289,31.22577,0.05467,0.00238,3.29327
-7.1560,-10.9870,55.70000,12.35031,0.01844,39.21592,0.05693,0.00368,4.00700
-7.1460,-10.9770,80.20000,17.31875,0.05517,56.93808,0.06025,0.00828,5.77440
-7.1360,-10.9670,43.80000,9.39749,0.02170,31.21383,0.02968,0.00471,3.03900
-7.1260,-10.9570,22.70000,4.80056,0.01353,16.20730,0.01794,0.00311,1.61239
-7.1160,-10.9470,20.70000,4.37353,0.01035,14.83340,0.01613,0.00310,1.46586
-7.1060,-10.9370,21.10000,4.42249,0.00880,15.09699,0.01733,0.00324,1.55579
-7.0960,-10.9270,22.90000,4.64221,0.01221,16.10387,0.04543,0.00180,2.07293
-7.0860,-10.9170,72.20000,14.22466,0.04915,51.24719,0.17438,0.00173,6.37628
-7.0760,-10.9070,49.30000,9.64141,0.02933,35.22890,0.09968,0.00122,4.27557
-7.0660,-10.8970,45.20000,8.81517,0.01663,32.72787,0.05367,0.00240,3.54226
-7.0560,-10.8870,3.69000,0.71022,0.00113,2.69709,0.00332,0.00022,0.27409
-7.0460,-10.8770,27.50000,5.00064,0.00502,20.09791,0.04881,0.00036,2.29551
-7.0360,-10.8670,61.60000,11.58390,0.02124,44.57663,0.08712,0.00037,5.27265
-7.0260,-10.8570,90.30000,16.94544,0.03216,65.84927,0.09056,0.00052,7.30789
-7.0160,-10.8470,21.10000,3.68576,0.00726,15.78660,0.02629,0.00016,1.57518
-7.0060,-10.8370,0.00000,0.00000,0.00000,0.00000,0.00000,0.00000,0.00000
-6.9960,-10.8270,0.00000,0.00000,0.00000,0.00000,0.00000,0.00000,0.00000
-6.9860,-10.8170,0.00000,0.00000,0.00000,0.00000,0.00000,0.00000,0.00000
-6.9760,-10.8070,0.00000,0.00000,0.00000,0.00000,0.00000,0.00000,0.00000
-6.9660,-10.7970,0.00000,0.00000,0.00000,0.00000,0.00000,0.00000,0.00000
-6.9560,-10.7870,0.00000,0.00000,0.00000,0.00000,0.00000,0.00000,0.00000
-6.9460,-10.7770,0.00000,0.00000,0.00000,0.00000,0.00000,0.00000,0.00000
-6.9360,-10.7670,34.90000,7.16158,0.02160,24.43575,0.04454,0.00002,3.19351
-6.9260,-10.7570,41.90000,8.46806,0.02304,29.49896,0.06519,0.00003,3.71172
-6.9160,-10.7470,41.00000,8.20796,0.01620,29.19849,0.07400,0.00004,3.50746
-6.9060,-10.7370,38.10000,7.59494,0.00939,27.22026,0.07106,0.00004,3.15935
-6.8960,-10.7270,26.30000,5.21496,0.00442,18.82720,0.03813,0.00003,2.15650
-6.8860,-10.7170,18.70000,3.69173,0.00165,13.46016,0.02191,0.00001,1.50807
-6.8760,-10.7070,4.84000,0.95136,0.00006,3.49376,0.00431,0.00000,0.38389
-6.8660,-10.6970,0.00000,0.00000,0.00000,0.00000,0.00000,0.00000,0.00000
-6.8560,-10.6870,0.00000,0.00000,0.00000,0.00000,0.00000,0.00000,0.00000
-6.8460,-10.6770,0.00000,0.00000,0.00000,0.00000,0.00000,0.00000,0.00000
-6.8360,-10.6670,0.00000,0.00000,0.00000,0.00000,0.00000,0.00000,0.00000
-6.8260,-10.6570,0.00000,0.00000,0.00000,0.00000,0.00000,0.00000,0.00000
-6.8160,-10.6470,0.00000,0.00000,0.00000,0.00000,0.00000,0.00000,0.00000
-6.8060,-10.6370,0.00000,0.00000,0.00000,0.00000,0.00000,0.00000,0.00000
-6.7960,-10.6270,0.00000,0.00000,0.00000,0.00000,0.00000,0.00000,0.00000
-6.7860,-10.6170,0.00000,0.00000,0.00000,0.00000,0.00000,0.00000,0.00000
-6.7760,-10.6070,0.00000,0.00000,0.00000,0.00000,0.00000,0.00000,0.00000
-6.7660,-10.5970,0.00000,0.00000,0.00000,0.00000,0.00000,0.00000,0.00000
-6.7560,-10.5870,0.00000,0.00000,0.00000,0.00000,0.00000,0.00000,0.00000
-6.7460,-10.5770,0.00000,0.00000,0.00000,0.00000,0.00000,0.00000,0.00000
-6.7360,-10.5670,0.00000,0.00000,0.00000,0.00000,0.00000,0.00000,0.00000
-6.7260,-10.5570,0.00000,0.00000,0.00000,0.00000,0.00000,0.00000,0.00000
-6.7160,-10.5470,0.00000,0.00000,0.00000,0.00000,0.00000,0.00000,0.00000
-6.7060,-10.5370,0.00000,0.00000,0.00000,0.00000,0.00000,0.00000,0.00000
-6.6960,-10.5270,0.00000,0.00000,0.00000,0.00000,0.00000,0.00000,0.00000
-6.6860,-10.5170,0.00000,0.00000,0.00000,0.00000,0.00000,0.00000,0.00000
-6.6760,-10.5070,0.00000,0.00000,0.00000,0.00000,0.00000,0.00000,0.00000
-6.6660,-10.4970,0.00000,0.00000,0.00000,0.00000,0.00000,0.00000,0.00000
-6.6560,-10.4870,0.00000,0.00000,0.00000,0.00000,0.00000,0.00000,0.00000
-6.6460,-10.4770,0.00000,0.00000,0.00000,0.00000,0.00000,0.00000,0.00000
-6.6360,-10.4670,0.00000,0.00000,0.00000,0.00000,0.00000,0.00000,0.00000
-6.6260,-10.4570,0.00000,0.00000,0.00000,0.00000,0.00000,0.00000,0.00000
-6.6160,-10.4470,0.00000,0.00000,0.00000,0.00000,0.00000,0.00000,0.00000
-6.6060,-10.4370,0.00000,0.00000,0.00000,0.00000,0.00000,0.00000,0.00000
-6.5960,-10.4270,0.00000,0.00000,0.00000,0.00000,0.00000,0.00000,0.00000
-6.5860,-10.4170,0.00000,0.00000,0.00000,0.00000,0.00000,0.00000,0.00000
-6.5760,-10.4070,0.00000,0.00000,0.00000,0.00000,0.00000,0.00000,0.00000
-6.5660,-10.3970,0.00000,0.00000,0.00000,0.00000,0.00000,0.00000,0.00000
-6.5560,-10.3870,0.00000,0.00000,0.00000,0.00000,0.00000,0.00000,0.00000
-6.5460,-10.3770,0.00000,0.00000,0.00000,0.00000,0.00000,0.00000,0.00000
-6.5360,-10.3670,0.00000,0.00000,0.00000,0.00000,0.00000,0.00000,0.00000
-6.5260,-10.3570,0.00000,0.00000,0.00000,0.00000,0.00000,0.00000,0.00000
-6.5160,-10.3470,0.00000,0.00000,0.00000,0.00000,0.00000,0.00000,0.00000
-6.5060,-10.3370,0.00000,0.00000,0.00000,0.00000,0.00000,0.00000,0.00000
-6.4960,-10.3270,0.00000,0.00000,0.00000,0.00000,0.00000,0.00000,0.00000
-6.4860,-10.3170,0.00000,0.00000,0.00000,0.00000,0.00000,0.00000,0.00000
-6.4760,-10.3070,0.00000,0.00000,0.00000,0.00000,0.00000,0.00000,0.00000
-6.4660,-10.2970,0.00000,0.00000,0.00000,0.00000,0.00000,0.00000,0.00000
-6.4560,-10.2870,0.00000,0.00000,0.00000,0.00000,0.00000,0.00000,0.00000
-6.4460,-10.2770,0.00000,0.00000,0.00000,0.00000,0.00000,0.00000,0.00000
-6.4360,-10.2670,0.00000,0.00000,0.00000,0.00000,0.00000,0.00000,0.00000
-6.4260,-10.2570,0.00000,0.00000,0.00000,0.00000,0.00000,0.00000,0.00000
-6.4160,-10.2470,0.00000,0.00000,0.00000,0.00000,0.00000,0.00000,0.00000
-6.4060,-10.2370,0.00000,0.00000,0.00000,0.00000,0.00000,0.00000,0.00000
-6.3960,-10.2270,0.00000,0.00000,0.00000,0.00000,0.00000,0.00000,0.00000
-6.3860,-10.2170,0.00000,0.00000,0.00000,0.00000,0.00000,0.00000,0.00000
-6.3760,-10.2070,0.00000,0.00000,0.00000,0.00000,0.00000,0.00000,0.00000
-6.3660,-10.1970,0.00000,0.00000,0.00000,0.00000,0.00000,0.00000,0.00000
-6.3560,-10.1870,0.00000,0.00000,0.00000,0.00000,0.00000,0.00000,0.00000
-6.3460,-10.1770,0.00000,0.00000,0.00000,0.00000,0.00000,0.00000,0.00000
-6.3360,-10.1670,0.00000,0.00000,0.00000,0.00000,0.00000,0.00000,0.00000
-6.3260,-10.1570,0.00000,0.00000,0.00000,0.00000,0.00000,0.00000,0.00000
-6.3160,-10.1470,0.00000,0.00000,0.00000,0.00000,0.00000,0.00000,0.00000
-6.3060,-10.1370,0.00000,0.00000,0.00000,0.00000,0.00000,0.00000,0.00000
-6.2960,-10.1270,0.00000,0.00000,0.00000,0.00000,0.00000,0.00000,0.00000
-6.2860,-10.1170,0.00000,0.00000,0.00000,0.00000,0.00000,0.00000,0.00000
-6.2760,-10.1070,0.00000,0.00000,0.00000,0.00000,0.00000,0.00000,0.00000
-6.2660,-10.0970,0.00000,0.00000,0.00000,0.00000,0.00000,0.00000,0.00000
-6.2560,-10.0870,0.00000,0.00000,0.00000,0.00000,0.00000,0.00000,0.00000
-6.2460,-10.0770,0.00000,0.00000,0.00000,0.00000,0.00000,0.00000,0.00000
-6.2360,-10.0670,0.00000,0.00000,0.00000,0.00000,0.00000,0.00000,0.00000
-6.2260,-10.0570,0.00000,0.00000,0.00000,0.00000,0.00000,0.00000,0.00000
-6.2160,-10.0470,0.00000,0.00000,0.00000,0.00000,0.00000,0.00000,0.00000
-6.2060,-10.0370,0.00000,0.00000,0.00000,0.00000,0.00000,0.00000,0.00000
-6.1960,-10.0270,0.00000,0.00000,0.00000,0.00000,0.00000,0.00000,0.00000
-6.1860,-10.0170,0.00000,0.00000,0.00000,0.00000,0.00000,0.00000,0.00000
-6.1760,-10.0070,0.00000,0.00000,0.00000,0.00000,0.00000,0.00000,0.00000
-6.1660,-9.9970,0.00000,0.00000,0.00000,0.00000,0.00000,0.00000,0.00000
-6.1560,-9.9870,0.00000,0.00000,0.00000,0.00000,0.00000,0.00000,0.00000
-6.1460,-9.9770,0.00000,0.00000,0.00000,0.00000,0.00000,0.00000,0.00000
-6.1360,-9.9670,0.00000,0.00000,0.00000,0.00000,0.00000,0.00000,0.00000
-6.1260,-9.9570,0.00000,0.00000,0.00000,0.00000,0.00000,0.00000,0.00000
-6.1160,-9.9470,0.00000,0.00000,0.00000,0.00000,0.00000,0.00000,0.00000
-6.1060,-9.9370,0.00000,0.00000,0.00000,0.00000,0.00000,0.00000,0.00000
-6.0960,-9.9270,0.00000,0.00000,0.00000,0.00000,0.00000,0.00000,0.00000
-6.0860,-9.9170,0.00000,0.00000,0.00000,0.00000,0.00000,0.00000,0.00000
-6.0760,-9.9070,0.00000,0.00000,0.00000,0.00000,0.00000,0.00000,0.00000
-6.0660,-9.8970,0.00000,0.00000,0.00000,0.00000,0.00000,0.00000,0.00000
-6.0560,-9.8870,0.00000,0.00000,0.00000,0.00000,0.00000,0.00000,0.00000
-6.0460,-9.8770,0.00000,0.00000,0.00000,0.00000,0.00000,0.00000,0.00000
-6.0360,-9.8670,0.00000,0.00000,0.00000,0.00000,0.00000,0.00000,0.00000
-6.0260,-9.8570,0.00000,0.00000,0.00000,0.00000,0.00000,0.00000,0.00000
-6.0160,-9.8470,0.00000,0.00000,0.00000,0.00000,0.00000,0.00000,0.00000
-6.0060,-9.8370,0.00000,0.00000,0.00000,0.00000,0.00000,0.00000,0.00000
-5.9960,-9.8270,0.00000,0.00000,0.00000,0.00000,0.00000,0.00000,0.00000
-5.9860,-9.8170,0.00000,0.00000,0.00000,0.00000,0.00000,0.00000,0.00000
-5.9760,-9.8070,0.00000,0.00000,0.00000,0.00000,0.00000,0.00000,0.00000
-5.9660,-9.7970,0.00000,0.00000,0.00000,0.00000,0.00000,0.00000,0.00000
-5.9560,-9.7870,0.00000,0.00000,0.00000,0.00000,0.00000,0.00000,0.00000
-5.9460,-9.7770,0.00000,0.00000,0.00000,0.00000,0.00000,0.00000,0.00000
-5.9360,-9.7670,0.00000,0.00000,0.00000,0.00000,0.00000,0.00000,0.00000
-5.9260,-9.7570,0.00000,0.00000,0.00000,0.00000,0.00000,0.00000,0.00000
-5.9160,-9.7470,0.00000,0.00000,0.00000,0.00000,0.00000,0.00000,0.00000
-5.9060,-9.7370,0.00000,0.00000,0.00000,0.00000,0.00000,0.00000,0.00000
-5.8960,-9.7270,0.00000,0.00000,0.00000,0.00000,0.00000,0.00000,0.00000
-5.8860,-9.7170,0.00000,0.00000,0.00000,0.00000,0.00000,0.00000,0.00000
-5.8760,-9.7070,0.00000,0.00000,0.00000,0.00000,0.00000,0.00000,0.00000
-5.8660,-9.6970,0.00000,0.00000,0.00000,0.00000,0.00000,0.00000,0.00000
-5.8560,-9.6870,0.00000,0.00000,0.00000,0.00000,0.00000,0.00000,0.00000
-5.8460,-9.6770,0.00000,0.00000,0.00000,0.00000,0.00000,0.00000,0.00000
-5.8360,-9.6670,0.00000,0.00000,0.00000,0.00000,0.00000,0.00000,0.00000
-5.8260,-9.6570,0.00000,0.00000,0.00000,0.00000,0.00000,0.00000,0.00000
-5.8160,-9.6470,0.00000,0.00000,0.00000,0.00000,0.00000,0.00000,0.00000
-5.8060,-9.6370,0.00000,0.00000,0.00000,0.00000,0.00000,0.00000,0.00000
-5.7960,-9.6270,0.00000,0.00000,0.00000,0.00000,0.00000,0.00000,0.00000
-5.7860,-9.6170,0.00000,0.00000,0.00000,0.00000,0.00000,0.00000,0.00000
-5.7760,-9.6070,0.00000,0.00000,0.00000,0.00000,0.00000,0.00000,0.00000
-5.7660,-9.5970,0.00000,0.00000,0.00000,0.00000,0.00000,0.00000,0.00000
-5.7560,-9.5870,0.00000,0.00000,0.00000,0.00000,0.00000,0.00000,0.00000
-5.7460,-9.5770,0.00000,0.00000,0.00000,0.00000,0.00000,0.00000,0.00000
-5.7360,-9.5670,0.00000,0.00000,0.00000,0.00000,0.00000,0.00000,0.00000
-5.7260,-9.5570,0.00000,0.00000,0.00000,0.00000,0.00000,0.00000,0.00000
-5.7160,-9.5470,0.00000,0.00000,0.00000,0.00000,0.00000,0.00000,0.00000
-5.7060,-9.5370,0.00000,0.00000,0.00000,0.00000,0.00000,0.00000,0.00000
-5.6960,-9.5270,0.00000,0.00000,0.00000,0.00000,0.00000,0.00000,0.00000
-5.6860,-9.5170,0.00000,0.00000,0.00000,0.00000,0.00000,0.00000,0.00000
-5.6760,-9.5070,0.00000,0.00000,0.00000,0.00000,0.00000,0.00000,0.00000
-5.6660,-9.4970,0.00000,0.00000,0.00000,0.00000,0.00000,0.00000,0.00000
-5.6560,-9.4870,0.00000,0.00000,0.00000,0.00000,0.00000,0.00000,0.00000
-5.6460,-9.4770,0.00000,0.00000,0.00000,0.00000,0.00000,0.00000,0.00000
-5.6360,-9.4670,0.00000,0.00000,0.00000,0.00000,0.00000,0.00000,0.00000
-5.6260,-9.4570,0.00000,0.00000,0.00000,0.00000,0.00000,0.00000,0.00000
-5.6160,-9.4470,0.00000,0.00000,0.00000,0.00000,0.00000,0.00000,0.00000
-5.6060,-9.4370,0.00000,0.00000,0.00000,0.00000,0.00000,0.00000,0.00000
-5.5960,-9.4270,0.00000,0.00000,0.00000,0.00000,0.00000,0.00000,0.00000
-5.5860,-9.4170,0.00000,0.00000,0.00000,0.00000,0.00000,0.00000,0.00000
-5.5760,-9.4070,0.00000,0.00000,0.00000,0.00000,0.00000,0.00000,0.00000
-5.5660,-9.3970,0.00000,0.00000,0.00000,0.00000,0.00000,0.00000,0.00000
-5.5560,-9.3870,0.00000,0.00000,0.00000,0.00000,0.00000,0.00000,0.00000
-5.5460,-9.3770,0.00000,0.00000,0.00000,0.00000,0.00000,0.00000,0.00000
-5.5360,-9.3670,0.00000,0.00000,0.00000,0.00000,0.00000,0.00000,0.00000
-5.5260,-9.3570,0.00000,0.00000,0.00000,0.00000,0.00000,0.00000,0.00000
-5.5160,-9.3470,0.00000,0.00000,0.00000,0.00000,0.00000,0.00000,0.00000
-5.5060,-9.3370,0.00000,0.00000,0.00000,0.00000,0.00000,0.00000,0.00000
-5.4960,-9.3270,0.00000,0.00000,0.00000,0.00000,0.00000,0.00000,0.00000
-5.4860,-9.3170,0.00000,0.00000,0.00000,0.00000,0.00000,0.00000,0.00000
-5.4760,-9.3070,0.00000,0.00000,0.00000,0.00000,0.00000,0.00000,0.00000
-5.4660,-9.2970,0.00000,0.00000,0.00000,0.00000,0.00000,0.00000,0.00000
-5.4560,-9.2870,0.00000,0.00000,0.00000,0.00000,0.00000,0.00000,0.00000
-5.4460,-9.2770,0.00000,0.00000,0.00000,0.00000,0.00000,0.00000,0.00000
-5.4360,-9.2670,0.00000,0.00000,0.00000,0.00000,0.00000,0.00000,0.00000
-5.4260,-9.2570,0.00000,0.00000,0.00000,0.00000,0.00000,0.00000,0.00000
-5.4160,-9.2470,0.00000,0.00000,0.00000,0.00000,0.00000,0.00000,0.00000
-5.4060,-9.2370,0.00000,0.00000,0.00000,0.00000,0.00000,0.00000,0.00000
-5.3960,-9.2270,0.00000,0.00000,0.00000,0.00000,0.00000,0.00000,0.00000
-5.3860,-9.2170,0.00000,0.00000,0.00000,0.00000,0.00000,0.00000,0.00000
-5.3760,-9.2070,0.00000,0.00000,0.00000,0.00000,0.00000,0.00000,0.00000
-5.3660,-9.1970,0.00000,0.00000,0.00000,0.00000,0.00000,0.00000,0.00000
-5.3560,-9.1870,0.00000,0.00000,0.00000,0.00000,0.00000,0.00000,0.00000
-5.3460,-9.1770,0.00000,0.00000,0.00000,0.00000,0.00000,0.00000,0.00000
-5.3360,-9.1670,0.00000,0.00000,0.00000,0.00000,0.00000,0.00000,0.00000
-5.3260,-9.1570,0.00000,0.00000,0.00000,0.00000,0.00000,0.00000,0.00000
-5.3160,-9.1470,0.00814,0.00101,0.00159,0.00258,0.00002,0.00291,0.00000
-5.3060,-9.1370,0.43200,0.05279,0.08409,0.13628,0.00124,0.15610,0.00005
-5.2960,-9.1270,1.34000,0.16084,0.26090,0.41984,0.00373,0.48764,0.00015
-5.2860,-9.1170,2.18000,0.25758,0.42590,0.68145,0.00589,0.80354,0.00023
-5.2760,-9.1070,2.96000,0.34380,0.57891,0.91891,0.00773,1.10180,0.00030
-5.2660,-9.0970,3.68000,0.41955,0.72033,1.13602,0.00930,1.37910,0.00035
-5.2560,-9.0870,4.34000,0.48518,0.85032,1.33008,0.01058,1.63930,0.00039
-5.2460,-9.0770,4.93000,0.54178,0.96918,1.50488,0.01160,1.88220,0.00041
-5.2360,-9.0670,5.62000,0.60666,1.10743,1.70694,0.01270,2.16760,0.00044
-5.2260,-9.0570,5.46000,0.57916,1.07701,1.65113,0.01197,2.12150,0.00041
-5.2160,-9.0470,5.82000,0.60451,1.14436,1.74616,0.01217,2.28110,0.00040
-5.2060,-9.0370,6.40000,0.65130,1.26985,1.91223,0.01274,2.53470,0.00040
-5.1960,-9.0270,7.03000,0.69990,1.39425,2.08707,0.01327,2.80370,0.00041
-5.1860,-9.0170,7.11000,0.68997,1.41104,2.09328,0.01244,2.86680,0.00036
-5.1760,-9.0070,8.15000,0.77438,1.62288,2.38738,0.01353,3.31600,0.00038
-5.1660,-8.9970,9.26000,0.85950,1.84833,2.69675,0.01429,3.80560,0.00038
-5.1560,-8.9870,9.68000,0.88025,1.93877,2.80412,0.01428,4.00490,0.00037
-5.1460,-8.9770,9.27000,0.83053,1.85213,2.67524,0.01347,3.87020,0.00035
-5.1360,-8.9670,9.03000,0.79514,1.79729,2.59237,0.01288,3.79350,0.00032
-5.1260,-8.9570,8.94000,0.77369,1.77371,2.55400,0.01250,3.78460,0.00031
-5.1160,-8.9470,8.94000,0.76061,1.78120,2.54173,0.01222,3.82500,0.00029
-5.1060,-8.9370,8.83000,0.73774,1.74654,2.49426,0.01182,3.80320,0.00027
-5.0960,-8.9270,8.10000,0.66736,1.59738,2.27699,0.01085,3.51880,0.00024
-5.0860,-8.9170,10.20000,0.81680,2.01421,2.84019,0.01270,4.45890,0.00025
-5.0760,-8.9070,11.30000,0.88913,2.23491,3.12914,0.01370,4.97560,0.00025
-5.0660,-8.8970,13.00000,1.00852,2.56622,3.58901,0.01554,5.79350,0.00027
-5.0560,-8.8870,13.20000,1.00370,2.60921,3.62139,0.01543,5.94750,0.00024
-5.0460,-8.8770,9.50000,0.70118,1.86284,2.57830,0.01064,4.30962,0.00014
-5.0360,-8.8670,4.83000,0.34792,0.94504,1.30068,0.00542,2.21207,0.00006
-5.0260,-8.8570,0.08290,0.00581,0.01615,0.02222,0.00009,0.03831,0.00000
-5.0160,-8.8470,0.00043,0.00003,0.00008,0.00011,0.00000,0.00020,0.00000
-5.0060,-8.8370,0.00000,0.00000,0.00000,0.00000,0.00000,0.00000,0.00000
-4.9960,-8.8270,0.00000,0.00000,0.00000,0.00000,0.00000,0.00000,0.00000
-4.9860,-8.8170,0.00000,0.00000,0.00000,0.00000,0.00000,0.00000,0.00000
-4.9760,-8.8070,0.00000,0.00000,0.00000,0.00000,0.00000,0.00000,0.00000
-4.9660,-8.7970,0.00000,0.00000,0.00000,0.00000,0.00000,0.00000,0.00000
-4.9560,-8.7870,0.00000,0.00000,0.00000,0.00000,0.00000,0.00000,0.00000
-4.9460,-8.7770,0.00000,0.00000,0.00000,0.00000,0.00000,0.00000,0.00000
-4.9360,-8.7670,0.00000,0.00000,0.00000,0.00000,0.00000,0.00000,0.00000
-4.9260,-8.7570,0.00000,0.00000,0.00000,0.00000,0.00000,0.00000,0.00000
-4.9160,-8.7470,0.00000,0.00000,0.00000,0.00000,0.00000,0.00000,0.00000
-4.9060,-8.7370,0.00000,0.00000,0.00000,0.00000,0.00000,0.00000,0.00000
-4.8960,-8.7270,0.00770,0.00099,0.00163,0.00381,0.00002,0.00120,0.00001
-4.8860,-8.7170,0.59600,0.07515,0.12625,0.29242,0.00177,0.09713,0.00042
-4.8760,-8.7070,1.61000,0.19678,0.34105,0.77667,0.00450,0.28278,0.00109
-4.8660,-8.6970,2.56000,0.30234,0.53938,1.21286,0.00672,0.48100,0.00166
-4.8560,-8.6870,3.44000,0.39295,0.72574,1.60186,0.00846,0.69030,0.00213
-4.8460,-8.6770,4.25000,0.46947,0.89493,1.94874,0.00974,0.90779,0.00251
-4.8360,-8.6670,5.00000,0.53268,1.05268,2.25484,0.01062,1.13009,0.00281
-4.8260,-8.6570,6.04000,0.61696,1.27095,2.67038,0.01170,1.45070,0.00319
-4.8160,-8.6470,7.39000,0.72500,1.55639,3.21754,0.01304,1.85670,0.00366
-4.8060,-8.6370,9.67000,0.91583,2.03824,4.17001,0.01567,2.49080,0.00453
-4.7960,-8.6270,13.00000,1.19934,2.76602,5.59929,0.01980,3.36490,0.00583
-4.7860,-8.6170,13.70000,1.25437,2.90741,5.89826,0.02058,3.52450,0.00634
-4.7760,-8.6070,13.10000,1.20632,2.79152,5.68694,0.01998,3.34880,0.00642
-4.7660,-8.5970,12.60000,1.15912,2.68020,5.47264,0.01936,3.17100,0.00649
-4.7560,-8.5870,12.30000,1.13878,2.62290,5.38618,0.01919,3.06320,0.00666
-4.7460,-8.5770,12.50000,1.16001,2.67530,5.50216,0.01961,3.08300,0.00707
-4.7360,-8.5670,12.50000,1.16527,2.67550,5.54334,0.01978,3.04920,0.00739
-4.7260,-8.5570,13.90000,1.28024,2.97700,6.14571,0.02131,3.39180,0.00833
-4.7160,-8.5470,14.80000,1.35759,3.17340,6.57871,0.02226,3.62160,0.00908
-4.7060,-8.5370,16.00000,1.45811,3.44200,7.11989,0.02347,3.93050,0.01000
-4.6960,-8.5270,17.60000,1.58816,3.78370,7.80320,0.02495,4.36640,0.01118
-4.6860,-8.5170,19.60000,1.74884,4.21900,8.66236,0.02669,4.91940,0.01266
-4.6760,-8.5070,14.40000,1.31609,3.09910,6.52345,0.02089,3.38540,0.01004
-4.6660,-8.4970,6.71000,0.70144,1.48436,3.40284,0.01409,1.07310,0.00557
-4.6560,-8.4870,3.62000,0.45386,0.83656,2.14549,0.01130,0.15680,0.00358
-4.6460,-8.4770,2.94000,0.36885,0.68202,1.76002,0.00912,0.10919,0.00294
-4.6360,-8.4670,2.95000,0.36633,0.68458,1.77011,0.00900,0.10238,0.00295
-4.6260,-8.4570,2.93000,0.36102,0.68125,1.76414,0.00880,0.09760,0.00293
-4.6160,-8.4470,2.99000,0.36571,0.69650,1.80902,0.00882,0.09511,0.00300
-4.6060,-8.4370,3.17000,0.38391,0.73836,1.92166,0.00918,0.09585,0.00318
-4.5960,-8.4270,3.34000,0.40155,0.78092,2.03372,0.00952,0.09605,0.00336
-4.5860,-8.4170,3.52000,0.41939,0.82427,2.15164,0.00985,0.09611,0.00354
-4.5760,-8.4070,3.71000,0.43794,0.86941,2.27406,0.01020,0.09573,0.00373
-4.5660,-8.3970,3.90000,0.45697,0.91634,2.40148,0.01053,0.09513,0.00394
-4.5560,-8.3870,4.10000,0.47598,0.96606,2.53562,0.01087,0.09421,0.00414
-4.5460,-8.3770,4.31000,0.49573,1.01667,2.67142,0.01122,0.09275,0.00436
-4.5360,-8.3670,4.53000,0.51579,1.06892,2.81699,0.01156,0.09127,0.00457
-4.5260,-8.3570,4.75000,0.53614,1.12107,2.96737,0.01189,0.08927,0.00481
-4.5160,-8.3470,4.98000,0.55687,1.17985,3.12050,0.01222,0.08698,0.00504
-4.5060,-8.3370,5.22000,0.57777,1.23839,3.28130,0.01255,0.08438,0.00529
-4.4960,-8.3270,5.46000,0.59902,1.29678,3.44377,0.01286,0.08121,0.00554
-4.4860,-8.3170,5.72000,0.62018,1.36482,3.61714,0.01317,0.07779,0.00580
-4.4760,-8.3070,5.98000,0.64197,1.42262,3.79106,0.01348,0.07391,0.00607
-4.4660,-8.2970,6.24000,0.66385,1.49008,3.97374,0.01376,0.06972,0.00634
-4.4560,-8.2870,6.52000,0.68570,1.55731,4.16036,0.01403,0.06500,0.00663
-4.4460,-8.2770,6.80000,0.70775,1.62422,4.35359,0.01430,0.05983,0.00691
-4.4360,-8.2670,7.11000,0.73182,1.70101,4.56858,0.01458,0.05433,0.00722
-4.4260,-8.2570,10.00000,1.02679,2.41446,6.47539,0.01980,0.05487,0.01011
-4.4160,-8.2470,10.20000,1.02558,2.44456,6.57261,0.01951,0.05231,0.01030
-4.4060,-8.2370,21.90000,2.17114,5.27110,14.16449,0.04240,0.12430,0.02249
-4.3960,-8.2270,11.50000,1.13313,2.77616,7.46944,0.02096,0.03692,0.01165
-4.3860,-8.2170,1.81000,0.17603,0.43697,1.17654,0.00330,0.00639,0.00185
-4.3760,-8.2070,0.00000,0.00000,0.00000,0.00000,0.00000,0.00000,0.00000
-4.3660,-8.1970,0.00000,0.00000,0.00000,0.00000,0.00000,0.00000,0.00000
-4.3560,-8.1870,0.00000,0.00000,0.00000,0.00000,0.00000,0.00000,0.00000
-4.3460,-8.1770,0.00000,0.00000,0.00000,0.00000,0.00000,0.00000,0.00000
-4.3360,-8.1670,0.00000,0.00000,0.00000,0.00000,0.00000,0.00000,0.00000
-4.3260,-8.1570,0.00000,0.00000,0.00000,0.00000,0.00000,0.00000,0.00000
-4.3160,-8.1470,0.00000,0.00000,0.00000,0.00000,0.00000,0.00000,0.00000
-4.3060,-8.1370,0.00000,0.00000,0.00000,0.00000,0.00000,0.00000,0.00000
-4.2960,-8.1270,0.00000,0.00000,0.00000,0.00000,0.00000,0.00000,0.00000
-4.2860,-8.1170,0.00000,0.00000,0.00000,0.00000,0.00000,0.00000,0.00000
-4.2760,-8.1070,0.00000,0.00000,0.00000,0.00000,0.00000,0.00000,0.00000
-4.2660,-8.0970,0.00000,0.00000,0.00000,0.00000,0.00000,0.00000,0.00000
-4.2560,-8.0870,0.00000,0.00000,0.00000,0.00000,0.00000,0.00000,0.00000
-4.2460,-8.0770,0.00000,0.00000,0.00000,0.00000,0.00000,0.00000,0.00000
-4.2360,-8.0670,0.00000,0.00000,0.00000,0.00000,0.00000,0.00000,0.00000
-4.2260,-8.0570,0.00000,0.00000,0.00000,0.00000,0.00000,0.00000,0.00000
-4.2160,-8.0470,0.00000,0.00000,0.00000,0.00000,0.00000,0.00000,0.00000
-4.2060,-8.0370,0.00000,0.00000,0.00000,0.00000,0.00000,0.00000,0.00000
-4.1960,-8.0270,0.00000,0.00000,0.00000,0.00000,0.00000,0.00000,0.00000
-4.1860,-8.0170,0.00000,0.00000,0.00000,0.00000,0.00000,0.00000,0.00000
-4.1760,-8.0070,0.00000,0.00000,0.00000,0.00000,0.00000,0.00000,0.00000
-4.1660,-7.9970,0.00000,0.00000,0.00000,0.00000,0.00000,0.00000,0.00000
-4.1560,-7.9870,0.00000,0.00000,0.00000,0.00000,0.00000,0.00000,0.00000
-4.1460,-7.9770,0.00000,0.00000,0.00000,0.00000,0.00000,0.00000,0.00000
-4.1360,-7.9670,0.00000,0.00000,0.00000,0.00000,0.00000,0.00000,0.00000
-4.1260,-7.9570,0.00000,0.00000,0.00000,0.00000,0.00000,0.00000,0.00000
-4.1160,-7.9470,0.00000,0.00000,0.00000,0.00000,0.00000,0.00000,0.00000
-4.1060,-7.9370,0.00000,0.00000,0.00000,0.00000,0.00000,0.00000,0.00000
-4.0960,-7.9270,0.00000,0.00000,0.00000,0.00000,0.00000,0.00000,0.00000
-4.0860,-7.9170,0.00000,0.00000,0.00000,0.00000,0.00000,0.00000,0.00000
-4.0760,-7.9070,0.00000,0.00000,0.00000,0.00000,0.00000,0.00000,0.00000
-4.0660,-7.8970,0.00000,0.00000,0.00000,0.00000,0.00000,0.00000,0.00000
-4.0560,-7.8870,0.00000,0.00000,0.00000,0.00000,0.00000,0.00000,0.00000
-4.0460,-7.8770,0.00000,0.00000,0.00000,0.00000,0.00000,0.00000,0.00000
-4.0360,-7.8670,0.00000,0.00000,0.00000,0.00000,0.00000,0.00000,0.00000
-4.0260,-7.8570,0.00000,0.00000,0.00000,0.00000,0.00000,0.00000,0.00000
-4.0160,-7.8470,0.00000,0.00000,0.00000,0.00000,0.00000,0.00000,0.00000
-4.0060,-7.8370,0.00000,0.00000,0.00000,0.00000,0.00000,0.00000,0.00000
-3.9960,-7.8270,0.00000,0.00000,0.00000,0.00000,0.00000,0.00000,0.00000
-3.9860,-7.8170,0.00000,0.00000,0.00000,0.00000,0.00000,0.00000,0.00000
-3.9760,-7.8070,0.00000,0.00000,0.00000,0.00000,0.00000,0.00000,0.00000
-3.9660,-7.7970,0.00000,0.00000,0.00000,0.00000,0.00000,0.00000,0.00000
-3.9560,-7.7870,0.00000,0.00000,0.00000,0.00000,0.00000,0.00000,0.00000
-3.9460,-7.7770,0.00000,0.00000,0.00000,0.00000,0.00000,0.00000,0.00000
-3.9360,-7.7670,0.00000,0.00000,0.00000,0.00000,0.00000,0.00000,0.00000
-3.9260,-7.7570,0.00000,0.00000,0.00000,0.00000,0.00000,0.00000,0.00000
-3.9160,-7.7470,0.00000,0.00000,0.00000,0.00000,0.00000,0.00000,0.00000
-3.9060,-7.7370,0.00000,0.00000,0.00000,0.00000,0.00000,0.00000,0.00000
-3.8960,-7.7270,0.00000,0.00000,0.00000,0.00000,0.00000,0.00000,0.00000
-3.8860,-7.7170,0.00000,0.00000,0.00000,0.00000,0.00000,0.00000,0.00000
-3.8760,-7.7070,0.00000,0.00000,0.00000,0.00000,0.00000,0.00000,0.00000
-3.8660,-7.6970,0.00000,0.00000,0.00000,0.00000,0.00000,0.00000,0.00000
-3.8560,-7.6870,0.00000,0.00000,0.00000,0.00000,0.00000,0.00000,0.00000
-3.8460,-7.6770,0.00000,0.00000,0.00000,0.00000,0.00000,0.00000,0.00000
-3.8360,-7.6670,0.00000,0.00000,0.00000,0.00000,0.00000,0.00000,0.00000
-3.8260,-7.6570,0.00000,0.00000,0.00000,0.00000,0.00000,0.00000,0.00000
-3.8160,-7.6470,0.00000,0.00000,0.00000,0.00000,0.00000,0.00000,0.00000
-3.8060,-7.6370,0.00000,0.00000,0.00000,0.00000,0.00000,0.00000,0.00000
-3.7960,-7.6270,0.00000,0.00000,0.00000,0.00000,0.00000,0.00000,0.00000
-3.7860,-7.6170,0.00000,0.00000,0.00000,0.00000,0.00000,0.00000,0.00000
-3.7760,-7.6070,0.00000,0.00000,0.00000,0.00000,0.00000,0.00000,0.00000
-3.7660,-7.5970,0.00000,0.00000,0.00000,0.00000,0.00000,0.00000,0.00000
-3.7560,-7.5870,0.00000,0.00000,0.00000,0.00000,0.00000,0.00000,0.00000
-3.7460,-7.5770,0.00000,0.00000,0.00000,0.00000,0.00000,0.00000,0.00000
-3.7360,-7.5670,0.00000,0.00000,0.00000,0.00000,0.00000,0.00000,0.00000
-3.7260,-7.5570,0.00000,0.00000,0.00000,0.00000,0.00000,0.00000,0.00000
-3.7160,-7.5470,0.00000,0.00000,0.00000,0.00000,0.00000,0.00000,0.00000
-3.7060,-7.5370,0.00000,0.00000,0.00000,0.00000,0.00000,0.00000,0.00000
-3.6960,-7.5270,0.00000,0.00000,0.00000,0.00000,0.00000,0.00000,0.00000
-3.6860,-7.5170,0.00000,0.00000,0.00000,0.00000,0.00000,0.00000,0.00000
-3.6760,-7.5070,0.00000,0.00000,0.00000,0.00000,0.00000,0.00000,0.00000
-3.6660,-7.4970,0.00000,0.00000,0.00000,0.00000,0.00000,0.00000,0.00000
-3.6560,-7.4870,0.00000,0.00000,0.00000,0.00000,0.00000,0.00000,0.00000
-3.6460,-7.4770,0.00000,0.00000,0.00000,0.00000,0.00000,0.00000,0.00000
-3.6360,-7.4670,0.00000,0.00000,0.00000,0.00000,0.00000,0.00000,0.00000
-3.6260,-7.4570,0.00000,0.00000,0.00000,0.00000,0.00000,0.00000,0.00000
-3.6160,-7.4470,0.00000,0.00000,0.00000,0.00000,0.00000,0.00000,0.00000
-3.6060,-7.4370,0.00000,0.00000,0.00000,0.00000,0.00000,0.00000,0.00000
-3.5960,-7.4270,0.00000,0.00000,0.00000,0.00000,0.00000,0.00000,0.00000
-3.5860,-7.4170,0.00000,0.00000,0.00000,0.00000,0.00000,0.00000,0.00000
-3.5760,-7.4070,0.00000,0.00000,0.00000,0.00000,0.00000,0.00000,0.00000
-3.5660,-7.3970,0.00000,0.00000,0.00000,0.00000,0.00000,0.00000,0.00000
-3.5560,-7.3870,0.00000,0.00000,0.00000,0.00000,0.00000,0.00000,0.00000
-3.5460,-7.3770,0.00000,0.00000,0.00000,0.00000,0.00000,0.00000,0.00000
-3.5360,-7.3670,0.00000,0.00000,0.00000,0.00000,0.00000,0.00000,0.00000
-3.5260,-7.3570,0.00000,0.00000,0.00000,0.00000,0.00000,0.00000,0.00000
-3.5160,-7.3470,0.00000,0.00000,0.00000,0.00000,0.00000,0.00000,0.00000
-3.5060,-7.3370,0.00000,0.00000,0.00000,0.00000,0.00000,0.00000,0.00000
-3.4960,-7.3270,0.00000,0.00000,0.00000,0.00000,0.00000,0.00000,0.00000
-3.4860,-7.3170,0.00000,0.00000,0.00000,0.00000,0.00000,0.00000,0.00000
-3.4760,-7.3070,0.00000,0.00000,0.00000,0.00000,0.00000,0.00000,0.00000
-3.4660,-7.2970,0.00000,0.00000,0.00000,0.00000,0.00000,0.00000,0.00000
-3.4560,-7.2870,0.00000,0.00000,0.00000,0.00000,0.00000,0.00000,0.00000
-3.4460,-7.2770,0.00000,0.00000,0.00000,0.00000,0.00000,0.00000,0.00000
-3.4360,-7.2670,0.00000,0.00000,0.00000,0.00000,0.00000,0.00000,0.00000
-3.4260,-7.2570,0.00000,0.00000,0.00000,0.00000,0.00000,0.00000,0.00000
-3.4160,-7.2470,0.00000,0.00000,0.00000,0.00000,0.00000,0.00000,0.00000
-3.4060,-7.2370,0.00000,0.00000,0.00000,0.00000,0.00000,0.00000,0.00000
-3.3960,-7.2270,0.00000,0.00000,0.00000,0.00000,0.00000,0.00000,0.00000
-3.3860,-7.2170,0.00000,0.00000,0.00000,0.00000,0.00000,0.00000,0.00000
-3.3760,-7.2070,0.00000,0.00000,0.00000,0.00000,0.00000,0.00000,0.00000
-3.3660,-7.1970,0.00000,0.00000,0.00000,0.00000,0.00000,0.00000,0.00000
-3.3560,-7.1870,0.00000,0.00000,0.00000,0.00000,0.00000,0.00000,0.00000
-3.3460,-7.1770,0.00000,0.00000,0.00000,0.00000,0.00000,0.00000,0.00000
-3.3360,-7.1670,0.00000,0.00000,0.00000,0.00000,0.00000,0.00000,0.00000
-3.3260,-7.1570,0.00000,0.00000,0.00000,0.00000,0.00000,0.00000,0.00000
-3.3160,-7.1470,0.00000,0.00000,0.00000,0.00000,0.00000,0.00000,0.00000
-3.3060,-7.1370,0.00000,0.00000,0.00000,0.00000,0.00000,0.00000,0.00000
-3.2960,-7.1270,0.00000,0.00000,0.00000,0.00000,0.00000,0.00000,0.00000
-3.2860,-7.1170,0.00000,0.00000,0.00000,0.00000,0.00000,0.00000,0.00000
-3.2760,-7.1070,0.00000,0.00000,0.00000,0.00000,0.00000,0.00000,0.00000
-3.2660,-7.0970,0.00000,0.00000,0.00000,0.00000,0.00000,0.00000,0.00000
-3.2560,-7.0870,0.00000,0.00000,0.00000,0.00000,0.00000,0.00000,0.00000
-3.2460,-7.0770,0.00000,0.00000,0.00000,0.00000,0.00000,0.00000,0.00000
-3.2360,-7.0670,0.00000,0.00000,0.00000,0.00000,0.00000,0.00000,0.00000
-3.2260,-7.0570,0.00000,0.00000,0.00000,0.00000,0.00000,0.00000,0.00000
-3.2160,-7.0470,0.00000,0.00000,0.00000,0.00000,0.00000,0.00000,0.00000
-3.2060,-7.0370,0.00000,0.00000,0.00000,0.00000,0.00000,0.00000,0.00000
-3.1960,-7.0270,0.00000,0.00000,0.00000,0.00000,0.00000,0.00000,0.00000
-3.1860,-7.0170,0.00000,0.00000,0.00000,0.00000,0.00000,0.00000,0.00000
-3.1760,-7.0070,0.00000,0.00000,0.00000,0.00000,0.00000,0.00000,0.00000
-3.1660,-6.9970,0.00000,0.00000,0.00000,0.00000,0.00000,0.00000,0.00000
-3.1560,-6.9870,0.00000,0.00000,0.00000,0.00000,0.00000,0.00000,0.00000
-3.1460,-6.9770,0.00000,0.00000,0.00000,0.00000,0.00000,0.00000,0.00000
-3.1360,-6.9670,0.00000,0.00000,0.00000,0.00000,0.00000,0.00000,0.00000
-3.1260,-6.9570,0.00000,0.00000,0.00000,0.00000,0.00000,0.00000,0.00000
-3.1160,-6.9470,0.00000,0.00000,0.00000,0.00000,0.00000,0.00000,0.00000
-3.1060,-6.9370,0.00000,0.00000,0.00000,0.00000,0.00000,0.00000,0.00000
-3.0960,-6.9270,0.00000,0.00000,0.00000,0.00000,0.00000,0.00000,0.00000
-3.0860,-6.9170,0.00000,0.00000,0.00000,0.00000,0.00000,0.00000,0.00000
-3.0760,-6.9070,0.00000,0.00000,0.00000,0.00000,0.00000,0.00000,0.00000
-3.0660,-6.8970,0.00000,0.00000,0.00000,0.00000,0.00000,0.00000,0.00000
-3.0560,-6.8870,0.00000,0.00000,0.00000,0.00000,0.00000,0.00000,0.00000
-3.0460,-6.8770,0.00000,0.00000,0.00000,0.00000,0.00000,0.00000,0.00000
-3.0360,-6.8670,0.00000,0.00000,0.00000,0.00000,0.00000,0.00000,0.00000
-3.0260,-6.8570,0.00000,0.00000,0.00000,0.00000,0.00000,0.00000,0.00000
-3.0160,-6.8470,0.00000,0.00000,0.00000,0.00000,0.00000,0.00000,0.00000
-3.0060,-6.8370,0.00000,0.00000,0.00000,0.00000,0.00000,0.00000,0.00000
-2.9960,-6.8270,0.00000,0.00000,0.00000,0.00000,0.00000,0.00000,0.00000
-2.9860,-6.8170,0.00000,0.00000,0.00000,0.00000,0.00000,0.00000,0.00000
-2.9760,-6.8070,0.00000,0.00000,0.00000,0.00000,0.00000,0.00000,0.00000
-2.9660,-6.7970,0.00000,0.00000,0.00000,0.00000,0.00000,0.00000,0.00000
-2.9560,-6.7870,0.00000,0.00000,0.00000,0.00000,0.00000,0.00000,0.00000
-2.9460,-6.7770,0.00000,0.00000,0.00000,0.00000,0.00000,0.00000,0.00000
-2.9360,-6.7670,0.00000,0.00000,0.00000,0.00000,0.00000,0.00000,0.00000
-2.9260,-6.7570,0.00000,0.00000,0.00000,0.00000,0.00000,0.00000,0.00000
-2.9160,-6.7470,0.00000,0.00000,0.00000,0.00000,0.00000,0.00000,0.00000
-2.9060,-6.7370,0.00000,0.00000,0.00000,0.00000,0.00000,0.00000,0.00000
-2.8960,-6.7270,0.00000,0.00000,0.00000,0.00000,0.00000,0.00000,0.00000
-2.8860,-6.7170,0.00000,0.00000,0.00000,0.00000,0.00000,0.00000,0.00000
-2.8760,-6.7070,0.00000,0.00000,0.00000,0.00000,0.00000,0.00000,0.00000
-2.8660,-6.6970,0.00000,0.00000,0.00000,0.00000,0.00000,0.00000,0.00000
-2.8560,-6.6870,0.00000,0.00000,0.00000,0.00000,0.00000,0.00000,0.00000
-2.8460,-6.6770,0.00000,0.00000,0.00000,0.00000,0.00000,0.00000,0.00000
-2.8360,-6.6670,0.00000,0.00000,0.00000,0.00000,0.00000,0.00000,0.00000
-2.8260,-6.6570,0.00278,0.00025,0.00053,0.00040,0.00001,0.00156,0.00000
-2.8160,-6.6470,33.90000,3.12303,6.74457,6.11740,0.15816,17.48370,0.00074
-2.8060,-6.6370,29.30000,2.64787,5.84911,5.41094,0.14294,15.02670,0.00079
-2.7960,-6.6270,25.30000,2.23125,5.03841,4.56792,0.12984,13.15320,0.00081
-2.7860,-6.6170,26.60000,2.28102,5.24043,4.59768,0.14225,14.11690,0.00096
-2.7760,-6.6070,33.30000,2.77226,6.45611,5.33525,0.18486,18.27780,0.00133
-2.7660,-6.5970,52.10000,4.15599,9.79179,7.15029,0.28381,30.34730,0.00201
-2.7560,-6.5870,10.50000,0.77232,1.86161,0.99114,0.04151,6.73454,0.00014
-2.7460,-6.5770,10.10000,0.75329,1.84161,1.14124,0.04131,6.27699,0.00016
-2.7360,-6.5670,10.10000,0.75634,1.88566,1.31178,0.04258,6.01674,0.00017
-2.7260,-6.5570,10.30000,0.78103,1.97486,1.52111,0.04518,5.91310,0.00020
-2.7160,-6.5470,10.70000,0.82156,2.10874,1.77173,0.04870,5.89890,0.00023
-2.7060,-6.5370,9.87000,0.76720,2.00456,1.82838,0.04644,5.16330,0.00023
-2.6960,-6.5270,11.50000,0.89090,2.37319,2.25604,0.05755,5.86150,0.00028
-2.6860,-6.5170,15.00000,1.13696,3.10076,3.01665,0.08531,7.54520,0.00036
-2.6760,-6.5070,21.70000,1.64882,4.59713,4.72261,0.14065,10.47310,0.00053
-2.6660,-6.4970,19.00000,1.44568,4.07302,4.28103,0.12624,8.97750,0.00047
-2.6560,-6.4870,17.60000,1.32601,3.79487,3.99064,0.11669,8.30710,0.00045
-2.6460,-6.4770,14.40000,1.07695,3.11465,3.31249,0.09445,6.71720,0.00040
-2.6360,-6.4670,12.30000,0.92502,2.69770,2.93128,0.07851,5.54330,0.00040
-2.6260,-6.4570,8.33000,0.63460,1.86412,2.04394,0.05186,3.68670,0.00035
-2.6160,-6.4470,6.16000,0.47083,1.40138,1.54100,0.03767,2.66880,0.00031
-2.6060,-6.4370,3.71000,0.28491,0.85656,0.94902,0.02237,1.57917,0.00022
-2.5960,-6.4270,0.86300,0.06650,0.20241,0.22618,0.00516,0.35836,0.00006
-2.5860,-6.4170,0.00120,0.00009,0.00029,0.00033,0.00001,0.00048,0.00000
-2.5760,-6.4070,0.00000,0.00000,0.00000,0.00000,0.00000,0.00000,0.00000
-2.5660,-6.3970,0.00000,0.00000,0.00000,0.00000,0.00000,0.00000,0.00000
-2.5560,-6.3870,0.00000,0.00000,0.00000,0.00000,0.00000,0.00000,0.00000
-2.5460,-6.3770,0.00000,0.00000,0.00000,0.00000,0.00000,0.00000,0.00000
-2.5360,-6.3670,0.00000,0.00000,0.00000,0.00000,0.00000,0.00000,0.00000
-2.5260,-6.3570,0.00000,0.00000,0.00000,0.00000,0.00000,0.00000,0.00000
-2.5160,-6.3470,3.20000,0.21198,0.69375,0.88042,0.01879,1.37150,0.00010
-2.5060,-6.3370,8.28000,0.55303,1.81338,2.32756,0.05177,3.48280,0.00031
-2.4960,-6.3270,12.60000,0.85069,2.80239,3.61769,0.08416,5.19470,0.00053
-2.4860,-6.3170,55.60000,3.64076,12.25230,15.86517,0.37448,23.10100,0.00217
-2.4760,-6.3070,32.40000,2.22145,7.25781,9.64519,0.29469,12.73860,0.00122
-2.4660,-6.2970,30.30000,2.10908,6.83391,9.11569,0.29639,11.76760,0.00110
-2.4560,-6.2870,19.00000,1.30509,4.29056,5.71363,0.16468,7.42840,0.00075
-2.4460,-6.2770,26.00000,1.83877,5.91097,7.93744,0.25299,9.92950,0.00095
-2.4360,-6.2670,8.44000,0.59205,1.92133,2.59290,0.07253,3.21768,0.00029
-2.4260,-6.2570,0.00000,0.00000,0.00000,0.00000,0.00000,0.00000,0.00000
-2.4160,-6.2470,0.00000,0.00000,0.00000,0.00000,0.00000,0.00000,0.00000
-2.4060,-6.2370,0.00000,0.00000,0.00000,0.00000,0.00000,0.00000,0.00000
-2.3960,-6.2270,0.00000,0.00000,0.00000,0.00000,0.00000,0.00000,0.00000
-2.3860,-6.2170,0.00000,0.00000,0.00000,0.00000,0.00000,0.00000,0.00000
-2.3760,-6.2070,0.20200,0.01994,0.04109,0.05428,0.00057,0.08430,0.00017
-2.3660,-6.1970,2.67000,0.25983,0.54672,0.73100,0.00807,1.09850,0.00225
-2.3560,-6.1870,4.88000,0.46502,1.00778,1.35654,0.01621,1.99103,0.00404
-2.3460,-6.1770,6.74000,0.62894,1.40287,1.90234,0.02439,2.72114,0.00546
-2.3360,-6.1670,8.25000,0.75429,1.72750,2.36513,0.03234,3.29674,0.00656
-2.3260,-6.1570,9.41000,0.84228,1.98311,2.73807,0.03954,3.72864,0.00736
-2.3160,-6.1470,7.68000,0.67560,1.63099,2.27034,0.03425,2.99913,0.00590
-2.3060,-6.1370,6.71000,0.58010,1.43174,2.00388,0.03260,2.60770,0.00509
-2.2960,-6.1270,7.42000,0.62887,1.58517,2.22951,0.03924,2.87326,0.00556
-2.2860,-6.1170,8.39000,0.69727,1.80535,2.54171,0.04794,3.23089,0.00621
-2.2760,-6.1070,9.46000,0.77126,2.03783,2.88952,0.05784,3.63288,0.00695
-2.2660,-6.0970,10.60000,0.84931,2.30329,3.27271,0.06935,4.05731,0.00775
-2.2560,-6.0870,11.90000,0.93151,2.58776,3.68745,0.08247,4.52581,0.00862
-2.2460,-6.0770,14.50000,1.09228,3.14356,4.50138,0.10871,5.52457,0.01048
-2.2360,-6.0670,13.50000,1.03305,2.96644,4.30146,0.10087,4.99488,0.00948
-2.2260,-6.0570,12.70000,0.98880,2.82634,4.15090,0.09363,4.54810,0.00872
-2.2160,-6.0470,12.50000,0.99016,2.81743,4.18408,0.09098,4.34344,0.00842
-2.2060,-6.0370,20.70000,1.63516,4.68721,7.04463,0.15413,7.02904,0.01374
-2.1960,-6.0270,15.50000,1.27649,3.58646,5.49804,0.10671,4.96016,0.01166
-2.1860,-6.0170,6.52000,0.54986,1.53166,2.35338,0.03942,2.00136,0.00496
-2.1760,-6.0070,4.64000,0.40302,1.10406,1.71774,0.02451,1.35748,0.00358
-2.1660,-5.9970,2.54000,0.22676,0.61286,0.96344,0.01141,0.70718,0.00198
-2.1560,-5.9870,0.37700,0.03418,0.09221,0.14614,0.00152,0.10078,0.00029
-2.1460,-5.9770,0.00204,0.00018,0.00050,0.00080,0.00001,0.00053,0.00000
-2.1360,-5.9670,0.00000,0.00000,0.00000,0.00000,0.00000,0.00000,0.00000
-2.1260,-5.9570,0.00017,0.00001,0.00004,0.00005,0.00000,0.00007,0.00000
-2.1160,-5.9470,0.16100,0.00933,0.03486,0.05186,0.00140,0.06215,0.00012
-2.1060,-5.9370,2.50000,0.15146,0.54641,0.82060,0.02297,0.93760,0.00189
-2.0960,-5.9270,5.41000,0.35250,1.20210,1.83697,0.05333,1.92578,0.00424
-2.0860,-5.9170,7.65000,0.52775,1.72114,2.67152,0.07998,2.59740,0.00616
-2.0760,-5.9070,13.90000,1.00036,3.16268,4.96450,0.15526,4.48211,0.01132
-2.0660,-5.8970,14.50000,1.01396,3.34265,5.21006,0.15238,4.72525,0.01121
-2.0560,-5.8870,12.00000,0.81355,2.75106,4.28584,0.12789,3.89434,0.01014
-2.0460,-5.8770,11.80000,0.81890,2.71451,4.26304,0.13201,3.77605,0.00992
-2.0360,-5.8670,11.50000,0.81187,2.65556,4.20531,0.13642,3.63664,0.00981
-2.0260,-5.8570,11.30000,0.80955,2.61769,4.16035,0.14184,3.53995,0.00981
-2.0160,-5.8470,11.30000,0.81334,2.59088,4.15175,0.15016,3.47266,0.00993
-2.0060,-5.8370,11.30000,0.82251,2.59483,4.16585,0.16052,3.43677,0.01018
-1.9960,-5.8270,11.30000,0.83033,2.58884,4.17809,0.17052,3.42087,0.01043
-1.9860,-5.8170,9.64000,0.70411,2.21831,3.58458,0.14141,2.92083,0.00861
-1.9760,-5.8070,8.69000,0.63185,2.00366,3.24519,0.12389,2.62501,0.00741
-1.9660,-5.7970,8.65000,0.63528,2.02339,3.25796,0.12040,2.56656,0.00660
-1.9560,-5.7870,9.54000,0.69705,2.24515,3.61257,0.12412,2.79500,0.00652
-1.9460,-5.7770,10.20000,0.73873,2.41341,3.86166,0.12742,2.95708,0.00638
-1.9360,-5.7670,12.50000,0.90498,2.96515,4.74572,0.16258,3.64849,0.00787
-1.9260,-5.7570,12.20000,0.87329,2.90859,4.63617,0.15103,3.54054,0.00702
-1.9160,-5.7470,11.60000,0.82197,2.79348,4.42109,0.13771,3.37750,0.00619
-1.9060,-5.7370,11.10000,0.77352,2.69864,4.25503,0.12523,3.21850,0.00549
-1.8960,-5.7270,10.50000,0.71534,2.58226,4.02675,0.11244,3.02919,0.00492
-1.8860,-5.7170,9.81000,0.64500,2.43506,3.76222,0.09956,2.79885,0.00450
-1.8760,-5.7070,10.30000,0.65989,2.57815,3.97339,0.10195,2.96192,0.00479
-1.8660,-5.6970,12.30000,0.75867,3.07906,4.73344,0.11881,3.54114,0.00574
-1.8560,-5.6870,11.80000,0.72897,2.95932,4.54025,0.11562,3.41075,0.00554
-1.8460,-5.6770,13.80000,0.86694,3.43786,5.28671,0.13704,3.95367,0.00662
-1.8360,-5.6670,15.80000,1.02069,3.96636,6.11433,0.16787,4.46392,0.00742
-1.8260,-5.6570,19.10000,1.25823,4.80575,7.44600,0.21898,5.21433,0.00849
-1.8160,-5.6470,32.30000,2.33874,8.34170,13.33218,0.42555,7.64470,0.01209
-1.8060,-5.6370,48.60000,3.87442,12.88860,21.48180,0.70350,9.34949,0.01669
-1.7960,-5.6270,28.70000,2.54281,7.87569,13.92662,0.42064,3.77384,0.01068
-1.7860,-5.6170,17.60000,1.56669,4.80323,8.60085,0.26662,2.21013,0.00770
-1.7760,-5.6070,16.00000,1.46914,4.37005,7.99052,0.25816,1.73223,0.00862
-1.7660,-5.5970,13.10000,1.21819,3.59218,6.67959,0.22332,1.29114,0.00865
-1.7560,-5.5870,11.60000,1.09382,3.18540,6.01516,0.20890,1.03228,0.00912
-1.7460,-5.5770,10.50000,0.99977,2.87796,5.51532,0.19830,0.82525,0.00955
-1.7360,-5.5670,9.45000,0.91052,2.59480,5.03319,0.18704,0.65341,0.00980
-1.7260,-5.5570,8.48000,0.82365,2.32169,4.57431,0.17528,0.51377,0.00991
-1.7160,-5.5470,7.59000,0.74243,2.07753,4.15075,0.16338,0.40111,0.00987
-1.7060,-5.5370,6.78000,0.66669,1.84918,3.74105,0.15129,0.31141,0.00974
-1.6960,-5.5270,6.13000,0.60496,1.67416,3.41577,0.14140,0.24380,0.00962
-1.6860,-5.5170,5.63000,0.55790,1.53331,3.16747,0.13432,0.18646,0.00955
-1.6760,-5.5070,5.49000,0.54782,1.48910,3.12537,0.13629,0.14345,0.01019
-1.6660,-5.4970,5.19000,0.51965,1.40931,2.97572,0.13516,0.10583,0.01065
-1.6560,-5.4870,5.04000,0.50648,1.35736,2.91012,0.13869,0.08152,0.01149
-1.6460,-5.4770,5.18000,0.52033,1.39509,2.99766,0.15112,0.07285,0.01318
-1.6360,-5.4670,4.80000,0.48300,1.28120,2.78928,0.14916,0.05812,0.01362
-1.6260,-5.4570,4.35000,0.43787,1.15752,2.53241,0.14335,0.04429,0.01362
-1.6160,-5.4470,3.86000,0.38844,1.01405,2.25175,0.13451,0.03207,0.01322
-1.6060,-5.4370,3.32000,0.33442,0.86998,1.94386,0.12212,0.02151,0.01236
-1.5960,-5.4270,2.74000,0.27621,0.71316,1.60788,0.10620,0.01279,0.01102
-1.5860,-5.4170,2.12000,0.21336,0.54764,1.24395,0.08608,0.00609,0.00915
-1.5760,-5.4070,1.45000,0.14622,0.37245,0.85486,0.06174,0.00161,0.00670
-1.5660,-5.3970,0.74100,0.07466,0.18853,0.43679,0.03293,-0.00050,0.00364
-1.5560,-5.3870,0.03680,0.00372,0.00934,0.02181,0.00170,-0.00015,0.00019
-1.5460,-5.3770,0.00000,0.00000,0.00000,0.00000,0.00000,0.00000,0.00000
-1.5360,-5.3670,0.00000,0.00000,0.00000,0.00000,0.00000,0.00000,0.00000
-1.5260,-5.3570,0.00000,0.00000,0.00000,0.00000,0.00000,0.00000,0.00000
-1.5160,-5.3470,0.00000,0.00000,0.00000,0.00000,0.00000,0.00000,0.00000
-1.5060,-5.3370,0.00000,0.00000,0.00000,0.00000,0.00000,0.00000,0.00000
-1.4960,-5.3270,0.00073,0.00006,0.00020,0.00044,0.00002,0.00001,0.00000
-1.4860,-5.3170,0.36900,0.03169,0.10114,0.21969,0.00868,0.00516,0.00013
-1.4760,-5.3070,1.26000,0.10762,0.34686,0.75223,0.03042,0.01754,0.00059
-1.4660,-5.2970,2.10000,0.17708,0.57634,1.24923,0.05166,0.02903,0.00122
-1.4560,-5.2870,2.87000,0.24022,0.79059,1.70864,0.07226,0.03942,0.00200
-1.4460,-5.2770,3.59000,0.29732,0.98862,2.13347,0.09228,0.04889,0.00290
-1.4360,-5.2670,4.24000,0.34870,1.17245,2.52452,0.11141,0.05754,0.00392
-1.4260,-5.2570,4.84000,0.39400,1.33401,2.87816,0.12952,0.06517,0.00502
-1.4160,-5.2470,5.38000,0.43347,1.48535,3.19551,0.14684,0.07197,0.00619
-1.4060,-5.2370,5.85000,0.46726,1.61648,3.47588,0.16308,0.07783,0.00743
-1.3960,-5.2270,6.09000,0.48208,1.68680,3.62171,0.17294,0.07928,0.00876
-1.3860,-5.2170,7.18000,0.56266,1.98890,4.26804,0.20485,0.09051,0.01169
-1.3760,-5.2070,9.80000,0.76089,2.70461,5.84895,0.28137,0.12657,0.01658
-1.3660,-5.1970,13.00000,0.99788,3.56112,7.74939,0.37519,0.16664,0.02342
-1.3560,-5.1870,15.80000,1.21043,4.33638,9.49898,0.46471,0.19581,0.03162
-1.3460,-5.1770,18.80000,1.43134,5.16141,11.30363,0.56191,0.21982,0.04248
-1.3360,-5.1670,21.90000,1.65147,5.99582,13.11476,0.66543,0.23681,0.05513
-1.3260,-5.1570,23.80000,1.78499,6.54699,14.31305,0.72901,0.23859,0.06660
-1.3160,-5.1470,24.50000,1.81815,6.76521,14.74563,0.74614,0.22828,0.07452
-1.3060,-5.1370,46.00000,3.36183,12.66015,27.73834,1.37247,0.30949,0.17358
-1.2960,-5.1270,25.40000,1.86347,7.03576,15.16376,0.76687,0.27119,0.07380
-1.2860,-5.1170,11.70000,0.84314,3.23620,6.95211,0.35704,0.16922,0.02107
-1.2760,-5.1070,12.40000,0.88228,3.42902,7.37939,0.37630,0.17733,0.02253
-1.2660,-5.0970,14.90000,1.04908,4.14800,8.85479,0.44923,0.21252,0.02755
-1.2560,-5.0870,16.00000,1.11484,4.50396,9.55257,0.46916,0.24401,0.02642
-1.2460,-5.0770,14.50000,0.98059,4.09140,8.63220,0.39877,0.25062,0.01913
-1.2360,-5.0670,13.20000,0.86800,3.73815,7.83208,0.34244,0.25450,0.01349
-1.2260,-5.0570,13.10000,0.83875,3.74003,7.78525,0.32125,0.27633,0.00989
-1.2160,-5.0470,12.40000,0.77638,3.56892,7.40167,0.28937,0.28636,0.00628
-1.2060,-5.0370,12.00000,0.73209,3.45798,7.11631,0.26703,0.29550,0.00365
-1.1960,-5.0270,15.50000,0.92957,4.50021,9.26810,0.33237,0.41000,0.00190
-1.1860,-5.0170,1.49000,0.08660,0.43425,0.88839,0.02930,0.04503,0.00003
-1.1760,-5.0070,0.00000,0.00000,0.00000,0.00000,0.00000,0.00000,0.00000
-1.1660,-4.9970,0.00000,0.00000,0.00000,0.00000,0.00000,0.00000,0.00000
-1.1560,-4.9870,0.00000,0.00000,0.00000,0.00000,0.00000,0.00000,0.00000
-1.1460,-4.9770,0.00000,0.00000,0.00000,0.00000,0.00000,0.00000,0.00000
-1.1360,-4.9670,0.00000,0.00000,0.00000,0.00000,0.00000,0.00000,0.00000
-1.1260,-4.9570,0.00000,0.00000,0.00000,0.00000,0.00000,0.00000,0.00000
-1.1160,-4.9470,0.00000,0.00000,0.00000,0.00000,0.00000,0.00000,0.00000
-1.1060,-4.9370,0.00000,0.00000,0.00000,0.00000,0.00000,0.00000,0.00000
-1.0960,-4.9270,0.00000,0.00000,0.00000,0.00000,0.00000,0.00000,0.00000
-1.0860,-4.9170,0.00000,0.00000,0.00000,0.00000,0.00000,0.00000,0.00000
-1.0760,-4.9070,0.00000,0.00000,0.00000,0.00000,0.00000,0.00000,0.00000
-1.0660,-4.8970,0.00000,0.00000,0.00000,0.00000,0.00000,0.00000,0.00000
-1.0560,-4.8870,0.00000,0.00000,0.00000,0.00000,0.00000,0.00000,0.00000
-1.0460,-4.8770,0.00000,0.00000,0.00000,0.00000,0.00000,0.00000,0.00000
-1.0360,-4.8670,0.00000,0.00000,0.00000,0.00000,0.00000,0.00000,0.00000
-1.0260,-4.8570,0.00000,0.00000,0.00000,0.00000,0.00000,0.00000,0.00000
-1.0160,-4.8470,0.00000,0.00000,0.00000,0.00000,0.00000,0.00000,0.00000
-1.0060,-4.8370,0.00000,0.00000,0.00000,0.00000,0.00000,0.00000,0.00000
-0.9960,-4.8270,0.00000,0.00000,0.00000,0.00000,0.00000,0.00000,0.00000
-0.9860,-4.8170,0.00000,0.00000,0.00000,0.00000,0.00000,0.00000,0.00000
-0.9760,-4.8070,0.00000,0.00000,0.00000,0.00000,0.00000,0.00000,0.00000
-0.9660,-4.7970,0.00000,0.00000,0.00000,0.00000,0.00000,0.00000,0.00000
-0.9560,-4.7870,0.00000,0.00000,0.00000,0.00000,0.00000,0.00000,0.00000
-0.9460,-4.7770,0.00000,0.00000,0.00000,0.00000,0.00000,0.00000,0.00000
-0.9360,-4.7670,0.00000,0.00000,0.00000,0.00000,0.00000,0.00000,0.00000
-0.9260,-4.7570,0.00000,0.00000,0.00000,0.00000,0.00000,0.00000,0.00000
-0.9160,-4.7470,0.00000,0.00000,0.00000,0.00000,0.00000,0.00000,0.00000
-0.9060,-4.7370,0.00000,0.00000,0.00000,0.00000,0.00000,0.00000,0.00000
-0.8960,-4.7270,0.00000,0.00000,0.00000,0.00000,0.00000,0.00000,0.00000
-0.8860,-4.7170,0.00000,0.00000,0.00000,0.00000,0.00000,0.00000,0.00000
-0.8760,-4.7070,0.00000,0.00000,0.00000,0.00000,0.00000,0.00000,0.00000
-0.8660,-4.6970,0.00000,0.00000,0.00000,0.00000,0.00000,0.00000,0.00000
-0.8560,-4.6870,0.00000,0.00000,0.00000,0.00000,0.00000,0.00000,0.00000
-0.8460,-4.6770,0.00000,0.00000,0.00000,0.00000,0.00000,0.00000,0.00000
-0.8360,-4.6670,0.00000,0.00000,0.00000,0.00000,0.00000,0.00000,0.00000
-0.8260,-4.6570,0.00000,0.00000,0.00000,0.00000,0.00000,0.00000,0.00000
-0.8160,-4.6470,0.00000,0.00000,0.00000,0.00000,0.00000,0.00000,0.00000
-0.8060,-4.6370,0.00000,0.00000,0.00000,0.00000,0.00000,0.00000,0.00000
-0.7960,-4.6270,0.18600,0.02872,0.00212,0.03297,0.04232,0.07726,0.00005
-0.7860,-4.6170,3.03000,0.46400,0.03674,0.53216,0.69862,1.24606,0.00083
-0.7760,-4.6070,5.75000,0.87891,0.07521,1.00485,1.35529,2.34841,0.00148
-0.7660,-4.5970,17.10000,2.76890,0.20427,2.75159,4.64410,6.44812,0.00244
-0.7560,-4.5870,37.90000,6.19512,0.54014,6.11520,10.56389,13.95377,0.00507
-0.7460,-4.5770,20.40000,3.24628,0.26697,3.27147,5.61720,7.69495,0.00268
-0.7360,-4.5670,25.20000,3.89765,0.31985,4.02951,6.80449,9.80202,0.00317
-0.7260,-4.5570,30.50000,4.63697,0.38982,4.74668,8.32839,11.91632,0.00382
-0.7160,-4.5470,20.80000,3.16127,0.28454,3.15037,5.78898,8.17809,0.00286
-0.7060,-4.5370,15.40000,2.35006,0.20627,2.30881,4.28102,6.01735,0.00265
-0.6960,-4.5270,12.00000,1.86870,0.14546,1.81043,3.32089,4.67224,0.00260
-0.6860,-4.5170,15.00000,2.39279,0.15369,2.17539,4.45621,5.63319,0.00295
-0.6760,-4.5070,16.50000,2.78652,0.11336,2.40697,5.75224,5.20961,0.00241
-0.6660,-4.4970,10.90000,1.89588,0.06767,1.55740,4.40130,2.87208,0.00105
-0.6560,-4.4870,11.20000,1.92507,0.07006,1.56821,4.63645,2.83886,0.00126
-0.6460,-4.4770,11.90000,2.04729,0.07552,1.66343,5.08309,2.94882,0.00157
-0.6360,-4.4670,14.20000,2.41764,0.09060,1.96697,6.24606,3.30146,0.00220
-0.6260,-4.4570,18.90000,3.23707,0.12912,2.61513,8.83761,3.93548,0.00374
-0.6160,-4.4470,24.60000,4.23768,0.18709,3.38735,12.19892,4.43938,0.00629
-0.6060,-4.4370,29.20000,5.01892,0.29359,4.12298,14.54448,4.98455,0.01129
-0.5960,-4.4270,25.80000,4.44860,0.31341,3.75846,12.16223,4.91831,0.01406
-0.5860,-4.4170,22.70000,4.20335,0.23593,3.24682,12.29729,2.55617,0.01537
-0.5760,-4.4070,23.10000,3.96240,0.22641,3.23380,9.83962,5.55307,0.01007
-0.5660,-4.3970,35.90000,5.94432,0.40297,5.06195,14.98480,9.16361,0.01305
-0.5560,-4.3870,73.40000,11.72620,0.89523,10.55360,28.56335,20.81548,0.01915
-0.5460,-4.3770,64.10000,10.40883,0.72043,8.95220,27.35967,16.01853,0.01602
-0.5360,-4.3670,0.03370,0.00585,0.00031,0.00465,0.01737,0.00527,0.00001
-0.5260,-4.3570,5.98000,1.05626,0.06358,0.84146,2.76849,1.19612,0.00496
-0.5160,-4.3470,15.80000,2.79106,0.16563,2.24219,7.40392,3.07051,0.01412
-0.5060,-4.3370,33.40000,5.87016,0.34836,4.39805,16.83649,5.62166,0.02931
-0.4960,-4.3270,63.50000,11.05184,0.61943,7.87095,33.69004,9.72298,0.04877
-0.4860,-4.3170,47.50000,8.18377,0.44651,5.65476,25.49351,7.26925,0.03217
-0.4760,-4.3070,27.70000,4.74241,0.25000,3.08030,15.42812,4.03506,0.01745
-0.4660,-4.2970,8.97000,1.52433,0.07967,0.88242,5.36982,1.05679,0.00565
-0.4560,-4.2870,5.10000,0.83328,0.02594,0.72681,2.89243,0.58970,0.00457
-0.4460,-4.2770,9.81000,1.59658,0.04871,1.34617,5.62055,1.12824,0.01034
-0.4360,-4.2670,14.20000,2.31457,0.06948,1.87999,8.24742,1.63732,0.01749
-0.4260,-4.2570,18.40000,2.98035,0.08869,2.33593,10.75947,2.12988,0.02604
-0.4160,-4.2470,21.90000,3.51168,0.11138,2.64100,12.78028,2.67241,0.03428
-0.4060,-4.2370,62.80000,10.38026,0.39901,8.51745,35.12445,7.77863,0.19371
-0.3960,-4.2270,29.70000,5.09118,0.14974,3.51584,17.38984,2.91704,0.52047
-0.3860,-4.2170,39.60000,6.93500,0.09639,3.93391,25.34495,1.72087,1.39484
-0.3760,-4.2070,27.70000,4.75569,0.06495,2.76418,18.23791,0.87884,0.95658
-0.3660,-4.1970,31.70000,5.43952,0.09872,3.33762,20.66755,1.18185,0.89249
-0.3560,-4.1870,77.70000,13.31194,0.32795,8.26012,50.32104,3.67430,1.53507
-0.3460,-4.1770,61.20000,9.88488,0.39243,6.98489,38.44334,4.44970,0.72544
-0.3360,-4.1670,74.60000,12.13577,0.39452,7.61640,48.86973,3.67550,1.62900
-0.3260,-4.1570,79.50000,13.08317,0.41510,7.48123,52.73324,4.22190,1.28544
-0.3160,-4.1470,15.90000,3.00840,0.10687,1.67334,10.58591,0.21612,0.31679
-0.3060,-4.1370,10.70000,1.68160,0.05950,1.15765,7.16566,0.57159,0.02811
-0.2960,-4.1270,73.70000,12.42335,0.47960,8.61321,48.18245,3.15664,0.61758
-0.2860,-4.1170,105.00000,17.90598,0.42685,11.85960,68.63729,4.34571,1.54070
-0.2760,-4.1070,12.20000,1.96240,0.05433,1.64216,7.76557,0.52142,0.17754
-0.2660,-4.0970,102.00000,16.78348,0.42567,10.49328,69.08996,2.71114,2.17610
-0.2560,-4.0870,113.00000,17.79829,0.41560,11.07682,76.78020,3.97803,2.73520
-0.2460,-4.0770,38.00000,5.80426,0.15129,4.03542,25.60693,1.07468,1.26382
-0.2360,-4.0670,113.00000,16.76528,0.33104,10.97691,78.10814,2.77153,4.23454
-0.2260,-4.0570,18.90000,3.12166,0.14194,1.99713,12.63023,0.75629,0.15096
-0.2160,-4.0470,42.10000,6.87288,0.29281,4.48118,28.28389,1.18532,0.88398
-0.2060,-4.0370,103.00000,16.31413,0.65350,11.15631,69.03835,2.84425,2.24620
-0.1960,-4.0270,31.40000,4.86023,0.15925,3.29135,20.88707,1.25964,0.79568
-0.1860,-4.0170,56.70000,8.97687,0.28894,6.02353,37.25194,2.91170,1.00713
-0.1760,-4.0070,53.90000,8.39491,0.26500,5.56815,35.78751,2.60536,1.04792
-0.1660,-3.9970,76.90000,12.01691,0.39245,7.55536,51.77079,3.41129,1.46770
-0.1560,-3.9870,111.00000,17.67501,0.44292,10.73651,75.80484,3.22826,2.53790
-0.1460,-3.9770,71.30000,11.43430,0.29214,6.94924,48.85050,2.07311,1.45600
-0.1360,-3.9670,59.60000,9.54104,0.32103,6.01188,39.91896,2.62280,0.97995
-0.1260,-3.9570,55.50000,8.57655,0.35270,5.31937,37.21234,2.98709,0.75766
-0.1160,-3.9470,79.10000,11.85167,0.51072,7.75169,53.31363,4.69304,0.69354
-0.1060,-3.9370,86.20000,12.80163,0.57899,9.58144,55.96015,6.27151,0.58517
-0.0960,-3.9270,28.30000,4.14070,0.13568,2.61644,19.46959,1.52794,0.33174
-0.0860,-3.9170,41.30000,5.96323,0.15539,3.80301,28.63052,1.96874,0.59206
-0.0760,-3.9070,72.10000,10.10001,0.30519,6.63381,50.16207,3.56674,1.07254
-0.0660,-3.8970,82.90000,11.06657,0.44554,7.49868,57.76222,4.95539,0.85863
-0.0560,-3.8870,36.00000,4.97972,0.13152,3.29929,24.83958,1.95542,0.61941
-0.0460,-3.8770,37.00000,5.11909,0.12200,3.37961,25.24649,2.27465,0.71729
-0.0360,-3.8670,34.00000,4.66602,0.17059,3.40966,22.52494,2.54405,0.50276
-0.0260,-3.8570,44.60000,5.98373,0.23567,4.51088,28.76302,4.32147,0.51619
-0.0160,-3.8470,42.40000,5.29620,0.26107,4.36819,25.53601,6.44604,0.22550
-0.0060,-3.8370,57.90000,6.92669,0.41295,6.80626,32.87629,10.16581,0.24931
0.0040,-3.8270,42.70000,5.19528,0.30717,5.12594,24.35621,7.05963,0.28659
0.0140,-3.8170,24.10000,2.96123,0.22985,3.60130,12.78687,4.24733,0.09224
0.0240,-3.8070,16.60000,2.02709,0.16990,2.63985,8.09982,3.39782,0.11719
0.0340,-3.7970,48.00000,5.87903,0.42551,7.02501,25.19153,8.73833,0.32601
0.0440,-3.7870,57.50000,7.53323,0.33901,6.87872,34.28230,7.58186,0.54539
0.0540,-3.7770,107.00000,14.23034,0.59520,12.92939,65.43495,11.74287,1.59780
0.0640,-3.7670,62.80000,8.54228,0.34635,7.62114,37.95141,7.04249,0.92665
0.0740,-3.7570,85.60000,11.61209,0.41642,9.64586,54.12448,8.21352,1.12828
0.0840,-3.7470,63.30000,8.55370,0.36873,7.72546,38.73655,6.96861,0.63487
0.0940,-3.7370,44.10000,5.93278,0.14162,4.39569,29.53422,3.50765,0.40287
0.1040,-3.7270,30.40000,3.79786,0.13191,3.20689,19.39373,3.48992,0.22168
0.1140,-3.7170,19.90000,2.52390,0.09746,2.11109,12.80526,2.13260,0.10619
0.1240,-3.7070,32.20000,3.87772,0.15598,3.41410,20.76028,3.63635,0.12797
0.1340,-3.6970,41.80000,4.90339,0.21453,4.50268,26.83351,4.98392,0.14259
0.1440,-3.6870,39.20000,4.67348,0.22287,4.31120,25.04323,4.61120,0.13486
0.1540,-3.6770,37.60000,4.49529,0.24136,4.30131,23.78755,4.44018,0.13264
0.1640,-3.6670,35.00000,4.23490,0.24049,3.94107,22.54841,3.75631,0.13381
0.1740,-3.6570,17.60000,2.09536,0.12128,2.08166,11.12999,2.00698,0.07928
0.1840,-3.6470,18.70000,2.14279,0.14734,2.22272,11.35546,2.66033,0.06919
0.1940,-3.6370,48.70000,5.99116,0.40208,5.87016,30.68305,5.19526,0.18423
0.2040,-3.6270,38.90000,4.49417,0.30069,4.45833,24.30610,4.91492,0.14294
0.2140,-3.6170,27.80000,3.20342,0.19444,3.00285,17.95288,3.15186,0.12083
0.2240,-3.6070,37.20000,4.28074,0.33440,4.64708,23.14650,4.32440,0.21488
0.2340,-3.5970,46.80000,5.37098,0.41169,5.50671,29.95822,4.92503,0.32890
0.2440,-3.5870,28.30000,3.02879,0.22241,2.77118,19.38366,2.62787,0.14275
0.2540,-3.5770,16.00000,1.66042,0.10123,1.95256,10.02551,2.01895,0.09336
0.2640,-3.5670,9.61000,1.00115,0.07889,1.84701,4.43253,2.03936,0.11160
0.2740,-3.5570,17.70000,1.89043,0.12361,2.95364,9.51357,2.85108,0.26613
0.2840,-3.5470,25.70000,2.74444,0.15351,3.79270,15.07507,3.34268,0.42735
0.2940,-3.5370,114.00000,12.00964,0.53950,15.68861,71.06113,11.54313,2.44314
0.3040,-3.5270,4.66000,0.59801,0.03116,0.55869,3.06483,0.36567,0.02024
0.3140,-3.5170,103.00000,10.45790,0.57330,13.27492,64.79787,11.32472,1.73121
0.3240,-3.5070,97.10000,10.91234,0.41794,11.35427,65.51107,7.23979,1.19030
0.3340,-3.4970,32.50000,3.76711,0.18544,3.83280,21.82378,2.59187,0.12785
0.3440,-3.4870,54.20000,5.51703,0.46465,7.74182,33.38563,6.45349,0.19458
0.3540,-3.4770,46.20000,4.49446,0.45711,7.26895,26.65201,6.80643,0.13432
0.3640,-3.4670,58.80000,5.66918,0.46980,8.36719,36.69040,7.04146,0.13628
0.3740,-3.4570,39.40000,3.70504,0.39783,6.08291,22.30314,6.46584,0.11937
0.3840,-3.4470,15.00000,1.46775,0.10761,1.33928,9.49200,2.43080,0.06782
0.3940,-3.4370,32.80000,3.07505,0.25423,3.03628,19.92072,6.21507,0.10609
0.4040,-3.4270,53.20000,4.93644,0.45267,5.98176,32.04876,9.28673,0.15432
0.4140,-3.4170,43.30000,3.78712,0.46995,6.21410,22.78776,9.55654,0.11508
0.4240,-3.4070,48.60000,4.25648,0.56860,7.63634,24.33975,11.22640,0.12787
0.4340,-3.3970,38.30000,3.23044,0.48046,6.34738,17.94797,9.84266,0.10061
0.4440,-3.3870,41.30000,3.55313,0.50551,7.34912,19.98449,9.39869,0.12249
0.4540,-3.3770,22.30000,1.89156,0.22629,3.24147,12.27847,4.39685,0.05212
0.4640,-3.3670,25.50000,2.08659,0.25100,3.30740,14.57827,5.04466,0.05913
0.4740,-3.3570,27.60000,2.29195,0.22512,3.13691,17.65135,4.03469,0.06156
0.4840,-3.3470,31.80000,2.74632,0.17513,3.04443,22.77836,2.90857,0.07166
0.4940,-3.3370,27.90000,2.43747,0.11206,2.39744,21.06271,1.73643,0.06536
0.5040,-3.3270,24.70000,2.15320,0.08570,2.07031,19.00691,1.19931,0.06049
0.5140,-3.3170,10.80000,0.91986,0.08400,1.42053,6.89630,1.39484,0.02911
0.5240,-3.3070,11.90000,1.00889,0.10072,1.74505,7.22529,1.67286,0.03414
0.5340,-3.2970,13.00000,1.10331,0.11880,2.09943,7.57077,1.97421,0.03960
0.5440,-3.2870,14.90000,1.26355,0.14353,2.60683,8.32996,2.37800,0.04760
0.5540,-3.2770,33.30000,2.80788,0.31060,6.08162,18.56266,5.18605,0.11550
0.5640,-3.2670,29.10000,2.50479,0.25710,5.31215,16.85772,3.78455,0.11373
0.5740,-3.2570,28.00000,2.39452,0.25913,5.16094,16.43581,3.45022,0.10852
0.5840,-3.2470,26.50000,2.25913,0.22332,4.74536,16.41170,2.58142,0.10007
0.5940,-3.2370,89.40000,7.60829,1.01811,22.52963,42.96571,13.93130,0.42273
0.6040,-3.2270,33.90000,2.95843,0.36139,8.04494,18.25455,3.87898,0.16163
0.6140,-3.2170,28.30000,2.46702,0.26500,6.25699,16.45164,2.50165,0.12773
0.6240,-3.2070,34.70000,2.82885,0.31971,6.45127,21.05269,3.67150,0.11889
0.6340,-3.1970,7.64000,0.60733,0.05185,1.49616,4.65167,0.75634,0.02786
0.6440,-3.1870,8.47000,0.68213,0.06969,1.73026,5.10266,0.78414,0.03874
0.6540,-3.1770,42.20000,3.50534,0.49290,11.00878,22.05765,4.56995,0.21526
0.6640,-3.1670,25.70000,2.13655,0.29237,7.09316,12.63383,3.20337,0.13877
0.6740,-3.1570,19.90000,1.63351,0.22694,5.84284,9.05816,2.84619,0.10937
0.6840,-3.1470,14.40000,1.20023,0.16461,4.60548,5.87456,2.33157,0.08785
0.6940,-3.1370,11.30000,0.95999,0.12683,3.85151,4.12284,1.99718,0.07807
0.7040,-3.1270,7.34000,0.61779,0.08809,2.55004,2.52726,1.40863,0.05186
0.7140,-3.1170,8.58000,0.75997,0.10243,3.13605,2.72041,1.67744,0.07518
0.7240,-3.1070,8.77000,0.80408,0.10766,3.32422,2.56838,1.76086,0.08894
0.7340,-3.0970,9.01000,0.85528,0.11375,3.54211,2.42337,1.85638,0.10398
0.7440,-3.0870,9.33000,0.91625,0.12121,3.79718,2.28730,1.96901,0.12069
0.7540,-3.0770,9.74000,0.98769,0.12986,4.09205,2.15324,2.09979,0.13982
0.7640,-3.0670,10.20000,1.07075,0.13991,4.43968,2.01777,2.24875,0.16162
0.7740,-3.0570,10.90000,1.19065,0.15249,4.90354,1.88427,2.42213,0.19467
0.7840,-3.0470,16.80000,2.32559,0.18719,8.48340,2.27624,2.73277,0.58727
0.7940,-3.0370,16.10000,2.54544,0.14341,8.65487,1.95030,1.93920,0.76401
0.8040,-3.0270,12.90000,2.31401,0.07955,7.29848,1.54081,0.81839,0.76562
0.8140,-3.0170,14.90000,2.71627,0.08509,8.46140,1.99373,0.67170,0.88321
0.8240,-3.0070,19.00000,3.38511,0.11843,10.63080,2.69393,0.97423,1.06929
0.8340,-2.9970,22.80000,4.00400,0.14770,12.62379,3.31894,1.31097,1.25297
0.8440,-2.9870,47.60000,7.18264,0.39855,24.07191,7.81091,5.72215,1.96764
0.8540,-2.9770,33.20000,5.37182,0.23504,17.42641,5.38445,2.94304,1.52036
0.8640,-2.9670,34.20000,5.71383,0.24044,18.52549,5.30861,2.62212,1.56406
0.8740,-2.9570,31.80000,5.48191,0.22429,17.78903,4.46225,2.07149,1.50668
0.8840,-2.9470,30.70000,5.61125,0.22645,18.01364,3.26153,1.68836,1.65794
0.8940,-2.9370,44.00000,7.89736,0.33579,25.40269,5.27333,2.42168,2.31640
0.9040,-2.9270,36.10000,6.44219,0.26452,20.87167,4.52274,1.86908,1.84681
0.9140,-2.9170,38.50000,6.91438,0.24674,22.63925,4.75351,1.55265,2.16301
0.9240,-2.9070,23.00000,3.91427,0.17943,13.58311,2.81967,1.20872,1.11719
0.9340,-2.8970,19.20000,3.11800,0.13680,11.42697,2.24434,1.06583,1.03802
0.9440,-2.8870,18.70000,3.21281,0.08256,11.32285,1.97966,0.64849,1.30409
0.9540,-2.8770,48.60000,8.68244,0.28836,29.76176,4.89535,1.69908,2.92180
0.9640,-2.8670,43.50000,7.67851,0.27069,26.54702,4.60283,1.54276,2.56510
0.9740,-2.8570,49.60000,8.77970,0.31553,30.05671,5.46318,1.75046,2.94430
0.9840,-2.8470,17.70000,3.03921,0.11043,10.79027,1.94961,0.64837,1.04158
0.9940,-2.8370,12.80000,2.30551,0.05814,7.68109,1.37202,0.42906,0.83343
1.0040,-2.8270,14.10000,2.57826,0.06965,8.59988,1.50941,0.42436,0.83773
1.0140,-2.8170,25.30000,4.59700,0.12110,15.51006,2.70251,0.69850,1.56144
1.0240,-2.8070,24.40000,4.45667,0.11098,15.08845,2.37705,0.65708,1.58506
1.0340,-2.7970,26.50000,4.83797,0.11962,16.49147,2.36940,0.73364,1.76369
1.0440,-2.7870,29.60000,5.28001,0.15469,18.66050,2.59987,0.84769,1.90922
1.0540,-2.7770,25.80000,4.46094,0.16209,16.40106,2.32408,0.74181,1.55362
1.0640,-2.7670,19.90000,3.38339,0.12484,12.62642,1.85057,0.60367,1.17562
1.0740,-2.7570,15.80000,2.63532,0.10141,10.00772,1.51686,0.50862,0.91607
1.0840,-2.7470,33.70000,5.88475,0.17245,20.52266,4.03533,0.80624,2.07161
1.0940,-2.7370,41.10000,7.52940,0.18294,25.26181,4.26190,0.97139,2.60940
1.1040,-2.7270,56.60000,10.41957,0.25212,35.34428,5.16701,1.48969,3.52860
1.1140,-2.7170,46.00000,8.04892,0.23598,28.98412,4.30623,1.23164,2.92640
1.1240,-2.7070,22.90000,3.80010,0.13327,14.37373,2.48279,0.49868,1.49043
1.1340,-2.6970,20.20000,3.15361,0.10954,12.79924,2.39256,0.43581,1.20744
1.1440,-2.6870,32.10000,5.07964,0.20700,20.45093,3.64550,0.87419,1.56560
1.1540,-2.6770,87.20000,14.40815,0.43107,55.02228,10.27100,2.00756,4.39000
1.1640,-2.6670,65.30000,10.65048,0.27438,42.18753,6.96277,1.57360,3.09796
1.1740,-2.6570,35.90000,6.08577,0.09857,22.68176,4.30506,0.54724,1.99130
1.1840,-2.6470,27.90000,4.47074,0.10905,17.61011,3.60392,0.57504,1.34830
1.1940,-2.6370,32.50000,4.92541,0.16861,20.47896,4.33716,0.84038,1.45102
1.2040,-2.6270,61.20000,9.09519,0.32883,39.21270,8.08289,1.55620,2.43070
1.2140,-2.6170,48.90000,7.18042,0.22057,30.78317,7.23784,1.15631,1.91154
1.2240,-2.6070,11.00000,1.47241,0.05343,7.09532,1.67057,0.21687,0.39883
1.2340,-2.5970,83.70000,12.00208,0.35490,55.19511,10.00830,1.91715,3.39590
1.2440,-2.5870,68.70000,9.81705,0.26327,43.86276,9.93062,0.84377,3.43930
1.2540,-2.5770,8.25000,1.22037,0.03571,5.21938,1.14894,0.12036,0.44182
1.2640,-2.5670,54.10000,7.20595,0.27070,35.52036,7.15179,1.50574,1.81978
1.2740,-2.5570,60.60000,8.38467,0.26347,40.40102,7.20263,1.29466,2.43350
1.2840,-2.5470,59.50000,8.45352,0.25072,40.26410,6.39293,1.03926,2.50315
1.2940,-2.5370,18.00000,2.53003,0.09179,12.16069,2.00348,0.41306,0.62460
1.3040,-2.5270,42.10000,6.36223,0.21827,27.79467,4.58894,0.87020,1.90698
1.3140,-2.5170,45.80000,6.67549,0.25399,29.84270,5.53186,1.30207,1.79280
1.3240,-2.5070,44.30000,6.53683,0.23792,28.71550,5.44765,1.19565,1.80814
1.3340,-2.4970,56.10000,8.68412,0.23768,36.33201,6.60799,1.09659,2.66146
1.3440,-2.4870,51.20000,7.91327,0.24237,33.06907,5.94026,1.03303,2.60185
1.3540,-2.4770,49.10000,7.22735,0.25245,31.77355,5.84429,1.11501,2.49768
1.3640,-2.4670,55.10000,8.30777,0.18595,36.07408,6.15071,0.82795,3.07640
1.3740,-2.4570,76.20000,10.44817,0.37440,50.83332,9.09933,1.78853,2.89620
1.3840,-2.4470,25.90000,3.95050,0.10145,17.47419,2.22402,0.79397,1.15601
1.3940,-2.4370,15.10000,2.09907,0.04114,10.65074,1.33700,0.30234,0.53204
1.4040,-2.4270,41.50000,5.57020,0.20524,28.56273,3.97548,1.35172,1.29040
1.4140,-2.4170,33.00000,4.62916,0.18628,22.32976,3.18309,1.23117,1.06552
1.4240,-2.4070,35.80000,4.57310,0.19682,24.66840,3.83404,1.19607,0.90882
1.4340,-2.3970,37.80000,4.68714,0.20388,26.09740,4.23797,1.22510,0.82133
1.4440,-2.3870,45.80000,5.94756,0.22600,31.48488,4.79956,1.38270,1.38265
1.4540,-2.3770,27.30000,4.01455,0.09132,18.86164,2.39962,0.48466,1.17178
1.4640,-2.3670,28.70000,4.41265,0.08299,19.83280,2.26914,0.43597,1.41998
1.4740,-2.3570,37.80000,5.74707,0.12992,25.93628,2.97410,0.67891,2.03336
1.4840,-2.3470,52.80000,7.70784,0.19506,36.15399,4.51253,1.01334,2.72950
1.4940,-2.3370,75.20000,10.82046,0.35267,50.72826,6.56024,2.32288,3.70790
1.5040,-2.3270,66.90000,9.94173,0.27588,45.18305,5.72150,1.91748,3.25100
1.5140,-2.3170,40.10000,6.27900,0.11412,27.01215,3.78883,0.56858,2.11320
1.5240,-2.3070,21.90000,3.26630,0.06624,14.81106,2.30837,0.33848,0.97597
1.5340,-2.2970,17.70000,2.71560,0.04565,12.02147,1.75824,0.22024,0.86027
1.5440,-2.2870,27.90000,4.51290,0.07291,18.82614,2.25510,0.38383,1.65082
1.5540,-2.2770,35.10000,5.58492,0.09215,23.66306,3.08733,0.52670,1.88264
1.5640,-2.2670,61.20000,9.05129,0.16481,41.13166,6.23347,1.43927,2.76380
1.5740,-2.2570,42.20000,6.11629,0.13062,28.58396,4.25856,1.04887,1.72918
1.5840,-2.2470,17.00000,2.59733,0.04420,11.53532,1.55705,0.36942,0.82756
1.5940,-2.2370,11.90000,1.83500,0.02871,8.06185,1.07048,0.25833,0.60870
1.6040,-2.2270,10.70000,1.60968,0.02825,7.21157,0.97539,0.24353,0.58966
1.6140,-2.2170,27.60000,4.28481,0.06066,18.61164,2.40926,0.45955,1.59475
1.6240,-2.2070,48.60000,7.68371,0.09113,33.19825,3.90839,0.72087,2.70410
1.6340,-2.1970,63.20000,9.26725,0.13479,43.36322,5.88542,1.10249,3.00420
1.6440,-2.1870,44.30000,6.46541,0.11986,30.64617,3.69821,0.81082,2.29306
1.6540,-2.1770,36.90000,5.36969,0.11690,25.40082,2.89635,0.80811,2.07239
1.6640,-2.1670,19.70000,2.85458,0.07413,13.52804,1.67456,0.40063,1.01411
1.6740,-2.1570,26.90000,3.78946,0.09473,18.57849,2.36028,0.58473,1.27208
1.6840,-2.1470,31.90000,4.42807,0.10683,22.18075,2.82778,0.70397,1.46016
1.6940,-2.1370,39.90000,5.48347,0.12828,27.97362,3.38996,0.89194,1.73730
1.7040,-2.1270,51.40000,6.92373,0.16468,36.27142,4.40078,1.15738,2.03986
1.7140,-2.1170,73.80000,9.72956,0.23063,52.50696,6.27236,1.71205,2.71198
1.7240,-2.1070,38.40000,5.31543,0.11874,26.71207,3.32508,1.07923,1.60129
1.7340,-2.0970,33.10000,4.65757,0.09254,23.05234,2.77370,0.88736,1.42541
1.7440,-2.0870,27.90000,3.79410,0.07756,19.62971,2.18291,0.84921,1.20740
1.7540,-2.0770,25.60000,3.46456,0.06902,18.06878,1.98988,0.79601,1.11252
1.7640,-2.0670,26.80000,3.57391,0.07235,18.85264,2.07075,0.85788,1.17376
1.7740,-2.0570,30.00000,3.89768,0.08658,21.09501,2.33275,1.04436,1.32521
1.7840,-2.0470,39.40000,5.01000,0.12451,27.72207,3.18369,1.43886,1.64956
1.7940,-2.0370,40.40000,4.75713,0.17329,27.70659,3.86488,2.21277,1.47392
1.8040,-2.0270,89.80000,10.61837,0.34273,63.13840,7.51645,4.17710,3.36267
1.8140,-2.0170,57.10000,6.97945,0.20009,40.90730,4.57587,1.83919,2.15322
1.8240,-2.0070,33.00000,4.01234,0.12393,23.34299,2.75986,1.23568,1.34494
1.8340,-1.9970,26.90000,3.08685,0.12141,18.65962,2.55194,1.28467,0.98727
1.8440,-1.9870,43.20000,4.67412,0.20146,30.39480,4.17543,2.28713,1.18564
1.8540,-1.9770,62.50000,6.69249,0.28529,44.16978,5.86857,3.28547,1.76214
1.8640,-1.9670,43.90000,4.93859,0.17981,30.85414,4.01579,2.08634,1.57615
1.8740,-1.9570,37.90000,4.31127,0.14197,26.60522,3.30199,1.63556,1.65548
1.8840,-1.9470,41.00000,4.56155,0.15613,28.67618,3.55370,1.96833,1.87837
1.8940,-1.9370,83.10000,9.07249,0.29001,59.00836,6.87994,3.74154,3.63049
1.9040,-1.9270,58.80000,6.63242,0.18452,42.09895,4.58524,2.21954,2.78310
1.9140,-1.9170,44.90000,5.23815,0.11689,32.37194,3.33922,1.38905,2.15639
1.9240,-1.9070,45.80000,5.55113,0.10022,33.18089,3.45790,1.03711,2.16096
1.9340,-1.8970,77.40000,9.99665,0.19467,56.44874,5.46006,1.49010,3.32950
1.9440,-1.8870,24.10000,3.05957,0.03732,17.46674,1.89317,0.34718,1.17563
1.9540,-1.8770,26.90000,3.22824,0.05470,19.54253,2.06941,0.62526,1.25244
1.9640,-1.8670,35.90000,4.15062,0.08507,26.14743,2.81546,1.02832,1.51673
1.9740,-1.8570,44.90000,5.32150,0.09931,32.85403,3.46941,1.13456,1.83338
1.9840,-1.8470,29.70000,3.52481,0.06614,21.84688,2.26612,0.63392,1.23122
1.9940,-1.8370,37.00000,4.58983,0.08227,27.25243,2.63010,0.66250,1.53814
2.0040,-1.8270,52.50000,6.60208,0.10357,38.78136,3.42416,0.80323,2.50521
2.0140,-1.8170,63.50000,7.45361,0.10461,46.84833,4.34382,1.16342,3.24433
2.0240,-1.8070,48.50000,5.50093,0.08577,35.93280,3.36281,1.07841,2.29904
2.0340,-1.7970,43.90000,4.85801,0.08166,32.73223,2.93290,1.10648,1.97331
2.0440,-1.7870,66.70000,7.19177,0.14417,49.92849,4.25969,2.13830,2.71480
2.0540,-1.7770,67.90000,7.13251,0.13664,50.73642,4.46848,2.27511,2.79491
2.0640,-1.7670,58.70000,6.24677,0.11315,43.94732,3.93750,1.82430,2.32569
2.0740,-1.7570,55.20000,6.00003,0.09543,41.30473,3.81786,1.48695,2.11795
2.0840,-1.7470,48.30000,5.56732,0.07862,36.07629,3.21781,1.08799,2.05281
2.0940,-1.7370,45.70000,5.55585,0.07427,34.18084,2.74576,0.91245,2.06770
2.1040,-1.7270,63.00000,7.72506,0.11052,47.51635,3.70032,1.15402,2.45319
2.1140,-1.7170,30.40000,3.71631,0.05556,22.86358,1.72094,0.48893,1.42178
2.1240,-1.7070,31.10000,3.76155,0.06113,23.57478,1.68267,0.51958,1.40075
2.1340,-1.6970,34.40000,4.11288,0.07551,26.26778,1.77009,0.59606,1.46615
2.1440,-1.6870,31.70000,3.86025,0.09753,24.17446,1.64341,0.52705,1.24998
2.1540,-1.6770,40.20000,4.87041,0.09645,30.61572,2.09008,0.62315,1.71752
2.1640,-1.6670,53.50000,6.59966,0.10030,41.08350,2.58831,0.88663,2.03133
2.1740,-1.6570,47.10000,5.49470,0.11270,37.04067,1.93388,0.60241,1.68397
2.1840,-1.6470,49.80000,5.78690,0.12863,39.24564,2.14314,0.65722,1.64140
2.1940,-1.6370,143.00000,16.49444,0.40740,113.24592,5.26572,1.67211,5.57780
2.2040,-1.6270,44.80000,5.05244,0.10963,35.02909,1.70637,0.63213,2.12314
2.2140,-1.6170,39.70000,4.46775,0.09786,31.19520,1.62266,0.62174,1.50140
2.2240,-1.6070,43.00000,4.92083,0.10419,33.77597,1.92545,0.68105,1.36349
2.2340,-1.5970,47.80000,5.51610,0.11411,37.47538,2.25578,0.74602,1.48636
2.2440,-1.5870,54.70000,6.29385,0.13090,42.80572,2.58524,0.89817,1.77017
2.2540,-1.5770,40.50000,4.57050,0.09416,31.76424,1.90314,0.73501,1.27752
2.2640,-1.5670,27.30000,3.14104,0.06841,21.63594,1.10053,0.40496,0.84687
2.2740,-1.5570,51.60000,5.95357,0.10945,40.82515,2.10323,0.73892,1.64922
2.2840,-1.5470,45.70000,5.19164,0.09852,36.11524,1.90310,0.63710,1.53093
2.2940,-1.5370,41.50000,4.59176,0.07993,32.75652,1.75870,0.54330,1.52927
2.3040,-1.5270,47.70000,5.22039,0.08771,37.61640,1.95265,0.59033,1.97895
2.3140,-1.5170,43.10000,4.72572,0.08017,34.11317,1.64858,0.55339,1.76717
2.3240,-1.5070,42.90000,4.63572,0.08915,34.22333,1.51777,0.59093,1.60122
2.3340,-1.4970,41.30000,4.42592,0.08611,33.29230,1.39248,0.57135,1.39529
2.3440,-1.4870,42.50000,4.35643,0.09362,34.31414,1.53802,0.60876,1.39158
2.3540,-1.4770,39.10000,3.96300,0.09227,31.78879,1.37214,0.61030,1.12010
2.3640,-1.4670,32.00000,3.21689,0.06824,25.94223,1.20176,0.48535,0.94263
2.3740,-1.4570,45.20000,4.62402,0.07909,36.53957,1.88120,0.50557,1.30299
2.3840,-1.4470,53.00000,5.44512,0.09100,42.90209,2.10116,0.53782,1.70703
2.3940,-1.4370,49.40000,4.92878,0.10076,40.09124,1.88208,0.51043,1.61691
2.4040,-1.4270,39.70000,3.88498,0.08215,32.23947,1.58406,0.41001,1.36009
2.4140,-1.4170,42.90000,4.21276,0.08770,34.73837,1.71288,0.38512,1.57215
2.4240,-1.4070,48.80000,4.69741,0.10066,39.25818,2.10687,0.37355,2.01507
2.4340,-1.3970,51.80000,4.86880,0.10527,41.53494,2.36420,0.37485,2.27951
2.4440,-1.3870,45.70000,4.19277,0.09872,36.58927,2.24517,0.29237,2.04677
2.4540,-1.3770,62.80000,5.97921,0.12544,50.35230,3.05150,0.34369,2.67069
2.4640,-1.3670,65.10000,6.55251,0.11135,52.78354,2.62353,0.35444,2.48698
2.4740,-1.3570,57.20000,5.80963,0.10145,46.57307,2.13312,0.36158,1.94299
2.4840,-1.3470,62.80000,6.42755,0.11191,51.53035,2.10345,0.43916,1.89929
2.4940,-1.3370,60.00000,6.04390,0.10695,49.48214,1.93746,0.43210,1.77167
2.5040,-1.3270,61.40000,6.00780,0.10699,50.55681,2.08948,0.46270,1.95084
2.5140,-1.3170,53.50000,5.02966,0.10283,43.95922,1.98578,0.40655,1.79992
2.5240,-1.3070,50.70000,4.81233,0.08982,41.71757,2.00375,0.40657,1.45946
2.5340,-1.2970,47.00000,4.54194,0.07749,38.52989,1.94703,0.33269,1.30702
2.5440,-1.2870,37.50000,3.54534,0.06539,30.81034,1.56989,0.26980,1.09902
2.5540,-1.2770,34.40000,3.22962,0.05720,28.31450,1.40102,0.23548,0.98015
2.5640,-1.2670,32.70000,3.06714,0.05167,27.01184,1.26985,0.21285,0.90333
2.5740,-1.2570,47.90000,4.44570,0.08000,39.85415,1.74244,0.27181,1.26821
2.5840,-1.2470,65.50000,6.28329,0.10987,54.67233,2.18594,0.30456,1.68914
2.5940,-1.2370,47.60000,4.52634,0.07512,39.68335,1.63306,0.22561,1.28694
2.6040,-1.2270,44.10000,4.11200,0.06492,36.78199,1.46494,0.27646,1.22096
2.6140,-1.2170,52.00000,4.89357,0.07047,43.28670,1.76025,0.27696,1.46784
2.6240,-1.2070,44.20000,4.12068,0.05752,36.90458,1.50572,0.21157,1.23662
2.6340,-1.1970,38.40000,3.49119,0.04875,32.14673,1.30908,0.17848,1.04784
2.6440,-1.1870,31.30000,2.79680,0.03876,26.32041,1.09175,0.14983,0.80635
2.6540,-1.1770,32.50000,2.84484,0.03976,27.41931,1.17735,0.15437,0.75996
2.6640,-1.1670,26.00000,2.18353,0.03174,22.09041,0.90911,0.13422,0.59479
2.6740,-1.1570,40.80000,3.61529,0.04321,34.23892,1.56705,0.13805,1.00859
2.6840,-1.1470,37.40000,3.29446,0.03951,31.42810,1.41166,0.13106,0.94542
2.6940,-1.1370,34.60000,3.03135,0.03605,29.08510,1.23525,0.12267,0.92023
2.7040,-1.1270,48.20000,4.35867,0.05293,40.60713,1.50102,0.16816,1.35474
2.7140,-1.1170,40.30000,3.37404,0.05062,34.17850,1.09178,0.16563,1.27011
2.7240,-1.1070,25.40000,2.00867,0.03574,21.68244,0.68376,0.10471,0.81437
2.7340,-1.0970,18.80000,1.45955,0.02794,16.02069,0.50529,0.06963,0.61438
2.7440,-1.0870,26.50000,2.23586,0.03974,22.55359,0.69023,0.07404,0.81192
2.7540,-1.0770,47.60000,4.17169,0.09294,40.54920,1.07749,0.18465,1.29959
2.7640,-1.0670,28.00000,2.39815,0.05534,23.90327,0.69301,0.10379,0.75459
2.7740,-1.0570,24.40000,2.04651,0.04489,20.79022,0.63482,0.07837,0.64912
2.7840,-1.0470,23.60000,1.96289,0.04184,20.21528,0.63380,0.06835,0.61859
2.7940,-1.0370,32.00000,2.72015,0.05284,27.34978,0.84081,0.08461,0.82151
2.8040,-1.0270,56.80000,4.93737,0.08603,48.55680,1.38240,0.12821,1.43471
2.8140,-1.0170,55.20000,4.74707,0.09505,47.06716,1.42849,0.12756,1.47498
2.8240,-1.0070,36.70000,3.07496,0.06419,31.49768,0.94460,0.07502,0.93718
2.8340,-0.9970,28.60000,2.32895,0.05157,24.62538,0.68088,0.06320,0.67370
2.8440,-0.9870,26.10000,2.08723,0.05001,22.54565,0.59795,0.06026,0.59706
2.8540,-0.9770,23.20000,1.84012,0.04634,20.08245,0.51770,0.05658,0.51589
2.8640,-0.9670,32.20000,2.68685,0.06632,27.76464,0.75206,0.08919,0.72455
2.8740,-0.9570,26.10000,2.18350,0.05761,22.51625,0.61578,0.07164,0.58388
2.8840,-0.9470,22.60000,1.88825,0.05192,19.42992,0.54722,0.06209,0.51128
2.8940,-0.9370,29.60000,2.47964,0.06837,25.45125,0.71072,0.07458,0.69546
2.9040,-0.9270,40.70000,3.41048,0.09421,34.98154,0.97250,0.09461,0.97072
2.9140,-0.9170,36.40000,3.02917,0.07373,31.36452,0.87263,0.08275,0.84229
2.9240,-0.9070,37.60000,3.11624,0.07022,32.40611,0.89629,0.08004,0.85393
2.9340,-0.8970,53.80000,4.46069,0.10132,46.28809,1.36699,0.09895,1.25421
2.9440,-0.8870,26.10000,2.14618,0.04162,22.57773,0.64957,0.04391,0.54432
2.9540,-0.8770,22.30000,1.83587,0.03323,19.28600,0.54717,0.03212,0.45396
2.9640,-0.8670,21.70000,1.76869,0.03254,18.75461,0.52246,0.02983,0.45564
2.9740,-0.8570,23.10000,1.86130,0.03617,20.02247,0.54267,0.03209,0.50571
2.9840,-0.8470,25.50000,2.02588,0.04281,22.14657,0.56659,0.03593,0.56098
2.9940,-0.8370,23.80000,1.83464,0.04588,20.73290,0.48669,0.03659,0.53097
3.0040,-0.8270,37.20000,2.59701,0.06151,32.61702,0.68786,0.05446,0.94957
3.0140,-0.8170,47.20000,3.28588,0.07585,41.35866,0.91921,0.05677,1.28354
3.0240,-0.8070,35.60000,2.47712,0.05260,31.06615,0.79731,0.04048,0.96398
3.0340,-0.7970,31.30000,2.15439,0.04250,27.29623,0.73356,0.03725,0.82554
3.0440,-0.7870,14.60000,0.97485,0.01827,12.79201,0.33178,0.01735,0.38232
3.0540,-0.7770,20.80000,1.38941,0.02577,18.25719,0.42601,0.02889,0.54204
3.0640,-0.7670,39.80000,2.68294,0.05125,35.14027,0.68725,0.06096,0.92165
3.0740,-0.7570,30.10000,1.99213,0.03853,26.65608,0.51194,0.04637,0.69628
3.0840,-0.7470,25.60000,1.66012,0.03358,22.67594,0.42376,0.03936,0.58343
3.0940,-0.7370,30.80000,1.95016,0.04394,27.33812,0.54597,0.04519,0.69530
3.1040,-0.7270,41.20000,2.60082,0.06048,36.51344,0.78757,0.05568,0.95292
3.1140,-0.7170,37.60000,2.38612,0.05448,33.25743,0.75285,0.04947,0.87466
3.1240,-0.7070,40.00000,2.58621,0.05233,35.12264,0.91784,0.04724,1.01121
3.1340,-0.6970,32.20000,1.99594,0.04326,28.56432,0.63054,0.04097,0.80167
3.1440,-0.6870,28.10000,1.73327,0.03822,24.91505,0.57033,0.03596,0.66803
3.1540,-0.6770,25.10000,1.53318,0.03423,22.22327,0.52180,0.03180,0.57440
3.1640,-0.6670,22.70000,1.38045,0.03130,20.13928,0.48409,0.02854,0.49771
3.1740,-0.6570,21.10000,1.27625,0.02962,18.73478,0.46082,0.02618,0.43811
3.1840,-0.6470,11.70000,0.68789,0.01111,10.30800,0.28750,0.01136,0.29971
3.1940,-0.6370,7.78000,0.43772,0.00391,6.85794,0.19352,0.00663,0.24163
3.2040,-0.6270,8.76000,0.48310,0.00432,7.75085,0.21267,0.00777,0.26965
3.2140,-0.6170,9.35000,0.51145,0.00568,8.28580,0.22032,0.00882,0.26794
3.2240,-0.6070,8.05000,0.43644,0.00607,7.17313,0.17855,0.00828,0.21315
3.2340,-0.5970,6.42000,0.34464,0.00582,5.74308,0.13280,0.00718,0.15572
3.2440,-0.5870,4.48000,0.23809,0.00477,4.02503,0.08577,0.00542,0.09847
3.2540,-0.5770,2.23000,0.11720,0.00273,2.01288,0.03917,0.00290,0.04392
3.2640,-0.5670,0.04600,0.00239,0.00006,0.04165,0.00075,0.00006,0.00084
3.2740,-0.5570,0.00000,0.00000,0.00000,0.00000,0.00000,0.00000,0.00000
3.2840,-0.5470,0.00000,0.00000,0.00000,0.00000,0.00000,0.00000,0.00000
3.2940,-0.5370,0.00000,0.00000,0.00000,0.00000,0.00000,0.00000,0.00000
3.3040,-0.5270,0.00000,0.00000,0.00000,0.00000,0.00000,0.00000,0.00000
3.3140,-0.5170,0.00000,0.00000,0.00000,0.00000,0.00000,0.00000,0.00000
3.3240,-0.5070,0.00000,0.00000,0.00000,0.00000,0.00000,0.00000,0.00000
3.3340,-0.4970,0.00000,0.00000,0.00000,0.00000,0.00000,0.00000,0.00000
3.3440,-0.4870,0.00000,0.00000,0.00000,0.00000,0.00000,0.00000,0.00000
3.3540,-0.4770,0.00000,0.00000,0.00000,0.00000,0.00000,0.00000,0.00000
3.3640,-0.4670,0.00000,0.00000,0.00000,0.00000,0.00000,0.00000,0.00000
3.3740,-0.4570,0.00000,0.00000,0.00000,0.00000,0.00000,0.00000,0.00000
3.3840,-0.4470,0.00000,0.00000,0.00000,0.00000,0.00000,0.00000,0.00000
3.3940,-0.4370,0.00000,0.00000,0.00000,0.00000,0.00000,0.00000,0.00000
3.4040,-0.4270,0.00000,0.00000,0.00000,0.00000,0.00000,0.00000,0.00000
3.4140,-0.4170,0.00000,0.00000,0.00000,0.00000,0.00000,0.00000,0.00000
3.4240,-0.4070,0.00000,0.00000,0.00000,0.00000,0.00000,0.00000,0.00000
3.4340,-0.3970,0.00000,0.00000,0.00000,0.00000,0.00000,0.00000,0.00000
3.4440,-0.3870,0.00000,0.00000,0.00000,0.00000,0.00000,0.00000,0.00000
3.4540,-0.3770,0.00000,0.00000,0.00000,0.00000,0.00000,0.00000,0.00000
3.4640,-0.3670,0.00000,0.00000,0.00000,0.00000,0.00000,0.00000,0.00000
3.4740,-0.3570,0.00000,0.00000,0.00000,0.00000,0.00000,0.00000,0.00000
3.4840,-0.3470,0.00000,0.00000,0.00000,0.00000,0.00000,0.00000,0.00000
3.4940,-0.3370,0.00000,0.00000,0.00000,0.00000,0.00000,0.00000,0.00000
3.5040,-0.3270,0.00000,0.00000,0.00000,0.00000,0.00000,0.00000,0.00000
3.5140,-0.3170,0.00000,0.00000,0.00000,0.00000,0.00000,0.00000,0.00000
3.5240,-0.3070,0.00000,0.00000,0.00000,0.00000,0.00000,0.00000,0.00000
3.5340,-0.2970,0.00000,0.00000,0.00000,0.00000,0.00000,0.00000,0.00000
3.5440,-0.2870,0.00000,0.00000,0.00000,0.00000,0.00000,0.00000,0.00000
3.5540,-0.2770,0.00000,0.00000,0.00000,0.00000,0.00000,0.00000,0.00000
3.5640,-0.2670,0.00000,0.00000,0.00000,0.00000,0.00000,0.00000,0.00000
3.5740,-0.2570,0.00000,0.00000,0.00000,0.00000,0.00000,0.00000,0.00000
3.5840,-0.2470,0.00000,0.00000,0.00000,0.00000,0.00000,0.00000,0.00000
3.5940,-0.2370,0.00000,0.00000,0.00000,0.00000,0.00000,0.00000,0.00000
3.6040,-0.2270,0.00000,0.00000,0.00000,0.00000,0.00000,0.00000,0.00000
3.6140,-0.2170,0.00000,0.00000,0.00000,0.00000,0.00000,0.00000,0.00000
3.6240,-0.2070,0.00000,0.00000,0.00000,0.00000,0.00000,0.00000,0.00000
3.6340,-0.1970,0.00000,0.00000,0.00000,0.00000,0.00000,0.00000,0.00000
3.6440,-0.1870,0.00000,0.00000,0.00000,0.00000,0.00000,0.00000,0.00000
3.6540,-0.1770,0.00000,0.00000,0.00000,0.00000,0.00000,0.00000,0.00000
3.6640,-0.1670,0.00000,0.00000,0.00000,0.00000,0.00000,0.00000,0.00000
3.6740,-0.1570,0.00000,0.00000,0.00000,0.00000,0.00000,0.00000,0.00000
3.6840,-0.1470,0.00000,0.00000,0.00000,0.00000,0.00000,0.00000,0.00000
3.6940,-0.1370,0.00000,0.00000,0.00000,0.00000,0.00000,0.00000,0.00000
3.7040,-0.1270,0.00000,0.00000,0.00000,0.00000,0.00000,0.00000,0.00000
3.7140,-0.1170,0.00000,0.00000,0.00000,0.00000,0.00000,0.00000,0.00000
3.7240,-0.1070,0.00000,0.00000,0.00000,0.00000,0.00000,0.00000,0.00000
3.7340,-0.0970,0.00000,0.00000,0.00000,0.00000,0.00000,0.00000,0.00000
3.7440,-0.0870,0.00000,0.00000,0.00000,0.00000,0.00000,0.00000,0.00000
3.7540,-0.0770,0.00000,0.00000,0.00000,0.00000,0.00000,0.00000,0.00000
3.7640,-0.0670,0.00000,0.00000,0.00000,0.00000,0.00000,0.00000,0.00000
3.7740,-0.0570,0.00000,0.00000,0.00000,0.00000,0.00000,0.00000,0.00000
3.7840,-0.0470,0.00000,0.00000,0.00000,0.00000,0.00000,0.00000,0.00000
3.7940,-0.0370,0.00000,0.00000,0.00000,0.00000,0.00000,0.00000,0.00000
3.8040,-0.0270,0.00000,0.00000,0.00000,0.00000,0.00000,0.00000,0.00000
3.8140,-0.0170,0.00000,0.00000,0.00000,0.00000,0.00000,0.00000,0.00000
3.8240,-0.0070,0.00000,0.00000,0.00000,0.00000,0.00000,0.00000,0.00000
3.8340,0.0030,0.00000,0.00000,0.00000,0.00000,0.00000,0.00000,0.00000
3.8440,0.0130,0.00000,0.00000,0.00000,0.00000,0.00000,0.00000,0.00000
3.8540,0.0230,0.00000,0.00000,0.00000,0.00000,0.00000,0.00000,0.00000
3.8640,0.0330,0.00000,0.00000,0.00000,0.00000,0.00000,0.00000,0.00000
3.8740,0.0430,0.00000,0.00000,0.00000,0.00000,0.00000,0.00000,0.00000
3.8840,0.0530,0.00000,0.00000,0.00000,0.00000,0.00000,0.00000,0.00000
3.8940,0.0630,0.00000,0.00000,0.00000,0.00000,0.00000,0.00000,0.00000
3.9040,0.0730,0.00000,0.00000,0.00000,0.00000,0.00000,0.00000,0.00000
3.9140,0.0830,0.00000,0.00000,0.00000,0.00000,0.00000,0.00000,0.00000
3.9240,0.0930,0.00000,0.00000,0.00000,0.00000,0.00000,0.00000,0.00000
3.9340,0.1030,0.00000,0.00000,0.00000,0.00000,0.00000,0.00000,0.00000
3.9440,0.1130,0.00000,0.00000,0.00000,0.00000,0.00000,0.00000,0.00000
3.9540,0.1230,0.00000,0.00000,0.00000,0.00000,0.00000,0.00000,0.00000
3.9640,0.1330,0.00000,0.00000,0.00000,0.00000,0.00000,0.00000,0.00000
3.9740,0.1430,0.00000,0.00000,0.00000,0.00000,0.00000,0.00000,0.00000
3.9840,0.1530,0.00000,0.00000,0.00000,0.00000,0.00000,0.00000,0.00000
3.9940,0.1630,0.00000,0.00000,0.00000,0.00000,0.00000,0.00000,0.00000
4.0040,0.1730,0.00000,0.00000,0.00000,0.00000,0.00000,0.00000,0.00000
4.0140,0.1830,0.00000,0.00000,0.00000,0.00000,0.00000,0.00000,0.00000
4.0240,0.1930,0.00000,0.00000,0.00000,0.00000,0.00000,0.00000,0.00000
4.0340,0.2030,0.00000,0.00000,0.00000,0.00000,0.00000,0.00000,0.00000
4.0440,0.2130,0.00000,0.00000,0.00000,0.00000,0.00000,0.00000,0.00000
4.0540,0.2230,0.00000,0.00000,0.00000,0.00000,0.00000,0.00000,0.00000
4.0640,0.2330,0.00000,0.00000,0.00000,0.00000,0.00000,0.00000,0.00000
4.0740,0.2430,0.00000,0.00000,0.00000,0.00000,0.00000,0.00000,0.00000
4.0840,0.2530,0.00000,0.00000,0.00000,0.00000,0.00000,0.00000,0.00000
4.0940,0.2630,0.00000,0.00000,0.00000,0.00000,0.00000,0.00000,0.00000
4.1040,0.2730,0.00000,0.00000,0.00000,0.00000,0.00000,0.00000,0.00000
4.1140,0.2830,0.00000,0.00000,0.00000,0.00000,0.00000,0.00000,0.00000
4.1240,0.2930,0.00000,0.00000,0.00000,0.00000,0.00000,0.00000,0.00000
4.1340,0.3030,0.00000,0.00000,0.00000,0.00000,0.00000,0.00000,0.00000
4.1440,0.3130,0.00000,0.00000,0.00000,0.00000,0.00000,0.00000,0.00000
4.1540,0.3230,0.00000,0.00000,0.00000,0.00000,0.00000,0.00000,0.00000
4.1640,0.3330,0.00000,0.00000,0.00000,0.00000,0.00000,0.00000,0.00000
4.1740,0.3430,0.00000,0.00000,0.00000,0.00000,0.00000,0.00000,0.00000
4.1840,0.3530,0.00000,0.00000,0.00000,0.00000,0.00000,0.00000,0.00000
4.1940,0.3630,0.00000,0.00000,0.00000,0.00000,0.00000,0.00000,0.00000
4.2040,0.3730,0.00000,0.00000,0.00000,0.00000,0.00000,0.00000,0.00000
4.2140,0.3830,0.00000,0.00000,0.00000,0.00000,0.00000,0.00000,0.00000
4.2240,0.3930,0.00000,0.00000,0.00000,0.00000,0.00000,0.00000,0.00000
4.2340,0.4030,0.00000,0.00000,0.00000,0.00000,0.00000,0.00000,0.00000
4.2440,0.4130,0.00000,0.00000,0.00000,0.00000,0.00000,0.00000,0.00000
4.2540,0.4230,0.00000,0.00000,0.00000,0.00000,0.00000,0.00000,0.00000
4.2640,0.4330,0.00000,0.00000,0.00000,0.00000,0.00000,0.00000,0.00000
4.2740,0.4430,0.00000,0.00000,0.00000,0.00000,0.00000,0.00000,0.00000
4.2840,0.4530,0.00000,0.00000,0.00000,0.00000,0.00000,0.00000,0.00000
4.2940,0.4630,0.00000,0.00000,0.00000,0.00000,0.00000,0.00000,0.00000
4.3040,0.4730,0.00000,0.00000,0.00000,0.00000,0.00000,0.00000,0.00000
4.3140,0.4830,0.00000,0.00000,0.00000,0.00000,0.00000,0.00000,0.00000
4.3240,0.4930,0.00000,0.00000,0.00000,0.00000,0.00000,0.00000,0.00000
4.3340,0.5030,0.00000,0.00000,0.00000,0.00000,0.00000,0.00000,0.00000
4.3440,0.5130,0.00000,0.00000,0.00000,0.00000,0.00000,0.00000,0.00000
4.3540,0.5230,0.00000,0.00000,0.00000,0.00000,0.00000,0.00000,0.00000
4.3640,0.5330,0.00000,0.00000,0.00000,0.00000,0.00000,0.00000,0.00000
4.3740,0.5430,0.00000,0.00000,0.00000,0.00000,0.00000,0.00000,0.00000
4.3840,0.5530,0.00000,0.00000,0.00000,0.00000,0.00000,0.00000,0.00000
4.3940,0.5630,0.00000,0.00000,0.00000,0.00000,0.00000,0.00000,0.00000
4.4040,0.5730,0.00000,0.00000,0.00000,0.00000,0.00000,0.00000,0.00000
4.4140,0.5830,0.00000,0.00000,0.00000,0.00000,0.00000,0.00000,0.00000
4.4240,0.5930,0.00000,0.00000,0.00000,0.00000,0.00000,0.00000,0.00000
4.4340,0.6030,0.00000,0.00000,0.00000,0.00000,0.00000,0.00000,0.00000
4.4440,0.6130,0.00000,0.00000,0.00000,0.00000,0.00000,0.00000,0.00000
4.4540,0.6230,0.00000,0.00000,0.00000,0.00000,0.00000,0.00000,0.00000
4.4640,0.6330,0.00000,0.00000,0.00000,0.00000,0.00000,0.00000,0.00000
4.4740,0.6430,0.00000,0.00000,0.00000,0.00000,0.00000,0.00000,0.00000
4.4840,0.6530,0.00000,0.00000,0.00000,0.00000,0.00000,0.00000,0.00000
4.4940,0.6630,0.00000,0.00000,0.00000,0.00000,0.00000,0.00000,0.00000
4.5040,0.6730,0.00000,0.00000,0.00000,0.00000,0.00000,0.00000,0.00000
4.5140,0.6830,0.00000,0.00000,0.00000,0.00000,0.00000,0.00000,0.00000
4.5240,0.6930,0.00000,0.00000,0.00000,0.00000,0.00000,0.00000,0.00000
4.5340,0.7030,0.00000,0.00000,0.00000,0.00000,0.00000,0.00000,0.00000
4.5440,0.7130,0.00000,0.00000,0.00000,0.00000,0.00000,0.00000,0.00000
4.5540,0.7230,0.00000,0.00000,0.00000,0.00000,0.00000,0.00000,0.00000
4.5640,0.7330,0.00000,0.00000,0.00000,0.00000,0.00000,0.00000,0.00000
4.5740,0.7430,0.00000,0.00000,0.00000,0.00000,0.00000,0.00000,0.00000
4.5840,0.7530,0.00000,0.00000,0.00000,0.00000,0.00000,0.00000,0.00000
4.5940,0.7630,0.00000,0.00000,0.00000,0.00000,0.00000,0.00000,0.00000
4.6040,0.7730,0.00000,0.00000,0.00000,0.00000,0.00000,0.00000,0.00000
4.6140,0.7830,0.00000,0.00000,0.00000,0.00000,0.00000,0.00000,0.00000
4.6240,0.7930,0.00000,0.00000,0.00000,0.00000,0.00000,0.00000,0.00000
4.6340,0.8030,0.00000,0.00000,0.00000,0.00000,0.00000,0.00000,0.00000
4.6440,0.8130,0.00000,0.00000,0.00000,0.00000,0.00000,0.00000,0.00000
4.6540,0.8230,0.00000,0.00000,0.00000,0.00000,0.00000,0.00000,0.00000
4.6640,0.8330,0.00000,0.00000,0.00000,0.00000,0.00000,0.00000,0.00000
4.6740,0.8430,0.00000,0.00000,0.00000,0.00000,0.00000,0.00000,0.00000
4.6840,0.8530,0.00000,0.00000,0.00000,0.00000,0.00000,0.00000,0.00000
4.6940,0.8630,0.00000,0.00000,0.00000,0.00000,0.00000,0.00000,0.00000
4.7040,0.8730,0.00000,0.00000,0.00000,0.00000,0.00000,0.00000,0.00000
4.7140,0.8830,0.00000,0.00000,0.00000,0.00000,0.00000,0.00000,0.00000
4.7240,0.8930,0.00000,0.00000,0.00000,0.00000,0.00000,0.00000,0.00000
4.7340,0.9030,0.00000,0.00000,0.00000,0.00000,0.00000,0.00000,0.00000
4.7440,0.9130,0.00000,0.00000,0.00000,0.00000,0.00000,0.00000,0.00000
4.7540,0.9230,0.00000,0.00000,0.00000,0.00000,0.00000,0.00000,0.00000
4.7640,0.9330,0.00000,0.00000,0.00000,0.00000,0.00000,0.00000,0.00000
4.7740,0.9430,0.00000,0.00000,0.00000,0.00000,0.00000,0.00000,0.00000
4.7840,0.9530,0.00000,0.00000,0.00000,0.00000,0.00000,0.00000,0.00000
4.7940,0.9630,0.00000,0.00000,0.00000,0.00000,0.00000,0.00000,0.00000
4.8040,0.9730,0.00000,0.00000,0.00000,0.00000,0.00000,0.00000,0.00000
4.8140,0.9830,0.00000,0.00000,0.00000,0.00000,0.00000,0.00000,0.00000
4.8240,0.9930,0.00000,0.00000,0.00000,0.00000,0.00000,0.00000,0.00000
4.8340,1.0030,0.00000,0.00000,0.00000,0.00000,0.00000,0.00000,0.00000
4.8440,1.0130,0.00000,0.00000,0.00000,0.00000,0.00000,0.00000,0.00000
4.8540,1.0230,0.00000,0.00000,0.00000,0.00000,0.00000,0.00000,0.00000
4.8640,1.0330,0.00000,0.00000,0.00000,0.00000,0.00000,0.00000,0.00000
4.8740,1.0430,0.00000,0.00000,0.00000,0.00000,0.00000,0.00000,0.00000
4.8840,1.0530,0.00000,0.00000,0.00000,0.00000,0.00000,0.00000,0.00000
4.8940,1.0630,0.00000,0.00000,0.00000,0.00000,0.00000,0.00000,0.00000
4.9040,1.0730,0.00000,0.00000,0.00000,0.00000,0.00000,0.00000,0.00000
4.9140,1.0830,0.00000,0.00000,0.00000,0.00000,0.00000,0.00000,0.00000
4.9240,1.0930,0.00000,0.00000,0.00000,0.00000,0.00000,0.00000,0.00000
4.9340,1.1030,0.00000,0.00000,0.00000,0.00000,0.00000,0.00000,0.00000
4.9440,1.1130,0.00000,0.00000,0.00000,0.00000,0.00000,0.00000,0.00000
4.9540,1.1230,0.00000,0.00000,0.00000,0.00000,0.00000,0.00000,0.00000
4.9640,1.1330,0.00000,0.00000,0.00000,0.00000,0.00000,0.00000,0.00000
4.9740,1.1430,0.00000,0.00000,0.00000,0.00000,0.00000,0.00000,0.00000
4.9840,1.1530,0.00000,0.00000,0.00000,0.00000,0.00000,0.00000,0.00000
4.9940,1.1630,0.00000,0.00000,0.00000,0.00000,0.00000,0.00000,0.00000
5.0040,1.1730,0.00000,0.00000,0.00000,0.00000,0.00000,0.00000,0.00000
5.0140,1.1830,0.00000,0.00000,0.00000,0.00000,0.00000,0.00000,0.00000
5.0240,1.1930,0.00000,0.00000,0.00000,0.00000,0.00000,0.00000,0.00000
5.0340,1.2030,0.00000,0.00000,0.00000,0.00000,0.00000,0.00000,0.00000
5.0440,1.2130,0.00000,0.00000,0.00000,0.00000,0.00000,0.00000,0.00000
5.0540,1.2230,0.00000,0.00000,0.00000,0.00000,0.00000,0.00000,0.00000
5.0640,1.2330,0.00000,0.00000,0.00000,0.00000,0.00000,0.00000,0.00000
5.0740,1.2430,0.00000,0.00000,0.00000,0.00000,0.00000,0.00000,0.00000
5.0840,1.2530,0.00000,0.00000,0.00000,0.00000,0.00000,0.00000,0.00000
5.0940,1.2630,0.00000,0.00000,0.00000,0.00000,0.00000,0.00000,0.00000
5.1040,1.2730,0.00000,0.00000,0.00000,0.00000,0.00000,0.00000,0.00000
5.1140,1.2830,0.00000,0.00000,0.00000,0.00000,0.00000,0.00000,0.00000
5.1240,1.2930,0.00000,0.00000,0.00000,0.00000,0.00000,0.00000,0.00000
5.1340,1.3030,0.00000,0.00000,0.00000,0.00000,0.00000,0.00000,0.00000
5.1440,1.3130,0.00000,0.00000,0.00000,0.00000,0.00000,0.00000,0.00000
5.1540,1.3230,0.00000,0.00000,0.00000,0.00000,0.00000,0.00000,0.00000
5.1640,1.3330,0.00000,0.00000,0.00000,0.00000,0.00000,0.00000,0.00000
5.1740,1.3430,0.00000,0.00000,0.00000,0.00000,0.00000,0.00000,0.00000
5.1840,1.3530,0.00000,0.00000,0.00000,0.00000,0.00000,0.00000,0.00000
5.1940,1.3630,0.00000,0.00000,0.00000,0.00000,0.00000,0.00000,0.00000
5.2040,1.3730,0.00000,0.00000,0.00000,0.00000,0.00000,0.00000,0.00000
5.2140,1.3830,0.00000,0.00000,0.00000,0.00000,0.00000,0.00000,0.00000
5.2240,1.3930,0.00000,0.00000,0.00000,0.00000,0.00000,0.00000,0.00000
5.2340,1.4030,0.00000,0.00000,0.00000,0.00000,0.00000,0.00000,0.00000
5.2440,1.4130,0.00000,0.00000,0.00000,0.00000,0.00000,0.00000,0.00000
5.2540,1.4230,0.00000,0.00000,0.00000,0.00000,0.00000,0.00000,0.00000
5.2640,1.4330,0.00000,0.00000,0.00000,0.00000,0.00000,0.00000,0.00000
5.2740,1.4430,0.00000,0.00000,0.00000,0.00000,0.00000,0.00000,0.00000
5.2840,1.4530,0.00000,0.00000,0.00000,0.00000,0.00000,0.00000,0.00000
5.2940,1.4630,0.00000,0.00000,0.00000,0.00000,0.00000,0.00000,0.00000
5.3040,1.4730,0.00000,0.00000,0.00000,0.00000,0.00000,0.00000,0.00000
5.3140,1.4830,0.00000,0.00000,0.00000,0.00000,0.00000,0.00000,0.00000
5.3240,1.4930,0.00000,0.00000,0.00000,0.00000,0.00000,0.00000,0.00000
5.3340,1.5030,0.00014,0.00002,0.00004,0.00006,0.00000,0.00000,0.00000
5.3440,1.5130,0.00103,0.00017,0.00029,0.00046,0.00002,0.00001,0.00000
5.3540,1.5230,0.00291,0.00048,0.00083,0.00131,0.00007,0.00002,0.00000
5.3640,1.5330,0.00577,0.00096,0.00164,0.00259,0.00013,0.00005,0.00000
5.3740,1.5430,0.03270,0.00542,0.00932,0.01469,0.00075,0.00028,0.00004
5.3840,1.5530,0.06880,0.01139,0.01958,0.03084,0.00158,0.00058,0.00008
5.3940,1.5630,0.10400,0.01728,0.02973,0.04677,0.00240,0.00088,0.00013
5.4040,1.5730,0.14000,0.02311,0.03978,0.06254,0.00320,0.00118,0.00017
5.4140,1.5830,0.17500,0.02888,0.04975,0.07824,0.00399,0.00147,0.00020
5.4240,1.5930,0.20900,0.03458,0.05963,0.09365,0.00477,0.00176,0.00024
5.4340,1.6030,0.24300,0.04023,0.06940,0.10892,0.00554,0.00205,0.00028
5.4440,1.6130,0.27700,0.04574,0.07905,0.12395,0.00629,0.00234,0.00031
5.4540,1.6230,0.31000,0.05129,0.08860,0.13881,0.00703,0.00262,0.00034
5.4640,1.6330,0.34300,0.05669,0.09806,0.15362,0.00777,0.00290,0.00037
5.4740,1.6430,0.37600,0.06205,0.10741,0.16812,0.00848,0.00317,0.00039
5.4840,1.6530,0.40800,0.06736,0.11667,0.18233,0.00918,0.00345,0.00042
5.4940,1.6630,0.43900,0.07261,0.12592,0.19645,0.00988,0.00372,0.00044
5.5040,1.6730,0.47100,0.07777,0.13478,0.21047,0.01057,0.00399,0.00046
5.5140,1.6830,0.50200,0.08277,0.14364,0.22420,0.01123,0.00425,0.00048
5.5240,1.6930,0.53200,0.08783,0.15250,0.23793,0.01188,0.00452,0.00050
5.5340,1.7030,0.56200,0.09283,0.16137,0.25146,0.01254,0.00478,0.00051
5.5440,1.7130,0.59200,0.09771,0.17023,0.26457,0.01317,0.00502,0.00052
5.5540,1.7230,0.62100,0.10248,0.17809,0.27770,0.01381,0.00528,0.00053
5.5640,1.7330,0.65000,0.10729,0.18696,0.29063,0.01442,0.00553,0.00054
5.5740,1.7430,0.67900,0.11197,0.19483,0.30315,0.01500,0.00578,0.00054
5.5840,1.7530,0.70700,0.11647,0.20371,0.31577,0.01559,0.00602,0.00055
5.5940,1.7630,0.73500,0.12118,0.21168,0.32798,0.01617,0.00626,0.00055
5.6040,1.7730,0.76200,0.12560,0.21954,0.34021,0.01674,0.00650,0.00055
5.6140,1.7830,0.78900,0.12999,0.22743,0.35212,0.01731,0.00673,0.00055
5.6240,1.7930,0.81600,0.13442,0.23540,0.36384,0.01783,0.00696,0.00054
5.6340,1.8030,0.84200,0.13860,0.24229,0.37567,0.01837,0.00719,0.00054
5.6440,1.8130,0.86800,0.14293,0.25017,0.38700,0.01890,0.00742,0.00053
5.6540,1.8230,0.89300,0.14710,0.25816,0.39830,0.01939,0.00764,0.00052
5.6640,1.8330,0.91800,0.15116,0.26504,0.40942,0.01990,0.00785,0.00050
5.6740,1.8430,0.94300,0.15523,0.27203,0.42023,0.02039,0.00807,0.00049
5.6840,1.8530,0.96700,0.15920,0.27892,0.43085,0.02087,0.00829,0.00047
5.6940,1.8630,0.99100,0.16300,0.28692,0.44145,0.02133,0.00849,0.00045
5.7040,1.8730,1.01000,0.16675,0.29382,0.45088,0.02177,0.00870,0.00043
5.7140,1.8830,1.04000,0.17053,0.29982,0.46239,0.02222,0.00890,0.00041
5.7240,1.8930,1.06000,0.17432,0.30671,0.47181,0.02264,0.00910,0.00038
5.7340,1.9030,1.08000,0.17802,0.31372,0.48091,0.02306,0.00929,0.00036
5.7440,1.9130,1.10000,0.18151,0.31973,0.49012,0.02347,0.00950,0.00032
5.7540,1.9230,1.13000,0.18500,0.32664,0.50105,0.02387,0.00969,0.00029
5.7640,1.9330,1.15000,0.18829,0.33266,0.50996,0.02424,0.00987,0.00026
5.7740,1.9430,1.17000,0.19169,0.33857,0.51905,0.02464,0.01006,0.00022
5.7840,1.9530,1.19000,0.19504,0.34558,0.52776,0.02495,0.01024,0.00019
5.7940,1.9630,1.21000,0.19824,0.35160,0.53657,0.02530,0.01042,0.00015
5.8040,1.9730,1.23000,0.20143,0.35652,0.54538,0.02565,0.01060,0.00010
5.8140,1.9830,1.24000,0.20357,0.36110,0.55027,0.02591,0.01072,0.00007
5.8240,1.9930,1.22000,0.20054,0.35635,0.54267,0.02552,0.01059,0.00009
5.8340,2.0030,1.19000,0.19435,0.34618,0.52714,0.02469,0.01031,0.00014
5.8440,2.0130,1.16000,0.19022,0.33899,0.51563,0.02418,0.01011,0.00015
5.8540,2.0230,1.16000,0.18921,0.33716,0.51359,0.02395,0.01006,0.00019
5.8640,2.0330,1.04000,0.17049,0.30313,0.46063,0.02135,0.00897,0.00041
5.8740,2.0430,0.86200,0.14152,0.25123,0.38175,0.01762,0.00745,0.00072
5.8840,2.0530,1.05000,0.17144,0.30517,0.46384,0.02139,0.00906,0.00108
5.8940,2.0630,1.02000,0.16776,0.29875,0.45347,0.02084,0.00886,0.00162
5.9040,2.0730,1.00000,0.16409,0.29233,0.44319,0.02030,0.00864,0.00216
5.9140,2.0830,0.98400,0.16110,0.28713,0.43497,0.01982,0.00845,0.00275
5.9240,2.0930,1.04000,0.17010,0.30293,0.45955,0.02090,0.00896,0.00351
5.9340,2.1030,1.06000,0.17381,0.30979,0.47025,0.02121,0.00912,0.00430
5.9440,2.1130,1.08000,0.17743,0.31566,0.47884,0.02150,0.00926,0.00510
5.9540,2.1230,1.10000,0.18093,0.32157,0.48639,0.02177,0.00939,0.00590
5.9640,2.1330,1.13000,0.18434,0.32759,0.49683,0.02202,0.00954,0.00672
5.9740,2.1430,1.16000,0.18963,0.33630,0.50907,0.02251,0.00978,0.00759
5.9840,2.1530,1.20000,0.19583,0.34759,0.52616,0.02311,0.01008,0.00850
5.9940,2.1630,1.23000,0.20195,0.35889,0.54241,0.02371,0.01039,0.00944
6.0040,2.1730,1.27000,0.20854,0.36943,0.55863,0.02429,0.01069,0.01040
6.0140,2.1830,1.31000,0.21476,0.38100,0.57499,0.02489,0.01100,0.01140
6.0240,2.1930,1.35000,0.22108,0.39280,0.59263,0.02547,0.01131,0.01242
6.0340,2.2030,1.39000,0.22769,0.40463,0.60935,0.02605,0.01162,0.01353
6.0440,2.2130,1.43000,0.23438,0.41571,0.62590,0.02661,0.01195,0.01455
6.0540,2.2230,1.47000,0.24122,0.42773,0.64404,0.02718,0.01229,0.01578
6.0640,2.2330,1.51000,0.24807,0.44048,0.66097,0.02777,0.01258,0.01692
6.0740,2.2430,1.56000,0.25505,0.45427,0.67987,0.02836,0.01297,0.01807
6.0840,2.2530,1.60000,0.26226,0.46712,0.69795,0.02893,0.01327,0.01931
6.0940,2.2630,1.65000,0.26940,0.47998,0.71598,0.02950,0.01367,0.02068
6.1040,2.2730,1.69000,0.27730,0.49335,0.73683,0.03010,0.01404,0.02193
6.1140,2.2830,1.77000,0.29228,0.51639,0.76898,0.03108,0.01611,0.02342
6.1240,2.2930,1.97000,0.33207,0.57405,0.84648,0.03336,0.02340,0.02637
6.1340,2.3030,2.19000,0.37478,0.63354,0.92858,0.03575,0.03124,0.02919
6.1440,2.3130,2.40000,0.41639,0.69470,1.01028,0.03810,0.03884,0.03153
6.1540,2.3230,2.60000,0.45690,0.75470,1.08823,0.04041,0.04609,0.03351
6.1640,2.3330,2.81000,0.49675,0.81410,1.16761,0.04267,0.05322,0.03504
6.1740,2.3430,3.01000,0.53546,0.87330,1.24452,0.04485,0.06001,0.03617
6.1840,2.3530,3.20000,0.57332,0.93250,1.31866,0.04699,0.06650,0.03693
6.1940,2.3630,3.39000,0.61009,0.99060,1.39486,0.04906,0.07284,0.03743
6.2040,2.3730,3.58000,0.64612,1.04750,1.46470,0.05108,0.07902,0.03771
6.2140,2.3830,3.77000,0.68137,1.10440,1.53650,0.05305,0.08482,0.03769
6.2240,2.3930,3.95000,0.71550,1.16100,1.60666,0.05495,0.09037,0.03741
6.2340,2.4030,4.12000,0.74903,1.21770,1.67470,0.05682,0.09565,0.03698
6.2440,2.4130,4.30000,0.78104,1.27130,1.73992,0.05859,0.10076,0.03651
6.2540,2.4230,4.46000,0.81078,1.32350,1.80084,0.06020,0.10529,0.03605
6.2640,2.4330,4.68000,0.85214,1.39410,1.88742,0.06243,0.11153,0.03590
6.2740,2.4430,4.77000,0.86663,1.42460,1.92279,0.06361,0.11247,0.03503
6.2840,2.4530,4.78000,0.86585,1.42750,1.92582,0.06383,0.11050,0.03746
6.2940,2.4630,4.91000,0.88934,1.46850,1.97629,0.06503,0.11187,0.04708
6.3040,2.4730,5.05000,0.91340,1.50680,2.02416,0.06601,0.11383,0.05936
6.3140,2.4830,5.17000,0.93708,1.53960,2.06614,0.06685,0.11680,0.07289
6.3240,2.4930,5.37000,0.97351,1.59500,2.13706,0.06855,0.12130,0.08746
6.3340,2.5030,5.57000,1.00999,1.65100,2.20642,0.07008,0.12562,0.10448
6.3440,2.5130,5.76000,1.04486,1.70530,2.27420,0.07158,0.12952,0.12433
6.3540,2.5230,5.95000,1.07959,1.75530,2.33974,0.07309,0.13294,0.14662
6.3640,2.5330,6.06000,1.09794,1.77960,2.37048,0.07345,0.13438,0.16985
6.3740,2.5430,6.17000,1.11844,1.80410,2.40324,0.07423,0.13690,0.19532
6.3840,2.5530,6.39000,1.15722,1.85950,2.47062,0.07581,0.14290,0.22606
6.3940,2.5630,6.65000,1.20385,1.92280,2.54675,0.07799,0.14980,0.26524
6.4040,2.5730,6.74000,1.21879,1.93200,2.56613,0.07916,0.15120,0.30946
6.4140,2.5830,6.81000,1.22958,1.92950,2.57057,0.08024,0.15130,0.35806
6.4240,2.5930,6.88000,1.24118,1.92800,2.57774,0.08109,0.15130,0.41230
6.4340,2.6030,6.94000,1.25192,1.91700,2.57464,0.08184,0.15100,0.47383
6.4440,2.6130,6.91000,1.25037,1.87400,2.53167,0.08119,0.14900,0.54060
6.4540,2.6230,6.90000,1.25196,1.83200,2.48955,0.08072,0.14710,0.61482
6.4640,2.6330,6.89000,1.25364,1.78800,2.44753,0.08027,0.14470,0.69537
6.4740,2.6430,6.88000,1.25768,1.74100,2.40741,0.07968,0.14210,0.78450
6.4840,2.6530,6.89000,1.26354,1.69570,2.36621,0.07924,0.13910,0.88195
6.4940,2.6630,6.95000,1.27900,1.64890,2.33112,0.07903,0.13580,1.00891
6.5040,2.6730,7.23000,1.34247,1.61340,2.33251,0.08030,0.13310,1.25223
6.5140,2.6830,8.09000,1.53635,1.59880,2.40840,0.08483,0.13490,1.81711
6.5240,2.6930,8.98000,1.73418,1.60370,2.50727,0.09013,0.13930,2.35392
6.5340,2.7030,10.80000,2.13948,1.82000,2.88130,0.10523,0.18300,3.01635
6.5440,2.7130,11.20000,2.21659,1.81200,2.93870,0.10936,0.17990,3.32155
6.5540,2.7230,11.40000,2.22533,1.79700,2.95967,0.11140,0.17230,3.46066
6.5640,2.7330,11.10000,2.15030,1.74200,2.88168,0.10921,0.16330,3.42259
6.5740,2.7430,10.00000,1.94355,1.46000,2.43944,0.09587,0.15070,3.33455
6.5840,2.7530,13.80000,2.53240,2.55100,4.11428,0.14958,0.17380,3.48151
6.5940,2.7630,11.50000,2.13474,1.92800,3.14651,0.11984,0.15310,3.33179
6.6040,2.7730,9.67000,1.82260,1.44600,2.39666,0.09712,0.13620,3.20286
6.6140,2.7830,8.55000,1.63310,1.15380,1.91309,0.08348,0.12893,3.13244
6.6240,2.7930,8.06000,1.55733,1.00700,1.65960,0.07741,0.12737,3.16269
6.6340,2.8030,9.83000,1.92230,1.03470,1.85854,0.08757,0.13790,4.24400
6.6440,2.8130,12.20000,2.39611,1.29730,2.32913,0.10761,0.16442,5.25113
6.6540,2.8230,13.40000,2.63678,1.38740,2.55252,0.11786,0.17280,5.83893
6.6640,2.8330,13.30000,2.60883,1.24800,2.45108,0.11679,0.15973,6.01935
6.6740,2.8430,9.86000,1.93193,1.16870,1.99536,0.09507,0.14233,3.97082
6.6840,2.8530,10.00000,1.96205,1.14510,2.01077,0.09795,0.13773,4.12823
6.6940,2.8630,10.40000,2.01151,1.08770,2.01559,0.10123,0.13033,4.45113
6.7040,2.8730,9.75000,1.86486,0.97370,1.85240,0.09649,0.11745,4.31448
6.7140,2.8830,9.17000,1.73157,0.88053,1.71339,0.09235,0.10775,4.14325
6.7240,2.8930,8.77000,1.63765,0.81259,1.61332,0.08985,0.10114,4.04239
6.7340,2.9030,8.55000,1.58367,0.75845,1.54811,0.08884,0.09645,4.00940
6.7440,2.9130,8.39000,1.54484,0.71382,1.49688,0.08848,0.09302,4.00960
6.7540,2.9230,8.74000,1.59434,0.67408,1.51110,0.09208,0.09064,4.31872
6.7640,2.9330,10.10000,1.82548,0.70380,1.69710,0.10671,0.09701,5.19427
6.7740,2.9430,10.00000,1.79346,0.61961,1.62568,0.10466,0.09341,5.30050
6.7840,2.9530,11.80000,2.16186,0.59774,1.75932,0.13358,0.09691,6.47139
6.7940,2.9630,14.90000,2.78693,0.86789,2.25425,0.17702,0.14110,7.92718
6.8040,2.9730,18.00000,3.36979,1.41440,2.98826,0.20993,0.22547,8.83387
6.8140,2.9830,22.50000,4.25363,2.17120,4.04458,0.24677,0.33025,10.21518
6.8240,2.9930,21.70000,4.10788,1.85300,3.75799,0.22721,0.28830,10.37666
6.8340,3.0030,22.90000,4.35451,1.76900,3.76761,0.23747,0.28942,11.28541
6.8440,3.0130,24.50000,4.65765,1.89190,3.95281,0.25291,0.30572,12.06416
6.8540,3.0230,23.40000,4.40818,1.98150,3.83272,0.24788,0.31417,11.31650
6.8640,3.0330,24.90000,4.65131,2.21130,4.08276,0.27751,0.35088,11.94243
6.8740,3.0430,26.80000,5.07452,2.45730,4.41346,0.31736,0.37148,12.65969
6.8840,3.0530,19.80000,3.91024,1.83440,3.22308,0.25806,0.26655,9.16379
6.8940,3.0630,16.00000,3.22037,1.38490,2.51022,0.22848,0.21716,7.53307
6.9040,3.0730,15.50000,3.12548,1.36210,2.43810,0.22936,0.21361,7.24306
6.9140,3.0830,15.60000,3.15135,1.40340,2.48149,0.23536,0.21448,7.23622
6.9240,3.0930,15.70000,3.15536,1.41830,2.50336,0.23809,0.20966,7.23982
6.9340,3.1030,15.70000,3.13580,1.40290,2.49958,0.23850,0.19898,7.24388
6.9440,3.1130,16.20000,3.22248,1.37340,2.54530,0.24491,0.18292,7.64327
6.9540,3.1230,16.80000,3.32220,1.32180,2.59702,0.24989,0.16148,8.14508
6.9640,3.1330,19.80000,3.87493,1.41270,3.04143,0.27724,0.14175,9.93025
6.9740,3.1430,24.00000,4.68311,1.57830,3.66777,0.32913,0.11870,12.30160
6.9840,3.1530,33.20000,6.71830,2.55500,5.38200,0.50399,0.13170,15.99146
6.9940,3.1630,38.40000,7.79583,2.58700,6.11380,0.60204,0.13420,19.04076
7.0040,3.1730,46.70000,9.21747,2.79400,7.17730,0.72696,0.17360,24.07097
7.0140,3.1830,43.30000,8.31742,2.43700,6.52390,0.69447,0.18270,22.92575
7.0240,3.1930,35.80000,6.60887,1.81600,5.28120,0.54922,0.15740,19.57469
7.0340,3.2030,28.40000,5.02895,1.29400,4.12410,0.40605,0.13229,16.06051
7.0440,3.2130,22.50000,3.91788,1.12400,3.22060,0.30528,0.13969,12.76147
7.0540,3.2230,24.80000,4.23696,1.28640,3.56932,0.30397,0.16722,14.08498
7.0640,3.2330,23.50000,3.96838,1.35820,3.47380,0.28378,0.16557,13.08005
7.0740,3.2430,21.30000,3.55727,1.28020,3.15218,0.26291,0.13562,11.83140
7.0840,3.2530,20.80000,3.46777,1.35220,3.10823,0.26521,0.11437,11.40296
7.0940,3.2630,29.00000,5.37598,2.66310,4.63013,0.43316,0.16260,14.00474
7.1040,3.2730,33.30000,6.07939,2.79040,5.14015,0.53215,0.15480,16.55754
7.1140,3.2830,17.90000,3.21255,1.64240,2.94070,0.28283,0.08455,8.62575
7.1240,3.2930,47.20000,9.39358,7.66600,9.75652,0.84070,0.32860,15.58136
7.1340,3.3030,58.30000,11.89556,11.06500,13.33550,0.94630,0.73910,15.73793
7.1440,3.3130,23.50000,4.76345,3.68400,4.70810,0.38740,0.33610,7.87299
7.1540,3.3230,22.10000,4.25528,3.23500,4.41740,0.34042,0.28340,7.99522
7.1640,3.3330,21.50000,3.91901,2.93900,4.28910,0.31039,0.23930,8.27072
7.1740,3.3430,20.90000,3.62810,2.70000,4.18790,0.28551,0.19723,8.50423
7.1840,3.3530,19.50000,3.22755,2.33400,3.85630,0.24519,0.14395,8.46607
7.1940,3.3630,38.20000,6.19749,4.34300,7.39990,0.47350,0.28541,17.10677
7.2040,3.3730,30.40000,5.04742,2.78300,5.35860,0.43497,0.24880,14.67579
7.2140,3.3830,29.00000,5.54161,2.41810,4.74840,0.55686,0.26600,13.71164
7.2240,3.3930,20.80000,3.97229,2.19540,3.81376,0.37027,0.17120,8.98182
7.2340,3.4030,14.70000,2.74200,1.79490,2.90677,0.23251,0.11130,5.85917
7.2440,3.4130,8.22000,1.55267,1.07620,1.67829,0.12629,0.07714,3.11898
7.2540,3.4230,10.10000,1.90531,1.41140,2.09415,0.15253,0.09140,3.65999
7.2640,3.4330,10.80000,2.09108,1.62450,2.30493,0.16740,0.10490,3.73641
7.2740,3.4430,14.10000,2.77431,2.18720,3.00792,0.22911,0.14330,4.65161
7.2840,3.4530,21.50000,4.35284,3.42100,4.60727,0.37079,0.23530,6.85795
7.2940,3.4630,22.00000,4.55520,3.74100,4.82509,0.38620,0.26900,6.49930
7.3040,3.4730,23.80000,5.07749,4.36900,5.31337,0.43800,0.34180,6.29522
7.3140,3.4830,24.10000,5.27772,4.59200,5.39939,0.45457,0.39890,5.87307
7.3240,3.4930,19.70000,4.56420,3.76600,4.26986,0.40147,0.42820,4.52333
7.3340,3.5030,17.20000,4.18659,3.15840,3.49682,0.38330,0.45240,3.91197
7.3440,3.5130,16.00000,4.06416,2.87060,3.12247,0.38156,0.47920,3.61167
7.3540,3.5230,14.90000,3.90491,2.62460,2.78111,0.37923,0.50020,3.27669
7.3640,3.5330,14.30000,3.79388,2.43830,2.54050,0.38626,0.52030,3.19988
7.3740,3.5430,15.90000,4.16194,2.56300,2.70443,0.43160,0.58030,3.89748
7.3840,3.5530,17.10000,4.49039,2.70190,2.83296,0.46690,0.63890,4.35479
7.3940,3.5630,16.90000,4.37754,2.60340,2.78777,0.45280,0.60220,4.53684
7.4040,3.5730,16.10000,4.09827,2.52610,2.71114,0.41394,0.55190,4.33080
7.4140,3.5830,16.70000,4.32047,2.71590,2.84613,0.42744,0.59480,4.25189
7.4240,3.5930,18.30000,4.84974,3.13690,3.16553,0.46081,0.69040,4.24808
7.4340,3.6030,17.20000,4.68331,2.96280,2.96607,0.45310,0.65970,3.80392
7.4440,3.6130,15.20000,4.22168,2.70600,2.66754,0.40537,0.58390,3.05690
7.4540,3.6230,15.10000,4.28274,2.74090,2.67810,0.41334,0.58460,2.87475
7.4640,3.6330,15.10000,4.33904,2.78850,2.69452,0.42054,0.58580,2.68298
7.4740,3.6430,15.30000,4.46330,2.85920,2.76201,0.43560,0.59360,2.61964
7.4840,3.6530,15.60000,4.58991,2.94620,2.84335,0.45050,0.59970,2.55711
7.4940,3.6630,16.00000,4.74067,3.03890,2.94361,0.46860,0.60620,2.53355
7.5040,3.6730,16.40000,4.88464,3.14470,3.04695,0.48690,0.61130,2.48692
7.5140,3.6830,16.80000,5.03357,3.23430,3.15570,0.50520,0.61600,2.44011
7.5240,3.6930,17.20000,5.19817,3.33770,3.27051,0.52560,0.62110,2.38450
7.5340,3.7030,17.70000,5.43417,3.45560,3.40790,0.55230,0.63210,2.36228
7.5440,3.7130,17.80000,5.55213,3.48810,3.45340,0.56670,0.63010,2.29794
7.5540,3.7230,18.40000,5.77902,3.58910,3.58550,0.59300,0.63290,2.24994
7.5640,3.7330,19.30000,6.16135,3.80240,3.80600,0.63100,0.64740,2.20904
7.5740,3.7430,21.80000,7.14531,4.34510,4.34480,0.72190,0.72490,2.22682
7.5840,3.7530,20.60000,6.74030,4.12610,4.14240,0.70080,0.65930,2.08499
7.5940,3.7630,21.10000,6.97493,4.24410,4.26370,0.73320,0.66090,2.02766
7.6040,3.7730,19.40000,6.40276,3.88680,3.95600,0.70340,0.57500,1.88024
7.6140,3.7830,20.60000,6.86087,4.14310,4.22780,0.75990,0.59790,1.84645
7.6240,3.7930,21.80000,7.32009,4.44360,4.52130,0.82010,0.63050,1.81337
7.6340,3.8030,23.80000,8.01307,4.89590,4.94380,0.90490,0.69700,1.79363
7.6440,3.8130,26.50000,8.95862,5.53570,5.54940,1.02650,0.80770,1.80110
7.6540,3.8230,28.50000,9.63815,5.96850,6.13830,1.14330,0.77180,1.87020
7.6640,3.8330,26.20000,8.75035,5.46350,5.80520,1.06990,0.57510,1.79850
7.6740,3.8430,19.50000,6.70464,3.88710,4.24660,0.84580,0.37070,1.50798
7.6840,3.8530,23.90000,8.51722,4.66550,5.07180,1.11560,0.44770,1.74438
7.6940,3.8630,34.90000,11.62435,7.45540,7.94490,1.47930,0.54460,2.18420
7.7040,3.8730,30.10000,10.09080,6.20290,6.68320,1.30250,0.44100,2.09609
7.7140,3.8830,15.40000,5.22263,2.97380,3.33630,0.64243,0.27100,1.34146
7.7240,3.8930,14.10000,4.88508,2.58890,2.97850,0.60271,0.25810,1.35393
7.7340,3.9030,14.80000,5.18397,2.68320,3.10530,0.64423,0.26960,1.43050
7.7440,3.9130,16.10000,5.70512,2.81150,3.30090,0.72790,0.29150,1.64490
7.7540,3.9230,17.70000,6.42092,3.01290,3.62070,0.81930,0.31010,1.77203
7.7640,3.9330,22.20000,7.92050,4.07210,4.61240,0.97640,0.40230,1.94103
7.7740,3.9430,24.40000,8.64799,4.51230,5.07540,1.05850,0.43900,2.07260
7.7840,3.9530,24.60000,8.87876,4.41970,5.04890,1.10130,0.46920,2.14397
7.7940,3.9630,24.90000,9.11645,4.36520,5.01420,1.14010,0.51070,2.19305
7.8040,3.9730,24.40000,9.06074,4.26160,4.84780,1.12680,0.55160,2.08688
7.8140,3.9830,24.30000,9.12875,4.18430,4.73630,1.12600,0.59690,2.04053
7.8240,3.9930,25.00000,9.45466,4.18400,4.77990,1.16600,0.64570,2.17871
7.8340,4.0030,25.50000,9.73894,4.09250,4.82360,1.21350,0.65350,2.38518
7.8440,4.0130,27.00000,10.35720,4.06050,5.08100,1.33850,0.61700,2.81880
7.8540,4.0230,29.00000,11.12338,4.44340,5.58370,1.40750,0.59360,2.92919
7.8640,4.0330,18.70000,7.25905,2.98630,3.68490,0.86710,0.42560,1.57165
7.8740,4.0430,17.30000,6.63407,2.83650,3.48230,0.79770,0.39710,1.40525
7.8840,4.0530,22.20000,8.23379,4.00970,4.65880,0.94460,0.46660,1.52717
7.8940,4.0630,22.80000,8.51854,4.10160,4.74050,0.94790,0.53480,1.57646
7.9040,4.0730,24.50000,9.04402,4.46190,5.00560,0.98690,0.65990,1.65972
7.9140,4.0830,27.90000,10.20021,5.14340,5.63780,1.09160,0.85810,1.87309
7.9240,4.0930,18.90000,7.18397,3.20140,3.65420,0.79550,0.59020,1.47185
7.9340,4.1030,18.70000,7.22561,2.88040,3.59640,0.84190,0.48480,1.76851
7.9440,4.1130,17.70000,6.96117,2.54110,3.22320,0.85040,0.51870,1.82133
7.9540,4.1230,17.60000,6.93000,2.48714,3.10210,0.85760,0.56960,1.84806
7.9640,4.1330,18.50000,7.23988,2.59930,3.19310,0.89620,0.63300,1.97655
7.9740,4.1430,19.00000,7.40216,2.64390,3.23280,0.91300,0.67280,2.07473
7.9840,4.1530,18.40000,7.21169,2.53188,3.11910,0.88930,0.66670,2.02662
7.9940,4.1630,18.00000,7.06009,2.45213,3.02900,0.87060,0.66470,1.98328
8.0040,4.1730,17.80000,6.99485,2.40562,2.97910,0.86190,0.67060,1.96699
8.0140,4.1830,17.60000,6.94313,2.34509,2.92730,0.84850,0.67230,1.96178
8.0240,4.1930,19.80000,7.86980,2.61603,3.30760,0.93300,0.74960,2.19319
8.0340,4.2030,21.70000,8.63640,2.86453,3.63140,1.00630,0.81740,2.38620
8.0440,4.2130,23.00000,9.21263,2.99730,3.84560,1.06340,0.86590,2.54403
8.0540,4.2230,24.10000,9.70044,3.09340,4.01430,1.10560,0.91850,2.64938
8.0640,4.2330,22.50000,9.04513,2.87250,3.77410,1.01850,0.82930,2.52618
8.0740,4.2430,23.70000,9.69052,2.89460,4.00910,1.05270,0.83280,2.78405
8.0840,4.2530,28.40000,11.45206,3.62110,4.90400,1.17350,0.98600,3.28657
8.0940,4.2630,25.40000,10.22614,3.34400,4.35360,1.04370,0.92880,2.78454
8.1040,4.2730,22.50000,9.08722,2.95410,3.84090,0.90950,0.85000,2.37495
8.1140,4.2830,19.50000,8.01059,2.53340,3.35860,0.78760,0.78930,1.95868
8.1240,4.2930,19.10000,7.89757,2.48800,3.30180,0.75260,0.79630,1.81081
8.1340,4.3030,20.00000,8.35289,2.57600,3.46610,0.77932,0.83020,1.87098
8.1440,4.3130,21.50000,9.03427,2.72320,3.70740,0.83053,0.87650,1.99985
8.1540,4.3230,22.90000,9.73861,2.86760,3.95010,0.88514,0.92300,2.12119
8.1640,4.3330,23.40000,10.17088,2.79010,3.97390,0.92974,0.90720,2.20189
8.1740,4.3430,25.20000,11.09514,2.93500,4.11260,1.03329,0.96260,2.42594
8.1840,4.3530,24.30000,11.08645,2.51350,3.91700,0.99434,0.83170,2.47847
8.1940,4.3630,23.00000,10.81673,2.14880,3.70970,0.91722,0.72920,2.42116
8.2040,4.3730,23.60000,11.44722,1.98820,3.86510,0.91245,0.68690,2.53160
8.2140,4.3830,22.60000,11.17593,1.76708,3.71548,0.86098,0.62660,2.39157
8.2240,4.3930,24.90000,12.44352,1.90779,4.03490,0.93390,0.70110,2.64799
8.2340,4.4030,23.90000,12.18219,1.79955,3.90009,0.90030,0.67740,2.30037
8.2440,4.4130,23.40000,11.71373,1.85065,3.87076,0.93040,0.71920,2.11297
8.2540,4.4230,22.40000,10.89712,1.94278,3.71220,0.99700,0.77810,1.88467
8.2640,4.4330,22.80000,11.03325,2.13678,3.66050,1.14200,0.89650,1.69012
8.2740,4.4430,26.90000,13.20684,2.44694,4.22960,1.42960,1.07050,1.85897
8.2840,4.4530,23.00000,11.35668,2.01839,3.70030,1.20300,0.84500,1.64000
8.2940,4.4630,22.20000,10.88004,1.94392,3.60340,1.12030,0.81450,1.60548
8.3040,4.4730,26.10000,13.09349,2.16060,4.13050,1.35260,0.94120,1.75914
8.3140,4.4830,16.10000,7.64489,1.54381,2.69380,0.80880,0.55910,1.26722
8.3240,4.4930,17.80000,8.37194,1.75931,2.98430,0.87510,0.62210,1.40212
8.3340,4.5030,24.60000,11.64992,2.33130,4.05340,1.17980,0.89010,1.97040
8.3440,4.5130,31.70000,15.35953,2.63490,5.33050,1.48030,0.91720,3.02571
8.3540,4.5230,34.00000,16.34567,2.39860,5.59790,1.55340,0.88820,4.18821
8.3640,4.5330,39.10000,18.26118,3.18240,6.32120,1.76860,1.18290,4.65544
8.3740,4.5430,32.50000,15.59641,2.26270,5.13300,1.58580,0.94440,4.01713
8.3840,4.5530,29.40000,14.47526,1.76320,4.70950,1.46500,0.72250,3.76105
8.3940,4.5630,29.20000,14.39512,1.78730,4.70300,1.42900,0.74940,3.64032
8.4040,4.5730,29.00000,14.39465,1.80110,4.65470,1.38540,0.76890,3.49263
8.4140,4.5830,36.90000,17.75471,2.73790,5.71920,1.75270,1.10580,4.29846
8.4240,4.5930,33.10000,15.48326,2.97830,5.00820,1.50480,1.19220,3.54337
8.4340,4.6030,28.90000,13.77272,2.23270,4.47700,1.35550,0.92380,3.35622
8.4440,4.6130,26.70000,12.72378,1.96710,4.16920,1.24050,0.81060,3.18813
8.4540,4.6230,24.90000,11.88547,1.77310,3.94060,1.14460,0.71340,3.10738
8.4640,4.6330,24.20000,11.43923,1.67560,3.86820,1.06530,0.63660,3.20564
8.4740,4.6430,27.40000,12.85583,1.92700,4.42830,1.13450,0.71160,3.83464
8.4840,4.6530,35.50000,16.45583,2.54780,5.68950,1.42260,0.92030,5.12816
8.4940,4.6630,36.80000,16.79161,2.74050,5.62010,1.43670,1.12660,5.50154
8.5040,4.6730,16.60000,8.19778,0.85341,2.55990,0.78610,0.36160,2.34651
8.5140,4.6830,15.70000,7.84353,0.81129,2.38550,0.72900,0.33920,2.23500
8.5240,4.6930,16.30000,8.18295,0.85620,2.45900,0.73040,0.35430,2.25813
8.5340,4.7030,18.40000,9.25287,1.06240,2.80650,0.81770,0.45000,2.36369
8.5440,4.7130,22.60000,11.17088,1.53110,3.48100,0.97490,0.64430,2.69443
8.5540,4.7230,25.40000,12.48730,1.88900,3.93610,1.08410,0.76810,2.81140
8.5640,4.7330,25.50000,12.65908,1.80214,3.95690,1.07120,0.73700,2.84752
8.5740,4.7430,24.90000,12.51991,1.60538,3.87690,1.03970,0.65720,2.81759
8.5840,4.7530,23.90000,12.05837,1.46141,3.78620,0.99610,0.56520,2.75437
8.5940,4.7630,31.50000,16.60212,1.67571,4.75970,1.44030,0.62670,3.51444
8.6040,4.7730,30.40000,16.17653,1.58220,4.54170,1.48680,0.59100,3.21110
8.6140,4.7830,32.60000,17.55720,1.70350,4.95500,1.68760,0.66140,3.04301
8.6240,4.7930,40.80000,21.97437,2.08030,6.39050,2.06610,0.82080,3.70774
8.6340,4.8030,35.10000,18.85913,1.87220,5.72400,1.79360,0.64430,2.98278
8.6440,4.8130,28.50000,15.13818,1.61980,4.70270,1.45000,0.52370,2.46328
8.6540,4.8230,36.90000,19.26443,2.25620,5.99750,1.93920,0.76710,3.26225
8.6640,4.8330,22.60000,11.51951,1.33030,3.57090,1.10800,0.40670,2.45264
8.6740,4.8430,26.30000,13.22858,1.55930,4.20900,1.27660,0.46900,2.98097
8.6840,4.8530,34.20000,17.20231,2.05940,5.48210,1.64290,0.59610,3.91806
8.6940,4.8630,50.50000,25.58655,2.82240,8.13300,2.42330,0.88530,5.84950
8.7040,4.8730,43.80000,22.97689,2.23860,6.79920,2.20200,0.73120,4.69923
8.7140,4.8830,35.70000,19.12522,1.71540,5.35580,1.88950,0.60180,3.72220
8.7240,4.8930,30.40000,16.37700,1.43397,4.47800,1.64320,0.53600,3.10957
8.7340,4.9030,28.10000,15.05383,1.38166,4.24080,1.46030,0.52200,2.86267
8.7440,4.9130,30.80000,16.40369,1.47968,4.80470,1.48480,0.55760,3.30431
8.7540,4.9230,31.10000,16.46186,1.64357,4.86220,1.43710,0.64080,3.12853
8.7640,4.9330,30.30000,15.86311,1.83704,4.70780,1.42660,0.70240,2.66383
8.7740,4.9430,24.90000,12.93880,1.57140,3.85630,1.20118,0.61840,2.09221
8.7840,4.9530,21.00000,10.78013,1.31738,3.24320,1.05058,0.50850,1.91300
8.7940,4.9630,17.80000,9.12541,1.05040,2.73490,0.91664,0.39510,1.72137
8.8040,4.9730,23.80000,12.40837,1.32774,3.72910,1.22951,0.48060,2.20122
8.8140,4.9830,35.70000,19.05911,1.97770,5.57150,1.81530,0.72780,2.88086
8.8240,4.9930,44.60000,24.15812,2.39200,6.68620,2.34040,0.90220,3.39447
8.8340,5.0030,55.00000,29.16500,3.14700,8.45780,2.68330,1.15740,4.50874
8.8440,5.0130,39.50000,20.50731,2.54210,5.69860,1.81370,0.94770,3.77797
8.8540,5.0230,20.80000,10.62453,1.39020,3.09880,1.06040,0.42700,2.02922
8.8640,5.0330,37.00000,20.14202,1.83780,5.82140,1.63130,0.60060,3.39423
8.8740,5.0430,42.50000,23.17093,2.41020,6.26820,2.08940,0.73430,3.42012
8.8840,5.0530,51.30000,27.92754,3.03190,7.34450,2.59040,0.85610,4.18801
8.8940,5.0630,46.70000,25.06010,2.61360,6.82410,2.25080,0.71520,4.37049
8.9040,5.0730,32.20000,17.05112,1.77010,4.81650,1.50870,0.52200,3.23721
8.9140,5.0830,11.50000,6.11338,0.70176,1.68506,0.55910,0.21280,0.96633
8.9240,5.0930,16.60000,9.04089,0.81829,2.48140,0.78720,0.25411,1.51042
8.9340,5.1030,23.60000,12.98623,1.05539,3.52350,1.08670,0.33550,2.30450
8.9440,5.1130,32.20000,17.67126,1.43300,4.78540,1.46820,0.43880,3.26463
8.9540,5.1230,38.40000,21.00411,1.74500,5.71520,1.75980,0.51770,3.99898
8.9640,5.1330,39.30000,21.18309,1.91130,5.93980,1.85380,0.54360,4.07826
8.9740,5.1430,44.50000,22.98223,2.75430,6.82230,1.98920,0.71830,4.67530
8.9840,5.1530,51.90000,26.30216,3.60310,8.05340,2.29110,0.90130,5.37289
8.9940,5.1630,41.90000,21.28314,2.78590,6.53390,1.84010,0.75550,4.39208
9.0040,5.1730,37.60000,19.21859,2.51400,5.86050,1.67470,0.73220,3.64549
9.0140,5.1830,32.90000,17.01076,2.16720,5.15040,1.48470,0.64790,3.00497
9.0240,5.1930,26.90000,14.18121,1.68570,4.15120,1.21110,0.51270,2.34624
9.0340,5.2030,27.70000,15.12222,1.40330,4.11800,1.17280,0.48220,2.41760
9.0440,5.2130,30.40000,16.44509,1.55890,4.61520,1.30760,0.56790,2.66091
9.0540,5.2230,48.70000,26.43830,2.72460,7.31560,2.25770,0.93190,3.86681
9.0640,5.2330,54.40000,29.25643,2.52600,8.20500,2.33210,0.80690,5.54601
9.0740,5.2430,45.20000,23.78357,2.54860,6.79570,1.69700,0.71870,4.57787
9.0840,5.2530,31.40000,16.67109,1.56406,4.76430,1.14750,0.45850,3.46114
9.0940,5.2630,23.30000,12.83332,1.15530,3.41870,0.91770,0.33560,2.02282
9.1040,5.2730,22.70000,12.58512,1.18423,3.22680,0.93120,0.33970,1.87329
9.1140,5.2830,31.30000,17.38581,1.65660,4.28370,1.31090,0.45330,2.72139
9.1240,5.2930,55.40000,29.46823,3.21260,7.72810,2.30580,0.92390,5.22710
9.1340,5.3030,31.10000,16.94475,1.49650,4.48410,1.37650,0.39800,2.96710
9.1440,5.3130,26.90000,14.96799,1.14130,3.87320,1.30110,0.32010,2.37703
9.1540,5.3230,21.90000,12.31581,0.86820,3.25740,1.01450,0.25980,1.89932
9.1640,5.3330,19.80000,11.12016,0.81431,3.05490,0.80390,0.24687,1.65776
9.1740,5.3430,21.00000,12.00662,0.81440,3.39220,0.77790,0.24520,1.61430
9.1840,5.3530,35.60000,20.64134,1.07880,5.92470,1.32020,0.35680,2.67749
9.1940,5.3630,31.90000,18.75576,0.97080,4.83060,1.18530,0.28820,2.49729
9.2040,5.3730,42.10000,24.68608,1.43390,6.11740,1.64900,0.41400,3.29868
9.2140,5.3830,47.30000,27.77417,1.64540,6.68290,1.86250,0.47600,3.69377
9.2240,5.3930,36.00000,21.10772,1.34240,5.15300,1.41030,0.37870,2.69693
9.2340,5.4030,37.10000,21.64097,1.43750,5.37860,1.57240,0.40370,2.67556
9.2440,5.4130,40.40000,23.08920,1.50035,6.04710,1.62380,0.46740,3.38624
9.2540,5.4230,24.20000,13.68387,0.80025,3.62970,0.79180,0.27233,2.50140
9.2640,5.4330,27.00000,15.24922,0.97280,4.00540,0.91360,0.32490,2.68534
9.2740,5.4430,28.00000,15.87235,1.05080,4.13890,0.97600,0.34660,2.62476
9.2840,5.4530,28.90000,16.45254,1.11810,4.24740,1.05010,0.36820,2.54863
9.2940,5.4630,29.90000,17.05830,1.17840,4.37130,1.15690,0.38840,2.49089
9.3040,5.4730,28.30000,16.15519,1.13160,4.14030,1.11340,0.35880,2.29335
9.3140,5.4830,27.40000,14.95204,1.62290,3.91350,1.24120,0.43780,2.03862
9.3240,5.4930,33.70000,18.68309,1.85830,4.81060,1.46060,0.53000,2.35617
9.3340,5.5030,40.00000,22.50992,1.94760,5.62370,1.68200,0.60470,2.94044
9.3440,5.5130,39.30000,22.46763,1.66460,5.46330,1.60430,0.52450,2.91517
9.3540,5.5230,27.60000,16.09508,1.12000,3.66380,1.05720,0.35200,1.85096
9.3640,5.5330,22.20000,13.15451,0.84023,2.82620,0.80940,0.27170,1.36979
9.3740,5.5430,18.10000,10.87763,0.61395,2.28260,0.62002,0.21470,1.12233
9.3840,5.5530,16.30000,9.66377,0.57809,2.06200,0.53999,0.20740,1.06052
9.3940,5.5630,28.10000,15.99048,0.96139,3.76360,0.84150,0.38640,2.42785
9.4040,5.5730,40.80000,23.35624,1.26810,5.58820,1.35440,0.49660,3.52713
9.4140,5.5830,50.10000,29.05533,1.45690,6.82580,1.68190,0.57330,4.26705
9.4240,5.5930,39.10000,22.41913,1.23860,5.39140,1.11880,0.45210,3.55403
9.4340,5.6030,18.00000,10.32737,0.49957,2.59340,0.51410,0.19230,1.64119
9.4440,5.6130,18.40000,10.69434,0.46756,2.63920,0.53920,0.17640,1.55776
9.4540,5.6230,36.20000,21.26618,0.81120,4.95670,1.12750,0.36430,2.94004
9.4640,5.6330,53.10000,31.46658,1.26450,7.04620,1.75550,0.55630,3.95436
9.4740,5.6430,58.20000,34.77633,1.38800,7.55590,1.96620,0.58110,3.99562
9.4840,5.6530,24.60000,14.54326,0.67520,3.35780,0.79760,0.27210,1.69272
9.4940,5.6630,15.60000,9.05551,0.43270,2.06830,0.55938,0.19680,1.26237
9.5040,5.6730,41.40000,24.46769,1.30250,5.45170,1.40412,0.47450,2.66516
9.5140,5.6830,41.00000,24.31040,1.19760,5.36410,1.38220,0.49090,2.82584
9.5240,5.6930,35.40000,20.96535,0.99790,4.55930,1.19430,0.43770,2.64776
9.5340,5.7030,36.40000,21.63742,1.00470,4.58800,1.23310,0.46740,2.77583
9.5440,5.7130,42.10000,25.27607,1.10850,5.21920,1.43920,0.51740,3.13091
9.5540,5.7230,39.70000,23.62226,1.01870,4.98860,1.32870,0.44240,3.25744
9.5640,5.7330,44.60000,26.37402,1.13870,5.65310,1.47230,0.46910,3.85137
9.5740,5.7430,40.80000,24.61376,0.97620,5.12570,1.32880,0.41120,3.13355
9.5840,5.7530,36.90000,22.36604,0.93820,4.60990,1.21430,0.36000,2.56058
9.5940,5.7630,36.00000,21.64539,0.93150,4.58650,1.21830,0.35240,2.53065
9.6040,5.7730,36.70000,21.98740,0.93950,4.72570,1.25690,0.36150,2.56183
9.6140,5.7830,58.40000,35.41344,1.36850,7.39220,2.26250,0.63770,3.81203
9.6240,5.7930,31.30000,19.15386,0.66680,3.78950,1.14040,0.30080,2.10236
9.6340,5.8030,28.60000,17.49229,0.59360,3.41560,1.02880,0.27610,1.91413
9.6440,5.8130,27.10000,16.64373,0.54065,3.17400,0.95530,0.26000,1.77004
9.6540,5.8230,26.60000,16.40407,0.50811,3.08720,0.90340,0.24930,1.69874
9.6640,5.8330,27.40000,16.89464,0.50480,3.17930,0.88610,0.25270,1.73183
9.6740,5.8430,28.70000,17.63695,0.52600,3.36820,0.87200,0.25190,1.83894
9.6840,5.8530,31.30000,19.03168,0.83679,3.78620,0.87420,0.26900,1.96853
9.6940,5.8630,24.10000,14.66635,0.53417,2.84260,0.67687,0.19520,1.63670
9.7040,5.8730,21.10000,12.89307,0.41657,2.42030,0.61495,0.16885,1.40768
9.7140,5.8830,29.00000,17.67818,0.50281,3.24900,0.92340,0.27680,2.14496
9.7240,5.8930,38.90000,23.45621,0.67440,4.49590,1.28470,0.36360,2.96867
9.7340,5.9030,38.50000,23.07028,0.80580,4.57250,1.28520,0.40150,2.79605
9.7440,5.9130,32.10000,19.38334,0.68220,3.70490,1.07880,0.32860,2.17146
9.7540,5.9230,26.50000,16.14466,0.58328,2.99250,0.89200,0.27250,1.59138
9.7640,5.9330,33.90000,20.58831,0.88350,4.03090,1.09570,0.32650,1.88634
9.7740,5.9430,73.20000,43.47770,2.46350,8.93410,2.27670,0.81670,4.13115
9.7840,5.9530,42.40000,25.59717,1.21190,5.12550,1.36810,0.42090,2.42237
9.7940,5.9630,45.20000,27.40578,1.11540,5.35610,1.48480,0.45550,2.69511
9.8040,5.9730,48.20000,29.12981,1.08590,5.72560,1.57240,0.48720,3.11170
9.8140,5.9830,46.00000,27.93661,1.04260,5.38870,1.51900,0.48430,2.78809
9.8240,5.9930,45.20000,27.42825,1.01260,5.29150,1.49650,0.48640,2.77453
9.8340,6.0030,36.50000,22.19942,0.77500,4.25660,1.23940,0.37090,2.19128
9.8440,6.0130,30.00000,18.50620,0.53710,3.42830,0.98530,0.26350,1.79134
9.8540,6.0230,46.00000,28.26384,0.85250,5.24690,1.61450,0.40880,2.70077
9.8640,6.0330,39.60000,24.42128,0.71560,4.40310,1.36850,0.33510,2.25254
9.8740,6.0430,39.30000,24.42225,0.69930,4.21490,1.32940,0.32180,2.15195
9.8840,6.0530,33.70000,20.90762,0.61310,3.64640,1.11970,0.27680,1.92944
9.8940,6.0630,30.50000,18.90436,0.56580,3.31830,0.99210,0.25240,1.81883
9.9040,6.0730,38.90000,24.11388,0.80730,4.11290,1.28470,0.35710,2.23583
9.9140,6.0830,41.90000,25.75847,0.82500,4.49590,1.36210,0.38370,2.53189
9.9240,6.0930,41.40000,25.22958,0.77860,4.51810,1.28920,0.36250,2.69570
9.9340,6.1030,35.40000,21.58667,0.69420,3.80550,1.12280,0.30580,2.11629
9.9440,6.1130,33.50000,20.28169,0.66670,3.62010,1.08990,0.26660,1.96600
9.9540,6.1230,34.40000,20.77131,0.67700,3.70930,1.11770,0.25990,2.00216
9.9640,6.1330,36.10000,21.80654,0.73090,3.87670,1.12690,0.29020,2.08969
9.9740,6.1430,46.70000,27.94545,0.94910,5.38480,1.36090,0.37870,2.77868
9.9840,6.1530,43.10000,25.71374,0.86430,4.88920,1.22190,0.34170,2.63394
9.9940,6.1630,32.40000,19.46825,0.73890,3.68640,0.90120,0.28750,1.71071
10.0040,6.1730,30.70000,18.58735,0.68130,3.46060,0.84840,0.26240,1.52011
10.0140,6.1830,31.10000,18.95928,0.65260,3.56800,0.90630,0.24150,1.53003
10.0240,6.1930,41.20000,24.88985,0.88950,4.81650,1.19250,0.31400,2.30458
10.0340,6.2030,35.90000,21.82136,0.75310,4.07970,1.05280,0.27630,1.91862
10.0440,6.2130,34.00000,20.89249,0.68742,3.70470,1.01120,0.25940,1.69458
10.0540,6.2230,36.40000,22.59985,0.69232,3.79970,1.08910,0.27020,1.71269
10.0640,6.2330,40.70000,25.28538,0.77930,4.13920,1.26460,0.30310,1.79462
10.0740,6.2430,30.40000,18.75655,0.56506,3.17440,0.93354,0.22010,1.44606
10.0840,6.2530,30.00000,18.43927,0.56900,3.10670,0.91503,0.23040,1.42571
10.0940,6.2630,31.10000,19.01355,0.58945,3.24820,0.94281,0.25960,1.44932
10.1040,6.2730,34.20000,20.84718,0.64804,3.59810,1.02780,0.31270,1.56411
10.1140,6.2830,39.90000,24.08150,0.73905,4.13190,1.16160,0.39610,1.85266
10.1240,6.2930,34.50000,21.01682,0.63994,3.50320,0.99290,0.34260,1.62783
10.1340,6.3030,47.80000,29.35174,0.87980,4.88110,1.32850,0.47770,2.62358
10.1440,6.3130,31.70000,19.47754,0.57896,3.34660,0.91030,0.26860,1.56482
10.1540,6.3230,35.80000,21.87251,0.69472,3.94430,1.00940,0.30440,1.88186
10.1640,6.3330,36.00000,21.89593,0.72555,4.04790,1.01090,0.28580,1.88587
10.1740,6.3430,30.10000,18.45016,0.54853,3.22540,0.86840,0.23670,1.54189
10.1840,6.3530,38.20000,23.43133,0.64631,4.07560,1.11660,0.30020,1.97439
10.1940,6.3630,45.90000,28.20567,0.74000,4.74810,1.36010,0.34880,2.47046
10.2040,6.3730,37.20000,22.65647,0.64476,3.83580,1.08260,0.32740,2.01037
10.2140,6.3830,35.60000,21.57714,0.65549,3.67850,1.05140,0.32290,1.97582
10.2240,6.3930,32.30000,19.50117,0.63401,3.35190,0.94150,0.28770,1.74050
10.2340,6.4030,28.00000,16.91595,0.55695,2.88870,0.81030,0.24430,1.48716
10.2440,6.4130,26.80000,16.14100,0.54591,2.79550,0.77510,0.21990,1.41140
10.2540,6.4230,24.70000,14.90007,0.50109,2.47550,0.72447,0.21380,1.25664
10.2640,6.4330,21.20000,12.83629,0.40631,2.08600,0.62263,0.17880,1.04736
10.2740,6.4430,18.40000,11.14201,0.33289,1.77520,0.53338,0.15010,0.88252
10.2840,6.4530,15.90000,9.67994,0.27349,1.52238,0.45415,0.12527,0.74674
10.2940,6.4630,14.20000,8.68063,0.22957,1.36479,0.40340,0.10289,0.65810
10.3040,6.4730,10.80000,6.63568,0.16901,1.01769,0.29236,0.07831,0.48065
10.3140,6.4830,9.55000,5.90573,0.14609,0.89836,0.26010,0.06772,0.41401
10.3240,6.4930,8.67000,5.38977,0.12574,0.80861,0.23204,0.06093,0.36973
10.3340,6.5030,7.14000,4.46222,0.09927,0.66067,0.19126,0.05007,0.29336
10.3440,6.5130,5.60000,3.51457,0.07470,0.51570,0.15148,0.03991,0.22197
10.3540,6.5230,4.19000,2.63463,0.05525,0.38773,0.11696,0.03218,0.15986
10.3640,6.5330,3.38000,2.13933,0.04516,0.31134,0.09659,0.02797,0.11887
10.3740,6.5430,2.78000,1.77205,0.03787,0.25271,0.08039,0.02430,0.08712
10.3840,6.5530,2.14000,1.37276,0.02972,0.19195,0.06270,0.01970,0.05888
10.3940,6.5630,1.46000,0.94423,0.02068,0.12932,0.04335,0.01412,0.03451
10.4040,6.5730,0.74000,0.48246,0.01071,0.06480,0.02230,0.00752,0.01464
